transaction_amount,transaction_hour,account_age_days,new_device,location_mismatch,failed_attempts,transactions_last_10min,transactions_last_24h,previous_avg_amount,international_transaction,is_fraud
12592.91,5,187,1,1,5,3,8,1711.1,1,1
1663.58,8,779,0,0,2,0,3,2274.85,0,0
2378.29,17,796,0,0,0,2,5,1370.37,0,0
2140.06,22,450,0,0,0,0,6,2464.14,0,0
6269.71,1,150,1,1,3,5,10,2279.15,0,1
8987.01,1,178,1,1,5,2,5,1747.02,1,1
9706.12,14,110,1,1,5,3,4,2133.83,1,1
1660.34,11,777,0,0,2,1,4,1366.66,0,0
15881.39,0,17,1,1,1,2,8,1822.35,1,1
1861.27,16,139,0,0,1,0,2,1521.13,0,0
1179.28,15,583,0,0,0,1,2,1334.54,0,0
2393.41,8,288,0,0,0,0,4,1479.32,0,0
13580.17,14,74,1,0,5,2,10,1483.34,1,1
5173.5,2,199,1,1,2,4,8,1808.77,1,1
3297.71,1,49,1,1,4,3,4,1385.26,0,1
1621.1,18,712,0,0,0,0,2,1098.93,0,0
12955.64,0,16,0,1,5,3,3,1383.71,1,1
8187.95,19,185,1,0,5,4,11,2191.0,1,1
2038.06,15,222,0,0,0,0,3,1031.24,0,0
1383.96,10,1047,0,1,0,1,5,1928.68,0,0
3203.6,15,606,0,0,2,2,0,1092.76,0,0
1090.4,22,1222,0,0,0,0,4,3029.05,0,0
15531.21,2,33,1,1,4,2,8,1332.54,1,1
4864.13,6,155,1,1,5,1,13,2983.48,0,1
3717.12,12,599,0,1,1,1,5,2240.85,0,0
20677.84,3,189,0,1,3,2,7,1943.33,1,1
4825.28,4,241,1,1,2,2,6,1984.15,1,1
3054.75,4,239,1,1,2,4,8,1029.0,1,1
4479.76,5,248,1,1,2,4,9,1216.91,1,1
1647.31,19,147,0,0,0,0,4,1676.85,0,0
3479.01,16,471,0,0,1,1,5,1601.92,0,0
5699.76,0,96,1,1,5,1,8,1566.41,1,1
2630.43,18,130,1,1,2,2,3,1647.92,1,1
7945.93,23,223,1,1,3,2,6,1645.41,0,1
2946.52,0,18,1,1,3,2,11,1517.24,0,1
7778.58,4,6,1,0,4,1,10,1233.4,1,1
9751.86,18,72,1,1,4,5,8,1262.66,1,1
5560.8,14,139,0,0,0,0,8,1738.51,1,0
8089.08,7,214,1,1,4,0,13,1540.86,1,1
7374.93,4,72,1,1,5,7,3,1576.82,0,1
2974.95,2,95,0,1,1,3,4,1478.95,1,1
13380.78,7,224,0,1,4,1,10,1617.96,1,1
2134.2,12,1147,0,0,0,1,1,2111.87,1,0
1472.08,21,1240,1,1,0,0,1,2132.82,0,0
7370.79,2,154,1,1,3,5,8,2372.89,1,1
9257.36,9,59,1,1,5,2,8,1541.18,0,1
15596.21,3,159,0,1,3,0,11,1113.19,1,1
2329.27,18,888,0,0,0,1,0,1739.97,0,0
6434.92,4,110,1,1,1,3,12,1963.84,1,1
3083.43,10,966,0,0,0,0,5,1143.89,0,0
8556.47,13,230,0,0,1,5,10,1269.6,1,1
4553.91,4,3,1,1,5,2,5,1944.86,1,1
6620.1,5,134,1,1,5,2,12,1250.77,0,1
16709.8,19,100,1,1,5,4,7,2158.03,1,1
2670.78,15,1202,0,0,0,0,0,901.28,0,0
10703.08,1,229,1,0,4,3,5,2038.5,1,1
2106.79,8,98,0,0,2,1,2,1622.03,0,0
9817.26,3,116,1,1,2,5,6,2442.59,1,1
4466.28,9,76,1,1,5,6,16,1272.48,1,1
4496.49,4,248,1,1,4,1,7,1645.06,0,1
2938.76,8,947,0,0,0,0,3,2687.96,0,0
3918.03,2,184,1,1,3,1,5,1485.62,1,1
4590.32,18,214,1,1,5,1,9,2930.12,1,1
3245.18,2,181,1,1,5,4,8,3144.71,1,1
775.76,11,204,0,0,0,0,3,4016.9,0,0
7199.65,4,146,0,1,2,4,6,2057.96,1,1
1335.26,9,718,0,0,0,0,4,2136.0,0,0
862.23,14,955,0,0,0,0,3,1591.82,0,0
2259.29,3,73,1,1,3,6,8,2221.16,1,1
3517.56,15,44,1,0,2,5,9,2356.01,1,1
2033.38,9,1254,0,0,0,0,6,1216.11,0,0
2513.49,16,1417,1,0,0,0,2,2009.57,0,0
1486.26,22,1036,0,0,1,0,2,1583.47,0,0
8833.43,3,144,1,1,2,2,9,2504.52,1,1
6658.11,5,173,1,1,3,1,10,1509.48,1,1
6238.67,2,206,1,1,3,1,7,1415.41,1,1
3975.94,5,41,1,1,5,1,4,1574.69,1,1
2848.4,20,1494,0,0,0,0,3,1601.61,0,0
1251.36,10,710,0,0,0,2,4,1575.42,0,0
2323.56,16,410,0,0,0,0,3,1590.74,0,0
5622.19,4,230,1,1,5,4,6,1226.1,1,1
1682.47,13,877,1,0,0,1,3,1187.76,0,0
10854.03,20,206,1,1,5,4,9,2094.05,0,1
14589.06,7,37,1,1,4,2,8,2519.85,1,1
5679.0,21,226,0,1,3,2,12,2282.89,1,1
3485.09,3,28,1,1,3,1,7,1566.99,1,1
2437.32,16,184,0,0,1,1,1,3322.33,0,0
2682.36,13,226,0,0,0,0,2,1673.37,0,0
1869.91,11,1061,1,1,0,1,2,980.13,0,0
6952.55,3,136,1,1,3,4,3,3039.08,0,1
1152.46,22,471,0,0,2,0,3,1876.69,0,0
2919.0,19,5,1,1,5,1,3,2168.31,1,1
5646.81,5,110,0,0,4,3,8,2411.24,1,1
633.74,8,536,0,0,0,0,1,1523.94,0,0
2350.82,0,248,0,1,4,5,10,1999.24,1,1
4015.24,5,246,1,0,4,7,9,2546.15,1,1
5383.99,4,26,0,1,1,2,6,2105.78,1,1
13895.31,0,228,1,1,5,1,7,1814.02,1,1
4738.42,3,139,1,1,2,5,13,1928.05,1,1
1835.26,14,789,0,0,0,1,5,1804.35,0,0
6536.17,0,81,1,1,3,4,7,1607.84,1,1
1622.69,19,858,0,0,0,1,0,1703.08,0,0
1969.7,17,430,0,0,0,2,1,1674.79,0,0
3633.07,5,33,1,1,3,4,10,1790.16,1,1
2013.71,21,1454,0,0,0,1,4,3965.18,0,0
2504.49,13,451,0,0,0,1,1,2680.88,0,0
7116.91,9,67,0,0,5,2,9,1348.77,0,1
2249.49,2,156,1,1,5,2,11,1607.08,1,1
8118.61,1,235,1,1,3,5,14,2965.53,0,1
2430.21,17,151,0,0,0,0,2,2840.65,0,0
14626.5,0,102,1,1,5,4,7,2052.08,1,1
1864.18,12,1042,0,0,0,0,5,1759.75,0,0
1480.52,17,1288,0,0,0,1,2,1746.47,0,0
5573.31,17,1,1,1,4,2,10,1080.35,1,1
4570.06,1,21,1,0,5,5,5,1176.14,1,1
4501.65,5,65,0,1,2,2,12,2302.33,0,1
2118.51,12,426,0,0,0,3,1,2818.06,0,0
11149.9,4,139,1,1,5,2,13,1379.22,1,1
2027.0,11,514,0,0,0,0,6,2171.25,0,0
1749.41,22,335,0,1,0,0,8,2708.7,0,0
6403.44,18,131,0,0,0,0,4,1782.81,0,0
1114.6,14,68,0,0,0,0,0,2078.31,0,0
2719.91,19,459,0,0,0,2,3,2067.67,0,0
2656.58,18,1282,0,0,1,0,3,2351.76,0,0
2353.75,13,1349,0,0,0,2,4,1969.31,0,0
3210.81,11,799,0,0,1,1,1,1256.79,0,0
1258.33,8,1383,0,0,0,1,5,1833.45,0,0
3396.96,11,504,0,0,0,0,3,933.87,0,0
9515.36,5,227,0,1,1,2,8,1564.26,0,1
5524.15,0,179,0,1,4,5,5,1230.58,0,1
1600.12,9,1320,0,0,0,0,3,1790.03,0,0
6193.13,18,53,0,1,5,3,13,2521.8,1,1
1230.99,15,189,0,0,0,3,6,2769.21,0,0
4257.91,2,77,1,1,3,2,7,2546.1,1,1
3509.66,1,179,1,1,4,3,6,1915.68,1,1
3920.25,20,94,0,0,0,0,5,2333.28,0,0
2180.07,11,1137,0,0,0,0,5,3134.65,0,0
7933.4,14,61,1,1,4,3,13,2426.25,1,1
10364.58,6,114,1,1,2,1,8,888.24,1,1
6760.69,1,60,1,0,4,2,9,1825.78,1,1
5545.95,4,74,1,0,3,4,6,2269.89,1,1
6364.42,22,120,1,1,4,2,4,1375.89,1,1
3480.03,22,676,1,0,0,0,4,2218.15,0,0
1190.22,20,199,0,0,0,1,5,1714.21,0,0
1185.1,10,650,0,0,1,0,4,3322.69,0,0
9058.97,5,2,1,1,5,2,9,1134.31,1,1
20645.43,3,215,1,1,5,4,7,2059.48,1,1
8113.33,12,84,1,1,4,5,6,1077.75,1,1
1065.34,19,736,0,0,1,1,2,1339.25,0,0
1832.06,22,586,0,0,0,0,4,2747.94,0,0
2002.83,8,1494,1,0,0,1,4,1164.84,0,0
2037.17,17,1479,0,0,0,0,3,1515.87,0,0
1985.27,21,536,0,0,0,0,2,1464.16,0,0
14003.76,0,112,1,1,4,4,11,2417.13,1,1
2288.48,9,42,0,1,4,1,16,1571.1,1,1
1940.4,14,1453,0,1,0,0,3,4133.18,1,0
4700.07,9,72,0,0,0,0,1,2991.02,0,0
8366.39,5,168,1,1,3,5,14,3195.92,1,1
1318.8,20,995,1,0,0,0,0,1819.96,0,0
2495.02,11,1453,0,0,0,2,5,1355.5,1,0
6245.44,13,187,1,1,4,0,9,1580.25,0,1
2534.05,21,512,0,0,0,0,4,1596.89,0,0
2826.74,11,210,1,1,2,4,11,1090.77,1,1
2421.87,15,329,0,0,0,1,7,1705.09,0,0
1651.24,19,1424,0,0,1,0,2,3037.1,0,0
4231.5,10,357,0,0,1,0,1,1994.98,0,0
8734.17,4,126,1,0,3,3,7,2457.06,1,1
2140.04,12,996,0,1,0,1,5,1974.39,0,0
5755.93,12,1240,0,0,0,0,5,2074.1,0,0
4249.64,8,911,1,0,0,0,3,908.18,0,0
1484.76,18,1193,0,0,0,2,0,925.25,0,0
5188.58,3,35,1,1,5,1,12,1892.97,1,1
7550.81,22,248,1,1,3,2,5,2613.93,1,1
1649.54,15,992,0,0,0,0,3,4309.24,0,0
1252.4,14,1062,1,0,0,1,2,1812.02,0,0
705.98,18,761,0,0,0,0,6,1238.78,0,0
7425.24,5,225,0,1,2,3,8,1886.92,0,1
5419.86,5,34,1,1,4,0,1,3343.43,1,1
8351.17,16,151,1,1,4,1,5,1218.37,1,1
1514.19,21,1376,0,1,0,0,4,1972.46,0,0
6234.49,1,30,1,1,1,3,11,2606.68,1,1
1548.29,16,256,0,0,0,0,2,1964.66,0,0
6815.57,2,43,0,1,4,2,6,1131.51,1,1
3184.16,2,133,0,1,3,4,7,1497.19,1,1
15360.49,4,230,1,1,4,3,10,3382.88,1,1
1521.36,21,1258,0,0,0,0,3,2357.44,0,0
3879.3,10,223,1,1,5,3,14,4547.33,1,1
2154.38,20,1329,0,0,0,3,4,1923.4,0,0
3835.45,9,979,1,0,0,0,0,2571.37,0,0
4421.17,3,122,0,0,5,2,8,2641.02,0,1
2045.72,10,1359,0,0,0,0,1,3334.57,1,0
2002.76,14,1278,0,0,0,0,4,2035.61,0,0
1632.64,9,423,0,0,1,2,1,2321.79,0,0
6251.49,3,143,1,1,4,3,3,586.54,1,1
1263.13,10,1211,0,0,0,1,4,1443.96,0,0
11078.65,5,92,1,1,5,2,6,1881.29,1,1
2960.12,18,629,0,0,0,0,3,1903.65,0,0
2011.03,20,1251,0,0,0,2,5,1858.69,0,0
1826.69,22,1102,0,0,0,0,4,2435.64,0,0
9049.24,21,164,1,1,4,2,4,1641.97,0,1
9759.3,4,95,1,1,5,1,6,2758.54,1,1
2286.46,15,1367,0,0,0,0,3,1741.99,0,0
6628.26,4,206,1,1,1,3,8,736.35,0,1
1494.44,17,1445,0,0,0,0,0,1773.21,0,0
6128.87,5,154,0,0,4,0,10,3405.15,0,1
2535.15,11,138,0,0,0,0,3,1694.66,0,0
2290.39,4,246,1,1,2,1,5,1492.94,0,1
2041.9,10,1487,0,0,0,1,3,1861.17,0,0
4011.4,4,88,1,1,2,3,11,1929.16,0,1
1759.19,12,1080,0,0,0,0,1,1911.29,1,0
1609.48,15,117,0,0,0,0,3,1587.51,0,0
9209.88,3,151,0,1,4,5,5,3132.86,1,1
6369.65,12,121,1,1,4,5,3,1710.06,0,1
1287.79,15,154,0,0,0,0,3,1505.22,0,0
2774.81,8,516,0,0,0,1,4,1925.49,0,0
14218.43,5,6,1,0,3,4,11,1557.59,1,1
3450.8,20,981,0,0,0,0,4,2113.09,0,0
643.24,15,949,0,1,0,0,5,2276.32,0,0
3884.75,18,1080,0,0,0,1,1,2741.0,0,0
12511.66,5,90,1,1,3,6,12,1193.88,0,1
2130.9,11,1470,0,1,1,0,7,1309.9,0,0
13650.27,13,235,0,1,5,3,5,1059.71,1,1
2895.34,2,136,1,0,2,4,9,2029.85,1,1
6620.67,17,103,1,1,4,2,13,1494.16,1,1
1607.59,12,1257,0,0,0,0,0,2716.6,0,0
774.95,12,870,0,0,0,1,2,1204.97,0,0
1330.99,14,936,0,0,0,0,1,1705.26,1,0
6349.31,1,204,1,1,3,0,7,1892.4,1,1
6413.53,0,65,1,0,5,5,4,1463.8,0,1
6448.87,20,458,0,0,0,0,5,2590.86,0,0
4275.65,5,43,1,0,5,9,6,1540.66,0,1
2526.01,11,449,0,1,0,1,2,1855.77,0,0
4562.17,18,1225,0,0,1,0,4,1915.12,0,0
3387.0,11,792,0,0,1,0,1,2595.08,0,0
782.31,22,806,0,0,0,0,0,1492.53,0,0
3023.42,10,1061,0,0,0,2,1,3291.28,0,0
4942.43,3,92,1,1,3,4,4,1619.77,1,1
2425.0,11,1412,0,0,0,0,4,2141.72,0,0
4556.14,22,204,0,0,0,1,1,2043.08,0,0
6771.8,3,17,0,1,3,2,9,1939.45,1,1
8988.56,23,103,1,1,4,1,7,2301.74,1,1
2987.66,8,490,0,0,0,1,1,1902.91,0,0
2992.13,12,497,0,1,1,0,2,3308.35,0,0
2702.24,15,566,0,0,0,2,5,1288.32,0,0
4552.39,6,107,1,1,5,4,6,2544.59,1,1
4021.3,4,229,1,1,3,3,9,1386.67,1,1
5855.49,22,5,0,1,3,3,7,2311.28,1,1
1034.16,13,169,0,0,0,0,6,1285.57,0,0
2673.72,5,91,1,1,4,2,6,3629.82,1,1
5986.79,21,84,0,1,5,4,8,3787.39,1,1
3288.97,3,122,1,1,2,3,6,2107.16,1,1
3748.11,2,54,1,1,5,0,7,1943.46,1,1
2111.0,11,374,0,0,0,0,4,2463.4,0,0
3213.76,8,937,0,0,0,0,3,1084.92,0,0
4514.73,2,182,1,0,5,3,9,2756.01,0,1
2158.34,7,122,1,1,3,1,12,1341.17,1,1
2245.46,15,600,0,0,0,1,3,944.87,0,0
16340.48,11,45,0,1,2,4,8,991.7,1,1
8051.21,10,17,0,1,4,1,10,2309.17,1,1
1341.58,19,77,0,0,2,0,1,1589.93,0,0
6890.24,0,248,1,1,2,7,9,1569.53,0,1
13028.92,2,185,0,1,3,3,4,1880.17,0,1
5436.51,0,182,1,1,3,2,8,1544.29,1,1
2528.57,16,113,0,0,0,0,2,2283.92,0,0
9730.76,1,248,1,1,4,1,6,1196.66,1,1
1441.3,21,1030,0,0,0,0,3,1175.68,0,0
3901.01,15,604,0,0,0,1,2,2387.19,0,0
16956.18,5,31,0,1,4,3,7,918.19,1,1
2187.78,12,714,0,0,0,0,1,1641.15,0,0
8018.96,4,189,1,0,5,2,7,2621.85,1,1
908.21,11,1096,0,0,0,0,1,1975.2,0,0
9028.51,4,3,0,0,3,3,9,2679.22,1,1
4758.71,9,1361,0,0,0,0,2,1372.94,0,0
6583.78,2,167,1,1,3,6,6,1004.77,1,1
13834.9,0,115,1,0,5,3,11,1513.45,1,1
1739.94,16,168,0,0,0,1,3,2300.36,0,0
3292.09,2,135,1,1,2,4,4,1765.0,1,1
4989.29,3,226,0,1,3,4,12,853.85,0,1
10394.24,3,184,0,1,4,5,6,1964.01,1,1
7335.77,4,49,1,0,2,1,5,2316.48,0,1
342.35,13,1257,1,0,0,0,7,2407.23,0,0
5802.16,0,21,1,1,3,1,8,1066.09,1,1
1609.16,17,915,0,1,1,0,2,1014.02,0,0
3905.26,0,242,1,0,5,2,10,2950.98,1,1
7578.01,5,233,1,1,4,4,9,1855.11,1,1
2670.22,1,124,0,1,2,5,7,3040.9,1,1
3493.12,1,192,1,1,4,2,11,2012.52,0,1
3302.21,21,446,1,0,0,0,2,3879.59,0,0
1740.69,4,214,1,0,3,3,14,1243.24,1,1
3102.53,20,637,0,0,0,0,4,1639.19,0,0
4278.66,8,176,1,1,5,4,5,1757.79,1,1
1471.46,13,142,0,0,0,0,2,2209.03,0,0
4006.9,9,93,0,1,5,4,9,1734.84,1,1
7882.24,3,43,1,1,2,4,7,3553.98,1,1
4669.38,0,190,1,0,3,5,5,3062.19,1,1
1310.23,12,275,1,0,0,1,2,1860.07,0,0
8951.4,19,183,1,0,5,0,9,2806.38,1,1
1214.7,12,914,0,0,0,2,4,1708.69,0,0
1177.07,18,219,0,0,0,0,3,1660.26,0,0
1976.5,14,1394,0,0,0,0,1,1191.63,0,0
20460.08,4,141,1,1,1,4,5,1416.1,1,1
3406.62,18,1462,0,0,0,1,6,1376.56,0,0
5815.4,1,113,1,0,5,3,11,1630.22,1,1
1698.35,12,858,0,1,1,1,2,1706.49,0,0
10493.73,4,200,1,1,1,3,12,3212.07,1,1
2293.84,2,241,1,1,4,2,10,1622.17,1,1
3925.17,4,45,0,1,4,3,6,2384.08,1,1
1217.9,16,731,0,0,0,0,6,1694.15,0,0
3129.57,3,67,1,1,3,1,5,3045.5,1,1
12560.99,9,186,0,0,5,2,7,1506.18,0,1
4434.96,2,74,1,1,5,1,11,1792.58,1,1
785.95,11,783,0,0,0,2,3,2003.61,0,0
7766.94,1,15,1,0,4,3,8,2082.59,1,1
1087.58,17,1440,1,0,1,1,2,1967.23,0,0
1506.36,13,731,0,0,1,0,2,1601.59,0,0
877.33,13,1270,0,0,0,0,1,2324.89,0,0
13760.25,17,34,1,1,5,3,10,2031.34,0,1
3892.02,0,4,1,1,3,8,8,3401.15,1,1
13373.44,22,183,1,1,3,2,8,2563.91,1,1
11190.29,23,137,1,1,1,5,10,1594.59,1,1
2906.27,20,1018,0,0,0,1,3,1098.32,0,0
2508.31,8,949,0,0,0,1,2,2394.79,0,0
2329.58,11,757,0,0,0,1,4,1501.72,0,0
2628.54,16,978,0,0,0,0,3,2776.59,0,0
7094.19,0,84,1,1,3,0,6,1569.03,0,1
7680.04,2,132,1,1,5,3,8,1651.89,1,1
929.25,9,76,0,0,0,0,2,3120.94,1,0
4052.07,2,37,1,0,5,5,7,1552.72,0,1
2675.32,21,1310,0,0,1,1,2,2112.51,0,0
3514.6,17,472,0,1,0,0,4,2282.51,0,0
1729.04,12,1305,0,0,0,0,3,2246.39,0,0
906.61,12,730,0,0,1,0,5,1685.1,0,0
4318.57,19,907,0,0,0,0,8,1258.48,0,0
1411.91,22,1216,0,0,1,1,0,2173.99,0,0
5328.53,7,76,1,1,5,4,4,3693.57,1,1
7295.67,15,17,1,1,5,5,15,2123.51,1,1
6143.58,2,185,1,0,3,4,13,1655.46,1,1
9725.5,5,190,1,1,3,4,10,1351.41,1,1
7696.33,0,218,1,0,4,3,10,1508.06,1,1
14117.76,20,30,1,1,2,3,8,1569.52,1,1
1682.71,22,1024,0,0,0,1,3,1330.99,0,0
4513.22,1,100,1,1,1,6,8,1109.92,1,1
1699.09,21,379,0,0,1,3,5,1548.21,0,0
1424.35,18,554,0,1,0,0,3,1182.93,0,0
3418.08,2,35,1,1,2,2,3,1487.38,1,1
1119.5,8,1477,0,0,1,0,2,2493.15,0,0
4218.73,5,106,1,1,5,9,11,1866.84,1,1
11898.81,1,27,1,1,5,5,7,2780.0,0,1
4174.44,21,96,0,1,1,1,4,1459.48,1,1
1339.63,8,770,0,0,0,0,1,1696.39,0,0
4231.73,14,963,0,0,2,0,3,1197.86,1,0
2342.69,21,193,0,0,0,0,4,1138.93,1,0
2805.32,10,213,0,0,0,0,4,3137.45,0,0
5006.29,10,186,1,1,5,2,4,1947.71,1,1
3386.48,4,99,1,1,3,2,8,995.97,1,1
7076.78,3,14,1,1,5,3,6,2209.29,1,1
7015.54,1,147,0,1,1,5,6,2527.02,1,1
1287.8,19,85,0,0,0,1,1,2596.33,0,0
639.95,11,405,0,0,0,0,3,2267.32,0,0
6504.7,17,61,1,1,4,2,7,2058.05,0,1
8203.73,5,124,0,1,3,4,6,1935.36,1,1
1716.62,19,764,0,0,0,1,4,1862.7,0,0
619.86,12,106,0,0,0,0,5,1593.45,0,0
9172.59,12,128,1,1,4,3,8,1158.75,1,1
1550.09,10,513,1,0,1,0,2,2960.47,0,0
11585.49,2,224,1,1,3,3,8,1962.86,1,1
6802.1,3,42,0,1,4,3,7,1196.01,0,1
7142.35,5,27,1,1,2,2,11,1076.1,1,1
3442.75,5,213,1,1,5,0,11,2156.61,1,1
11318.29,13,134,1,0,4,3,10,2360.74,1,1
3504.43,11,198,0,1,1,2,9,2000.93,0,1
4168.19,13,560,0,0,1,0,2,2418.03,0,0
1296.22,20,201,0,1,0,1,6,1403.03,0,0
1416.45,12,852,1,0,1,2,0,812.02,0,0
4697.01,11,608,0,0,0,1,2,4099.12,0,0
11017.95,4,108,0,1,5,5,9,2583.15,1,1
1515.28,20,583,1,0,0,0,7,1783.89,0,0
5245.28,1,48,1,1,5,2,9,1818.58,1,1
1386.05,17,926,0,0,1,1,4,1798.67,0,0
2385.93,1,168,1,1,5,4,11,1554.49,1,1
8541.04,12,48,1,0,4,5,2,1388.13,1,1
10715.34,0,67,1,1,2,1,13,2362.58,0,1
1624.38,21,276,0,0,0,0,4,2815.84,0,0
4192.86,17,820,0,0,1,1,5,1478.97,0,0
646.69,8,688,1,0,0,0,5,1706.82,0,0
1342.36,20,1137,0,0,0,0,4,1028.76,0,0
1863.1,4,30,1,0,3,6,5,2389.81,1,1
3206.36,13,160,0,0,1,0,1,3639.72,0,0
4244.74,0,41,1,1,4,4,8,1957.25,1,1
2539.68,21,997,0,0,2,2,2,2613.06,0,0
12555.9,2,84,1,1,3,5,9,1655.93,1,1
2483.04,14,62,0,0,0,0,0,1909.81,0,0
1423.03,20,1306,0,0,0,0,3,1644.97,0,0
8091.24,1,168,0,1,3,2,5,1469.11,1,1
14286.91,5,34,1,1,5,2,11,1025.64,1,1
7696.63,1,119,1,1,1,2,3,1564.5,0,1
13256.99,0,137,0,1,3,5,5,1690.64,1,1
5565.81,4,116,0,1,4,3,5,1398.16,1,1
3607.16,20,480,1,0,1,1,3,1289.54,0,0
2578.74,15,103,0,0,0,0,1,2242.83,1,0
1969.98,13,916,0,0,0,1,3,3835.67,0,0
2529.22,10,109,0,1,3,3,3,2145.98,1,1
4349.91,3,86,0,1,3,8,11,2477.21,0,1
4085.78,5,178,1,1,1,2,10,1139.89,0,1
1810.25,17,1423,0,0,0,1,1,1413.02,0,0
1375.18,10,905,0,0,0,1,1,1245.76,0,0
6321.37,1,52,1,1,4,5,10,2013.03,1,1
1683.51,21,371,0,0,0,0,5,1781.68,0,0
2661.64,12,682,0,0,0,0,5,1402.11,0,0
11575.32,16,55,1,1,5,4,9,1063.08,1,1
1178.06,18,1173,0,0,1,0,5,1067.71,0,0
10558.34,0,150,1,1,1,1,5,1984.84,0,1
2160.43,21,172,0,0,1,1,4,2988.36,0,0
2576.63,15,1327,0,0,1,1,4,2089.17,0,0
1215.69,11,815,0,0,1,0,3,2947.65,0,0
2314.72,12,545,0,0,0,0,1,1241.24,0,0
930.19,12,735,0,0,0,0,2,1095.93,0,0
2410.42,11,548,0,0,0,1,1,2012.24,0,0
1328.7,20,996,0,0,0,0,7,1792.84,0,0
9110.61,3,105,1,1,5,2,6,1803.6,1,1
5368.73,0,127,1,1,4,4,11,1966.72,0,1
3759.59,16,13,1,1,4,4,7,2460.98,1,1
2727.28,21,6,0,1,5,6,11,2567.83,0,1
1050.26,17,602,0,0,0,1,6,1066.9,1,0
7675.13,18,239,1,1,2,4,6,1946.03,1,1
2269.8,22,846,0,0,0,2,4,1679.1,0,0
7298.65,1,198,0,1,5,1,3,2042.95,0,1
2873.03,19,902,0,0,1,0,3,1827.9,0,0
7628.82,10,108,1,1,4,3,9,1198.39,1,1
1923.79,5,125,1,1,5,6,11,860.1,0,1
1232.76,17,645,0,0,1,2,2,1947.79,0,0
1702.86,16,1098,0,0,0,1,5,1930.38,0,0
2290.67,9,439,1,0,1,0,4,2531.61,0,0
4050.46,18,822,0,0,0,0,4,1603.6,0,0
3098.05,1,41,1,1,3,4,8,1130.85,1,1
2961.23,3,211,1,0,4,3,10,3803.8,0,1
1701.68,12,305,0,0,0,0,3,1119.35,0,0
3291.47,19,837,0,0,0,1,3,1009.92,0,0
4139.2,4,52,1,1,4,4,5,2056.01,1,1
2164.99,10,722,0,0,0,0,4,1279.81,0,0
2397.55,4,224,1,1,3,3,5,1776.59,1,1
1522.74,10,1110,0,0,0,0,4,2534.03,0,0
4620.78,1,128,1,1,4,5,5,1332.9,1,1
1191.4,21,518,0,0,0,2,4,2115.92,0,0
9525.34,0,53,1,1,3,1,10,1646.63,1,1
9739.39,5,34,1,1,5,2,8,2651.25,1,1
2195.79,19,1134,1,0,1,0,2,2620.12,0,0
2062.0,14,67,1,0,0,0,1,2232.08,0,0
1534.02,17,1123,0,0,0,1,3,2133.42,0,0
4993.67,0,138,0,1,3,1,10,707.81,1,1
3538.59,19,1186,0,1,0,2,4,1674.57,0,0
19883.86,4,118,1,0,3,5,8,1981.78,0,1
2792.58,20,1120,0,0,1,1,2,1217.62,0,0
2231.8,8,1377,0,0,2,0,4,1582.04,0,0
1655.43,20,287,0,0,0,0,3,1539.66,0,0
3596.79,11,94,1,0,5,1,8,1511.87,1,1
8603.25,4,86,1,1,2,5,6,2239.08,1,1
2439.86,18,746,0,0,0,0,1,2467.08,0,0
4593.51,0,127,1,1,1,0,8,1240.95,1,1
2884.14,14,205,0,0,0,0,4,2423.74,0,0
3447.3,4,121,0,1,2,5,5,1224.66,1,1
4235.61,0,5,1,0,3,3,10,1557.36,0,1
5649.78,22,179,0,1,2,3,10,2009.98,0,1
7356.68,2,97,0,1,4,3,8,2211.61,0,1
3868.06,17,132,1,1,5,1,4,1262.02,1,1
7541.01,5,23,1,1,5,1,7,1504.35,1,1
1380.65,22,220,0,0,1,0,5,2073.31,0,0
6883.67,21,88,0,1,2,3,13,2143.37,1,1
1746.9,16,1131,0,0,1,1,3,1416.88,0,0
4127.44,5,203,1,1,4,2,2,1130.3,1,1
2520.97,11,1207,0,0,0,0,2,1608.95,0,0
1727.41,20,1106,0,0,0,1,3,1455.8,0,0
3170.27,10,378,0,0,0,0,1,1804.78,0,0
3046.2,22,120,1,1,2,6,4,1567.24,1,1
2981.22,13,327,0,0,0,0,1,2263.52,0,0
965.14,18,493,0,0,0,1,3,1107.1,0,0
1608.56,13,178,0,0,0,0,3,1881.64,0,0
5150.14,1,42,1,1,4,1,6,2312.94,1,1
5977.33,13,20,1,1,2,4,6,3904.23,1,1
1747.79,17,458,0,0,0,1,4,2576.76,1,0
2131.98,10,11,1,1,3,4,8,1688.58,1,1
1844.7,21,1294,0,0,0,0,4,3430.84,0,0
2828.3,2,116,1,1,3,2,8,2445.52,0,1
1851.0,11,523,1,0,0,0,6,1939.83,0,0
2446.41,10,526,0,0,1,3,1,1891.45,0,0
1928.35,15,284,0,0,0,1,3,2585.56,0,0
1373.46,9,1456,0,0,0,0,5,2019.27,0,0
1506.82,12,402,0,0,1,0,2,2151.29,0,0
1949.12,16,1090,0,0,0,1,5,1918.91,0,0
3230.27,13,1275,0,0,0,0,5,946.56,0,0
2535.64,0,132,1,1,1,5,10,1640.54,0,1
3704.37,10,1353,1,0,0,0,5,1582.95,0,0
1223.37,9,664,0,0,0,0,5,1928.16,0,0
3073.94,21,1062,1,0,0,1,5,2320.84,0,0
737.55,10,573,0,1,2,1,3,1500.66,0,0
6404.53,5,92,1,1,3,7,9,1413.36,1,1
2523.68,21,604,0,0,0,1,4,2188.69,0,0
1490.56,8,434,1,0,0,0,3,1950.49,0,0
10184.5,0,12,1,1,5,4,6,1707.45,1,1
2505.88,16,1370,0,0,0,0,0,1513.44,0,0
1154.68,20,239,0,0,0,0,2,1638.71,0,0
4490.54,3,186,1,1,4,3,7,1711.48,1,1
7066.73,2,117,1,1,3,0,6,2449.56,1,1
1031.21,9,1390,0,1,1,1,3,2719.84,0,0
1841.77,22,134,0,0,0,1,1,1708.29,0,0
19692.15,2,194,1,1,3,4,10,1497.7,0,1
2375.05,22,614,0,0,2,2,0,1349.99,0,0
2554.03,20,824,1,0,0,0,4,1569.73,0,0
2047.84,8,1368,0,0,0,1,0,2213.29,0,0
2637.61,12,1018,0,0,0,1,3,1915.68,0,0
5300.62,8,125,1,0,2,4,11,1952.11,1,1
3529.87,16,215,1,1,5,3,9,1704.22,1,1
3603.97,3,2,1,1,2,6,2,1214.2,1,1
2672.47,14,987,0,0,1,0,2,1389.85,0,0
8811.51,3,129,0,1,3,3,7,1304.65,1,1
2323.07,12,1415,1,0,2,1,6,1866.35,0,0
10211.76,23,138,1,1,2,2,7,1447.92,1,1
2231.64,19,153,0,0,0,0,7,2813.49,0,0
2062.21,21,1182,0,0,0,0,6,2544.03,0,0
3107.49,20,795,0,0,0,1,6,1307.68,0,0
4257.74,7,63,1,1,4,2,4,1783.0,1,1
2150.57,5,115,0,1,2,3,6,998.42,0,1
4368.3,5,219,1,0,2,6,13,1929.49,0,1
1093.29,12,846,0,0,0,0,1,2324.59,0,0
4503.14,4,204,1,0,2,1,7,1692.66,1,1
6947.82,8,219,1,1,4,4,3,1877.26,1,1
3427.28,1,247,1,0,4,3,10,2521.62,1,1
1814.41,11,304,0,0,0,0,1,1352.59,0,0
3286.49,22,206,0,0,0,2,4,2931.23,0,0
1665.26,12,1367,0,0,1,0,7,1342.12,1,0
5942.17,2,145,1,1,5,5,5,619.52,1,1
3022.8,14,373,0,0,0,0,4,2827.19,0,0
2671.92,15,1068,0,0,0,1,3,2297.85,0,0
3766.96,22,1422,0,0,1,0,5,1489.22,1,0
1622.33,13,808,0,0,0,1,5,1464.47,0,0
2359.83,8,999,0,0,1,0,3,1383.21,1,0
5863.72,5,38,1,1,4,3,12,797.94,1,1
1867.81,12,671,0,0,0,2,9,1282.13,0,0
4279.6,17,109,1,1,4,3,7,821.65,0,1
5047.85,2,42,1,1,2,2,4,1188.04,1,1
3367.93,9,966,0,0,0,0,1,1822.99,0,0
1166.56,16,174,0,1,0,0,5,2046.14,0,0
1011.99,22,758,0,0,0,0,3,1358.8,1,0
1312.17,8,213,0,0,0,0,3,2742.46,0,0
1273.28,21,410,0,0,0,1,6,1640.39,0,0
1945.98,15,129,0,0,2,2,7,1605.99,1,0
1933.05,20,512,0,0,1,0,4,1692.06,0,0
4292.68,5,58,1,1,3,2,7,1632.05,0,1
10417.44,3,81,1,1,1,3,16,2471.17,1,1
7066.8,3,50,1,1,3,4,12,2422.36,1,1
1745.49,22,1322,0,0,0,0,5,1438.36,1,0
1914.9,18,148,0,0,0,0,3,1707.63,0,0
6060.65,1,163,1,1,4,1,12,1910.89,1,1
1473.14,1,54,1,1,4,3,10,2596.5,1,1
1492.77,14,1136,0,0,0,2,3,2997.51,1,0
4560.34,2,242,1,1,4,4,8,1166.36,1,1
5254.24,16,26,0,0,3,1,6,2137.9,0,1
2075.17,12,148,0,1,0,0,2,1667.55,0,0
3343.04,2,124,1,1,5,5,6,1852.21,0,1
2571.04,11,1075,1,0,0,2,6,1970.55,0,0
1127.21,14,1213,0,0,1,0,5,1147.39,0,0
6076.32,13,28,1,1,4,1,7,3579.49,1,1
6140.97,0,95,1,1,4,1,10,2921.3,1,1
9228.93,2,153,0,1,3,1,10,2050.59,1,1
1252.62,16,1280,0,0,0,2,3,2335.3,0,0
2316.79,8,1386,0,0,0,0,4,1792.94,0,0
2851.48,12,989,0,0,0,0,4,1623.2,0,0
1885.68,10,977,0,0,0,0,5,1116.08,0,0
4279.35,2,135,1,1,5,9,10,2088.44,1,1
2053.23,15,1131,0,0,0,0,3,1720.46,0,0
1070.69,21,325,0,1,0,0,2,1657.3,0,0
5021.42,4,34,1,1,4,4,13,2009.05,1,1
2690.72,17,277,0,0,1,0,3,1368.36,1,0
2173.19,15,1158,0,0,0,2,1,1420.65,0,0
1368.43,17,1211,0,0,2,0,7,2281.3,0,0
3322.28,17,1020,0,0,1,0,4,1576.87,0,0
1869.51,11,765,0,0,0,1,2,2602.77,0,0
9520.46,2,92,1,1,2,3,6,2515.17,1,1
8967.93,4,130,1,1,4,4,9,1505.09,1,1
2496.99,2,184,1,1,1,2,13,1401.75,1,1
3857.8,0,173,0,1,3,2,11,1838.7,0,1
683.2,9,464,0,0,0,1,4,2416.88,0,0
1448.57,11,1381,0,0,0,2,1,1540.64,0,0
2379.74,21,110,0,0,1,2,3,1775.58,0,0
4543.64,2,7,1,1,5,6,7,1912.05,1,1
2134.91,14,1000,0,0,0,0,1,2109.46,0,0
3256.85,12,295,0,0,1,0,2,2398.61,0,0
1612.31,22,737,0,0,0,1,3,1455.81,0,0
1363.44,20,112,0,0,0,0,6,1080.17,0,0
1698.12,16,987,1,0,0,2,4,1090.19,0,0
1149.42,21,1047,0,0,1,0,1,3027.12,0,0
4618.28,3,133,1,0,1,8,8,3458.34,1,1
4967.38,1,31,1,1,1,4,7,1632.58,0,1
1594.9,11,531,1,0,0,1,3,1669.94,0,0
1366.5,18,1127,0,0,0,0,0,2888.82,0,0
3410.01,12,575,0,0,0,1,2,2190.82,0,0
10000.06,3,44,1,1,3,5,9,1665.22,1,1
1808.66,8,1429,0,0,0,0,1,1428.96,0,0
840.84,18,437,1,0,0,0,7,2573.08,0,0
4304.13,22,831,0,0,0,1,4,2614.71,0,0
5696.05,1,110,1,1,4,2,11,1629.8,1,1
5575.37,18,9,1,1,2,7,10,1873.02,0,1
1175.91,10,331,0,0,0,1,2,1305.23,1,0
3482.31,16,706,0,1,0,0,4,1197.9,0,0
4255.81,13,110,0,0,5,3,11,2327.35,1,1
4785.3,7,90,0,1,3,4,10,1425.31,0,1
13116.64,21,16,1,1,5,5,3,2654.51,1,1
1636.36,10,576,0,0,0,1,2,2992.44,0,0
2994.29,20,400,0,0,0,0,0,1321.86,0,0
2510.67,15,1246,0,0,0,2,2,1209.71,0,0
2309.41,11,649,0,0,0,0,3,1635.39,0,0
929.05,17,1215,0,0,0,1,4,1943.36,0,0
14121.86,1,52,1,0,5,4,9,1771.03,1,1
4543.78,5,213,1,1,5,4,11,2230.42,0,1
3621.54,3,6,1,1,5,4,8,1779.94,0,1
2583.22,19,745,0,0,0,0,4,2617.68,0,0
5094.64,16,241,0,0,1,5,7,2294.2,0,1
2624.31,17,67,1,0,0,0,1,2248.44,0,0
1340.43,9,399,0,0,0,0,1,3124.15,0,0
6701.28,0,158,1,1,5,0,12,864.79,1,1
11139.76,9,45,1,1,3,6,11,1597.57,1,1
3505.15,9,233,1,1,3,4,1,2740.89,0,1
2078.18,13,928,1,0,0,0,5,1997.09,0,0
1464.64,5,191,1,1,4,2,6,1869.92,1,1
7165.95,4,11,1,1,4,4,5,1208.49,1,1
4509.81,3,220,1,1,3,3,9,1882.29,1,1
1895.16,12,1450,0,0,2,0,4,1975.25,0,0
2402.09,12,382,0,0,0,0,2,1453.51,0,0
3844.92,2,216,1,1,3,2,8,1458.35,0,1
1138.95,19,1498,0,1,0,2,2,1677.59,0,0
1889.19,8,184,0,1,2,1,1,2144.22,0,0
2055.46,18,1262,0,0,2,1,5,1171.56,0,0
4412.87,18,700,0,0,2,0,2,2664.08,0,0
1049.64,8,1240,0,0,1,1,3,1213.18,0,0
15077.58,1,208,1,1,1,8,7,2024.45,1,1
7771.57,1,249,1,1,1,3,10,2775.09,1,1
2605.65,9,825,1,0,0,0,1,1268.91,0,0
3953.39,15,889,0,0,0,0,2,2783.52,0,0
1185.04,13,272,0,0,0,0,4,1717.4,1,0
10686.49,3,118,0,1,5,5,8,695.5,1,1
3760.92,18,380,0,0,1,0,3,2849.1,1,0
2098.87,8,227,0,0,0,0,1,1505.65,0,0
5825.25,1,243,1,0,4,4,7,1545.83,1,1
1504.07,9,1307,0,0,0,0,5,2340.92,0,0
5762.43,4,153,1,1,3,3,8,3091.72,1,1
1598.71,13,114,0,0,0,1,2,1487.2,0,0
2431.9,21,706,0,0,0,1,5,2146.69,0,0
14339.62,1,237,1,1,2,1,8,1618.94,1,1
2924.29,4,189,1,1,3,3,10,2868.53,1,1
8580.75,1,190,1,1,3,3,7,1364.49,1,1
980.48,14,321,0,0,1,1,8,1400.57,0,0
6071.69,5,220,0,1,4,6,5,2127.98,0,1
7707.34,17,134,1,1,3,1,11,1329.35,0,1
4965.34,1,212,1,1,3,6,11,1878.74,1,1
1526.53,10,1265,0,0,0,0,7,976.84,0,0
1819.99,2,142,1,0,5,2,10,1708.83,1,1
2400.72,9,702,0,0,0,1,3,1421.77,0,0
2429.4,14,116,0,0,0,0,6,1703.38,0,0
10901.45,2,116,0,1,1,2,9,1547.76,0,1
1046.16,22,1320,0,0,1,0,0,661.06,0,0
1125.12,22,1259,0,0,0,0,4,1524.81,0,0
2026.07,10,89,0,0,1,1,0,2522.88,0,0
3113.91,13,155,0,0,1,0,2,1327.27,0,0
8175.84,2,111,1,0,1,0,11,1376.51,1,1
2388.6,10,216,0,0,0,0,3,1946.25,0,0
4129.02,2,51,1,1,3,5,6,1819.49,1,1
4245.36,0,149,1,1,5,5,5,2188.21,0,1
3775.98,16,117,1,1,3,3,6,1088.42,1,1
2673.98,9,531,0,0,0,1,3,2351.54,0,0
1420.91,16,1057,0,0,0,2,2,3151.32,0,0
7803.5,6,229,1,1,5,5,12,1423.67,0,1
1638.08,10,108,0,0,0,0,2,2855.96,0,0
4339.96,0,94,0,0,5,4,10,1313.16,1,1
3591.76,13,820,0,0,0,0,3,1150.3,0,0
3002.89,11,202,1,1,5,3,9,1110.46,0,1
2173.37,21,114,0,0,0,0,4,2129.72,1,0
2393.35,18,423,0,0,0,1,8,2468.77,0,0
3650.2,21,1244,1,0,1,0,4,3628.71,0,0
2368.13,22,152,0,0,0,0,3,1803.8,0,0
9188.34,3,95,1,1,5,4,4,1932.87,1,1
2113.51,16,1425,0,0,1,0,0,1325.26,0,0
1917.69,10,930,0,0,0,0,4,1127.57,0,0
5146.15,2,242,1,1,5,3,8,1786.7,1,1
1319.29,19,212,0,0,0,1,3,1893.91,1,0
1224.53,12,436,0,0,0,0,5,2706.61,0,0
6601.1,15,190,0,1,1,1,5,879.38,0,1
5787.47,12,242,1,1,2,4,5,1356.17,1,1
10738.94,15,18,1,1,3,4,9,1559.95,1,1
899.28,12,1469,0,0,0,0,2,2568.73,0,0
8497.41,7,3,1,0,3,4,5,2090.65,0,1
4033.89,0,224,1,0,2,3,8,3121.4,0,1
933.08,9,471,0,0,0,0,6,3406.56,0,0
2552.92,11,852,0,0,2,1,5,1634.78,0,0
3235.24,9,980,0,0,1,1,1,2114.44,0,0
6249.74,0,142,1,0,3,1,9,1423.72,1,1
1057.43,11,1032,0,0,1,3,4,1371.77,0,0
3922.26,9,1177,0,0,0,0,1,1311.22,0,0
3776.36,1,198,1,0,2,2,7,2160.78,1,1
12159.81,5,3,1,1,4,2,6,2202.42,1,1
877.12,11,292,0,0,0,0,2,3507.71,0,0
6626.4,10,79,0,1,2,5,8,1198.95,0,1
6342.95,20,181,1,1,2,3,2,1215.06,1,1
4545.83,5,146,1,1,3,2,13,1860.61,1,1
1219.06,17,716,1,0,1,0,2,1888.53,0,0
13741.81,4,196,0,1,4,5,8,1628.15,1,1
2155.59,22,760,0,0,0,0,3,2246.75,0,0
1573.07,20,1291,0,0,0,1,2,1464.94,0,0
15782.85,4,44,1,1,2,2,6,1543.1,0,1
7689.93,8,107,0,0,0,1,2,1968.39,0,0
1059.9,10,467,0,0,1,0,3,1956.56,0,0
1880.43,13,1165,0,0,0,1,1,1274.41,0,0
1573.69,14,803,0,0,0,1,5,2672.71,0,0
1517.45,21,571,1,0,1,0,4,1542.92,0,0
9272.83,1,19,1,1,1,1,9,2095.66,0,1
2497.93,17,627,0,0,1,0,2,1014.68,1,0
8771.13,1,160,0,1,3,6,5,2648.26,1,1
13986.58,1,102,1,1,4,7,5,1524.91,1,1
2269.21,13,1219,0,0,1,0,8,1802.17,0,0
8904.31,9,197,0,1,2,5,7,1435.32,1,1
9762.7,22,98,0,0,5,5,8,2705.58,1,1
2425.63,11,428,0,0,0,2,4,1836.31,0,0
5916.72,1,23,0,0,2,1,10,1979.86,1,1
13352.39,3,102,1,0,4,3,4,1325.86,1,1
1928.48,10,630,0,0,0,1,2,1620.56,0,0
4083.52,3,61,1,1,2,1,16,1589.56,0,1
824.15,9,87,0,0,1,2,1,1433.44,0,0
1794.05,22,969,0,0,1,0,3,1315.04,0,0
7867.44,5,110,1,1,3,3,14,1968.98,0,1
2382.16,21,848,0,0,0,0,6,1516.35,0,0
5164.99,20,108,0,1,3,3,9,1284.45,1,1
2347.08,14,351,0,0,0,1,3,1613.24,0,0
1660.34,15,379,0,0,0,1,5,2739.64,0,0
7542.15,12,126,1,0,5,3,7,1959.55,1,1
2904.51,11,804,0,0,0,1,3,2348.32,0,0
2445.48,10,1230,0,0,0,1,4,2014.35,0,0
6022.12,16,15,1,1,2,3,7,2346.64,1,1
6032.46,4,213,0,1,2,2,12,1847.23,0,1
5224.95,2,32,1,1,2,3,4,1206.22,0,1
4566.84,7,231,1,1,4,2,4,2227.51,1,1
2324.55,15,872,0,0,1,0,6,2897.13,0,0
2147.47,15,75,0,0,0,0,1,2903.15,1,0
3420.46,20,797,0,0,0,1,2,1452.91,0,0
914.97,11,128,0,0,1,0,7,1095.64,0,0
3523.49,4,72,1,1,2,3,6,1872.24,1,1
2372.35,15,904,0,0,0,0,1,2505.02,0,0
4206.89,4,33,1,1,1,5,3,1495.81,1,1
5673.77,1,62,1,1,3,6,13,1418.67,0,1
1797.03,13,842,0,0,0,0,3,2895.18,0,0
4431.7,0,145,1,1,3,5,14,1356.35,0,1
12993.0,3,238,1,0,4,3,7,1707.98,1,1
1117.66,20,625,0,0,0,2,4,2399.03,0,0
863.19,11,333,0,0,1,1,1,4112.0,1,0
3585.01,4,155,1,1,4,3,7,1228.25,1,1
6021.09,0,137,1,1,5,1,11,1641.07,1,1
1078.85,16,1339,0,0,0,0,1,1805.13,0,0
2191.54,22,899,0,0,0,0,1,1831.24,0,0
18321.09,13,237,1,1,3,1,6,1371.13,1,1
7548.45,0,196,1,1,4,2,6,2762.54,0,1
2585.83,21,307,0,0,0,0,4,1655.61,0,0
1330.75,22,14,1,1,3,5,8,1398.91,1,1
5458.82,10,421,1,1,0,0,0,2177.2,0,0
1073.46,11,444,0,0,0,0,4,2038.78,0,0
1365.5,18,1173,0,0,1,0,1,2371.01,0,0
5194.96,0,121,1,1,4,6,11,1996.4,1,1
2969.3,2,85,1,1,5,1,7,1559.61,0,1
829.93,19,94,0,0,0,3,5,1963.63,0,0
3935.93,22,66,1,1,2,1,10,1296.62,1,1
2650.37,20,819,0,0,0,1,0,1175.76,0,0
12452.45,10,195,1,1,1,2,7,1440.15,1,1
6320.69,0,33,1,1,5,3,4,1762.89,1,1
4190.12,8,241,1,1,3,4,8,1202.98,1,1
3151.57,0,202,1,1,4,5,5,2225.48,1,1
8791.14,4,77,1,1,1,3,4,1160.87,1,1
2071.86,12,1326,0,1,0,1,7,1460.57,0,0
3204.13,18,180,1,0,2,0,6,1403.35,0,0
10386.79,4,188,1,0,5,1,10,2294.67,1,1
3531.43,23,119,1,1,5,2,8,2805.62,1,1
4348.6,0,199,1,1,5,4,10,1221.97,1,1
20535.82,1,6,1,1,3,5,7,3423.07,1,1
2636.68,11,1153,0,0,1,0,2,3440.5,0,0
5494.04,1,225,1,1,2,2,11,1808.98,1,1
3102.3,10,1246,0,1,0,0,3,1251.83,0,0
1283.58,8,1482,0,0,0,1,2,1149.65,0,0
13822.16,0,214,1,1,3,2,5,988.59,1,1
1717.95,15,1190,0,0,0,0,3,1131.24,0,0
2188.91,21,290,0,0,1,0,1,2213.94,0,0
3509.65,16,693,0,0,1,0,0,932.03,0,0
4936.48,0,150,1,1,3,1,5,1968.65,1,1
6783.17,20,36,0,1,5,3,8,2745.38,0,1
1972.06,15,677,0,1,0,0,3,1833.81,1,0
2646.08,12,1268,0,0,0,1,0,2162.82,0,0
2856.18,13,713,0,0,1,1,3,1499.01,0,0
7364.85,2,142,1,1,4,2,8,1850.82,1,1
2586.17,22,94,0,0,0,0,5,2009.34,1,0
10494.17,5,139,1,1,5,3,6,2732.35,1,1
5693.74,0,181,1,1,4,3,4,4795.86,0,1
1411.11,12,756,0,0,0,0,4,1388.16,0,0
4891.12,14,331,0,0,0,0,6,2196.25,1,0
1634.93,8,140,0,0,0,2,6,1920.61,0,0
1284.87,4,177,1,1,3,2,6,2241.62,1,1
5196.08,10,182,1,0,3,1,7,1761.48,0,1
3850.36,11,617,1,0,0,0,4,1319.43,0,0
4246.93,10,896,0,0,0,0,3,1609.77,0,0
6149.98,4,130,1,0,3,2,11,2450.75,1,1
7036.56,5,15,1,1,5,3,9,2730.31,1,1
2509.48,20,911,0,0,0,0,1,2423.82,0,0
9084.45,3,94,1,1,3,3,9,1514.48,1,1
11598.67,23,74,0,0,4,2,5,1394.24,1,1
13078.34,21,29,1,0,3,4,6,836.09,1,1
2366.09,12,716,0,0,0,0,1,1083.76,0,0
3350.29,16,800,0,0,0,1,2,1205.43,0,0
6246.37,5,43,1,1,3,4,6,1616.75,1,1
1165.64,22,1445,0,0,0,1,0,1696.78,1,0
3070.26,16,1340,0,0,0,0,4,2732.72,0,0
8169.5,15,243,1,1,4,2,9,1893.26,1,1
9583.47,8,175,1,1,4,3,7,1099.73,1,1
26344.18,5,5,0,1,4,2,5,1221.18,1,1
5193.55,1,220,1,1,5,2,9,2245.26,0,1
2476.22,21,1408,0,0,0,0,5,1441.16,0,0
3955.41,13,180,0,0,0,0,5,1370.05,0,0
6230.91,3,47,1,1,2,4,15,2217.7,1,1
1755.1,11,614,0,0,0,0,3,3627.82,0,0
3091.22,1,19,1,1,5,1,8,979.88,0,1
9516.36,1,38,1,0,1,4,5,1579.58,1,1
2349.38,13,463,0,0,0,1,0,2420.86,0,0
2807.1,9,837,0,0,0,1,3,1580.54,0,0
20200.45,10,73,0,0,4,2,8,1469.94,1,1
3044.58,19,1493,0,1,1,1,4,3244.42,0,0
1509.79,10,1326,0,0,0,1,0,2761.96,0,0
2712.29,14,1381,0,0,0,2,2,2113.68,0,0
1312.62,14,900,0,0,0,0,4,1524.99,0,0
19146.78,1,222,1,1,3,3,12,1612.16,1,1
3741.91,4,211,0,1,3,9,11,2540.91,0,1
2113.15,13,1038,0,0,1,3,1,1463.74,0,0
1982.73,5,150,1,1,3,2,11,2457.45,1,1
1968.74,11,1327,0,0,0,1,2,1673.91,0,0
8766.74,1,12,0,1,4,3,10,2750.57,0,1
11522.13,18,83,1,1,5,3,7,2049.25,1,1
6488.48,0,161,0,1,3,1,5,2047.03,0,1
2066.49,12,1368,0,0,0,0,3,1754.12,0,0
2043.2,10,682,0,0,0,2,3,4166.37,1,0
5195.39,4,23,0,0,3,6,8,2786.69,1,1
6884.58,23,167,0,1,1,1,5,2300.23,1,1
3631.9,10,1213,0,0,0,1,4,1744.97,0,0
881.44,20,1157,1,0,0,1,2,2330.71,0,0
10631.18,1,94,1,1,4,4,6,2595.61,0,1
2852.58,15,1187,1,1,1,0,5,1861.12,0,0
1621.63,10,1102,0,0,2,1,1,1732.96,0,0
9980.76,3,63,1,1,3,1,10,1362.0,1,1
3490.66,9,479,0,1,0,0,1,2201.3,0,0
8493.75,3,141,0,0,3,4,10,1920.99,1,1
4915.92,0,98,1,1,3,1,7,892.06,1,1
11689.82,5,147,1,1,4,4,13,903.57,1,1
7520.28,0,28,1,1,4,8,10,2321.11,1,1
1099.76,20,433,0,1,0,0,2,1552.93,0,0
2985.83,3,128,1,0,4,3,5,2983.61,0,1
2090.01,12,1034,0,0,0,1,3,1128.21,0,0
3013.8,11,68,1,1,5,1,6,2649.62,1,1
2425.14,19,433,1,0,0,1,1,3106.83,0,0
7890.1,4,245,0,1,5,4,6,3664.45,1,1
11037.34,0,175,0,1,3,3,5,2060.5,1,1
1690.76,13,1287,0,0,0,0,3,1779.32,0,0
2957.27,10,1126,1,0,0,1,2,1752.35,0,0
2226.88,20,671,0,0,0,1,4,1663.95,0,0
1556.89,5,107,1,1,4,5,8,3260.98,0,1
2149.11,1,144,0,1,1,3,8,2095.71,0,1
2658.47,20,400,0,0,0,2,1,1326.65,0,0
7355.74,2,181,1,1,4,2,11,4118.24,1,1
2873.86,21,740,1,0,0,0,1,1750.88,0,0
4257.53,6,128,1,1,3,3,7,1763.78,0,1
4915.01,4,246,1,1,3,4,3,2124.15,1,1
2150.95,14,327,1,0,0,0,7,2034.45,0,0
1506.94,14,973,0,0,0,1,1,2606.11,0,0
3330.4,5,215,1,1,4,4,7,2511.06,1,1
2051.73,15,277,0,0,0,2,3,3259.39,0,0
871.26,10,1355,0,0,0,2,0,919.15,0,0
3041.27,1,48,1,1,3,4,8,1010.56,1,1
17748.09,7,82,1,0,3,3,6,1411.31,1,1
8265.16,15,160,1,1,3,6,10,2899.96,0,1
6139.85,0,99,0,1,4,3,6,1983.19,0,1
4573.73,9,287,0,0,2,1,3,1674.3,0,0
8788.24,3,49,1,0,2,4,5,1724.34,0,1
6372.2,2,80,1,1,3,1,14,1324.4,1,1
15289.82,14,96,1,1,3,1,8,1169.28,1,1
1175.04,14,535,0,0,0,1,1,1902.32,0,0
3632.67,0,145,1,1,4,2,9,1316.86,0,1
1871.96,21,876,0,0,0,0,4,973.77,0,0
3475.58,17,836,0,0,0,1,1,2505.02,0,0
6888.13,4,166,1,1,1,2,8,1485.71,0,1
1722.95,16,378,0,0,0,0,0,1274.97,0,0
1494.22,11,1214,0,0,0,0,2,1348.59,0,0
892.15,13,599,0,0,0,1,3,1262.91,0,0
2146.75,11,279,0,0,0,2,1,1270.54,0,0
1550.72,10,359,0,0,0,1,7,1753.93,0,0
1934.54,20,425,0,0,0,1,2,1471.73,0,0
7993.97,0,216,1,1,3,3,5,3536.43,1,1
7424.79,3,210,1,1,5,3,11,1617.67,1,1
4886.95,10,1369,1,0,0,1,0,1453.52,0,0
5450.04,1,103,1,1,3,6,11,2241.25,1,1
9648.64,3,12,1,1,3,4,3,2392.62,0,1
6163.23,3,25,1,1,1,3,6,1768.82,1,1
4858.37,14,1458,0,0,1,0,2,2051.34,0,0
10934.85,0,47,1,1,5,1,8,1162.5,0,1
2468.78,21,1220,0,0,0,0,2,1269.09,0,0
7397.04,2,19,1,1,4,4,14,2685.97,0,1
10084.08,1,126,1,1,3,5,15,1322.26,1,1
1527.33,23,85,0,0,5,5,7,2343.32,1,1
2750.54,15,621,0,0,0,0,4,1155.75,0,0
4060.59,22,974,0,1,0,1,6,1616.2,0,0
7151.28,3,2,1,0,2,5,12,1893.7,1,1
4110.22,3,142,1,1,1,4,8,1596.45,1,1
3465.37,2,48,1,1,2,2,12,2136.14,1,1
1053.89,10,1038,0,1,0,1,4,1477.88,0,0
7694.31,2,32,1,1,2,3,9,2064.66,1,1
1020.36,17,789,0,0,1,1,5,2609.49,0,0
4211.0,3,240,1,0,3,1,6,2013.86,1,1
3500.4,4,43,1,0,4,5,4,2182.19,0,1
6109.88,2,90,1,0,4,0,10,1831.24,1,1
3345.7,15,1258,0,1,0,0,2,2034.62,0,0
7842.37,0,119,0,1,1,5,7,948.04,1,1
884.41,8,1433,0,0,0,0,1,1354.55,0,0
1225.0,16,781,0,0,0,0,2,1258.22,0,0
3215.05,0,139,1,1,2,2,8,1139.18,1,1
6663.9,15,81,1,1,2,3,9,1287.85,1,1
14323.12,5,102,1,1,5,1,6,1937.97,0,1
2341.2,5,27,1,0,2,1,9,1204.83,1,1
1248.61,17,404,0,0,0,0,2,1810.61,0,0
1446.36,21,1207,0,0,0,0,4,1622.69,0,0
5017.74,4,180,1,1,5,3,10,1211.21,1,1
3845.56,13,70,0,1,1,3,10,2023.77,1,1
2244.99,18,1299,0,0,0,2,4,2139.21,0,0
1852.83,22,541,0,0,0,0,6,2832.42,0,0
1696.54,17,1127,0,0,1,0,3,1353.56,0,0
2599.66,19,799,0,0,1,0,5,2560.79,0,0
1090.38,11,1145,0,0,1,1,3,1872.94,0,0
6667.65,1,25,0,1,5,4,6,2041.39,1,1
4130.27,2,209,1,1,4,3,7,2260.92,0,1
2281.7,17,1311,0,0,0,0,6,1551.81,0,0
1716.07,1,243,0,1,1,3,9,2635.89,1,1
2895.27,11,710,0,0,1,0,3,2528.95,1,0
4999.31,5,90,1,1,2,2,14,1731.53,1,1
1647.91,12,1367,0,0,0,1,2,993.59,0,0
1237.81,9,63,0,0,0,2,4,890.39,0,0
7013.57,9,80,1,1,3,4,9,2139.09,0,1
4045.61,11,559,0,0,1,2,2,1590.98,0,0
1393.83,17,1080,0,0,0,0,1,983.89,0,0
4125.13,16,1400,1,1,0,0,2,3238.94,0,0
7951.85,4,58,1,1,4,3,4,2037.13,1,1
16129.18,2,158,1,1,3,3,9,1092.29,0,1
11268.82,3,152,1,1,5,2,10,3044.34,1,1
15137.57,1,144,1,1,4,3,3,1393.2,0,1
1028.62,12,1480,0,1,0,1,3,1824.72,0,0
1602.13,22,1022,0,0,0,2,2,1770.57,0,0
1339.25,15,104,0,0,0,1,8,1973.14,0,0
2173.6,12,568,1,0,1,0,5,3621.35,0,0
2417.44,19,564,0,0,0,1,5,2788.18,0,0
15244.16,0,202,1,1,5,3,4,2728.75,1,1
3718.34,2,246,1,1,4,3,8,937.56,1,1
2047.7,10,880,0,0,0,0,2,1830.59,0,0
2893.3,14,1381,0,0,0,0,5,4022.48,0,0
4540.87,2,86,1,1,5,5,7,1808.66,1,1
8610.01,5,78,1,1,5,6,7,1576.48,1,1
10385.37,3,213,0,1,2,2,11,956.94,0,1
3110.13,19,663,0,0,0,1,2,2502.07,0,0
4797.18,3,222,1,1,4,2,13,1774.55,1,1
7685.53,1,110,1,1,4,7,6,2173.54,1,1
10395.14,1,75,1,1,3,4,7,1613.07,0,1
11401.83,16,214,1,1,4,3,10,1921.84,1,1
3222.68,12,927,0,0,0,1,4,2117.55,0,0
2989.43,21,458,1,0,0,1,5,1111.64,0,0
3291.08,17,145,0,1,3,1,8,2654.82,0,1
2763.04,9,642,0,0,0,1,2,1732.07,1,0
8335.89,4,38,1,0,4,4,11,2023.75,0,1
1310.15,9,888,0,0,0,1,1,1859.8,0,0
2410.51,22,447,0,0,0,1,6,3659.31,0,0
7187.29,2,241,1,1,5,0,10,2544.41,1,1
2722.84,13,850,0,0,0,0,4,1704.43,0,0
3096.51,4,141,1,1,3,4,10,1577.8,0,1
3094.69,0,240,1,1,5,3,7,1984.31,1,1
1181.28,17,393,0,0,1,0,3,2013.98,0,0
1026.49,18,1420,0,0,0,0,1,1532.74,0,0
10020.35,0,145,1,0,5,4,5,2660.78,1,1
922.77,15,744,0,0,0,0,2,1939.7,0,0
1806.21,14,1274,0,0,0,0,1,1872.89,0,0
2892.24,22,960,0,0,0,3,5,1851.11,0,0
7474.34,15,80,1,1,2,2,6,2219.06,1,1
895.39,9,249,0,0,1,1,2,2369.27,0,0
2823.63,16,124,0,0,0,0,6,2714.89,0,0
2065.9,17,272,1,0,0,1,3,3205.64,0,0
32241.58,0,112,1,1,2,3,8,2898.52,1,1
4458.33,0,205,1,1,3,1,13,2105.19,1,1
7793.05,19,233,1,1,4,3,10,2302.27,0,1
3203.26,22,1440,0,0,0,1,2,1629.04,1,0
3130.16,10,1447,0,0,0,0,6,1675.71,0,0
2814.89,14,1175,0,0,0,2,1,2434.37,0,0
4003.51,10,434,0,0,0,0,5,1841.48,1,0
7767.05,5,61,1,0,1,3,10,4179.24,1,1
4105.71,6,93,0,1,1,3,5,918.65,1,1
20132.95,11,65,0,1,4,2,14,2961.86,0,1
1575.79,13,547,0,0,0,0,3,1825.23,0,0
3524.36,14,90,1,1,5,3,15,1987.03,1,1
1486.74,13,1342,0,0,2,0,2,2173.69,0,0
3772.42,6,169,1,1,3,4,4,3048.9,0,1
8519.52,3,230,1,1,4,2,10,4485.47,1,1
12554.32,3,169,1,1,3,3,11,1480.63,1,1
8297.22,3,77,1,1,4,7,9,2114.41,1,1
2481.79,8,986,0,0,0,1,3,1242.34,0,0
1115.8,15,1087,0,0,0,2,4,1781.0,0,0
2332.49,11,1444,0,0,0,1,4,3090.75,0,0
6190.36,4,108,1,0,3,0,4,952.58,1,1
3910.79,23,125,1,1,5,2,11,1419.08,0,1
13249.06,3,130,1,1,4,0,8,1741.49,1,1
3659.38,2,192,0,1,4,2,6,1369.69,1,1
13571.8,5,202,1,1,4,3,8,2267.46,1,1
1276.37,9,177,0,0,0,2,6,1169.58,0,0
8142.37,5,3,1,1,3,1,7,1551.45,1,1
6779.38,4,15,0,1,4,2,11,1249.39,1,1
1088.11,22,159,0,0,0,0,5,2010.15,0,0
1811.75,8,637,0,0,1,0,1,1726.23,0,0
9314.91,2,208,1,1,3,4,7,2629.12,1,1
10473.07,4,16,0,1,4,3,9,2433.08,1,1
5302.56,1,152,1,0,1,1,13,1670.1,1,1
1314.22,21,416,0,0,0,0,3,1732.7,0,0
5724.32,0,247,1,1,1,6,11,4798.68,1,1
3358.17,20,749,0,0,0,0,3,2215.76,0,0
3308.38,1,129,1,0,5,2,8,1235.69,1,1
9417.74,3,80,1,1,5,3,7,2090.33,0,1
10363.45,2,164,0,1,5,2,8,1960.58,1,1
4716.04,2,90,1,1,2,7,6,3312.69,1,1
5025.85,4,50,1,1,2,2,12,3597.77,1,1
683.76,8,1392,0,0,0,0,0,2580.11,0,0
2128.96,17,1097,0,0,0,0,3,2617.86,0,0
2412.61,13,416,1,1,1,0,5,1830.63,0,0
5113.82,11,44,1,1,2,4,13,1417.51,1,1
8629.18,2,216,1,1,4,2,5,2839.52,1,1
973.77,13,766,0,0,1,2,4,1763.02,0,0
2896.07,12,779,0,0,1,0,3,1007.91,0,0
1699.56,10,416,0,0,0,0,3,989.49,0,0
2892.48,18,111,0,0,0,1,3,970.85,0,0
6278.94,5,203,0,0,3,1,6,1753.84,1,1
3715.99,3,197,0,1,4,2,5,1190.5,0,1
559.12,13,338,1,1,0,0,2,980.93,0,0
6652.66,1,46,1,1,4,2,8,1869.7,1,1
9278.86,2,70,0,1,4,4,6,1700.84,0,1
3639.43,2,237,1,1,3,5,9,996.05,1,1
1324.22,11,245,0,0,0,0,4,1350.6,0,0
7727.89,5,64,1,1,3,0,11,3732.56,0,1
2694.26,14,670,0,1,0,0,2,2180.06,0,0
926.24,13,1262,0,1,1,1,1,1595.25,0,0
1454.55,15,916,0,0,0,0,2,2359.72,0,0
3928.82,14,192,1,1,4,3,5,2097.97,1,1
8067.71,4,13,0,1,4,6,14,2845.81,0,1
4649.37,2,167,1,1,2,2,10,2004.78,0,1
7269.88,5,171,0,1,5,6,7,1775.24,1,1
3377.49,17,1145,0,0,0,0,1,3484.45,0,0
2113.89,4,13,1,0,4,2,6,2040.76,0,1
2114.02,8,714,0,0,0,0,4,2316.7,0,0
4195.44,3,113,0,1,3,1,9,2477.72,1,1
1652.68,22,1139,0,0,0,1,1,2507.97,0,0
1036.57,11,883,0,0,0,0,1,1776.23,1,0
9269.78,0,239,1,1,1,3,7,1913.24,1,1
2539.53,4,203,1,1,3,5,9,2106.25,1,1
1190.03,9,1327,0,0,1,0,3,1532.34,0,0
4900.99,2,35,0,1,3,2,9,2994.37,0,1
5533.92,10,69,1,0,3,4,11,2732.72,1,1
1042.38,22,1373,0,1,0,0,4,1236.96,0,0
2798.61,9,1478,0,0,0,0,3,1809.69,0,0
9300.39,4,43,1,1,5,5,4,2829.47,1,1
1948.56,15,510,0,0,0,0,3,2051.55,0,0
1490.17,8,1486,0,0,0,2,3,1594.61,0,0
4248.93,3,31,1,1,5,2,8,1773.03,1,1
1045.72,11,684,0,0,0,0,3,2090.94,1,0
3545.6,16,721,1,0,0,0,7,2822.52,0,0
3161.65,16,450,0,0,1,1,4,1892.46,0,0
4122.0,3,157,1,1,5,1,8,1879.45,0,1
2995.44,14,1147,0,0,1,1,2,1385.22,0,0
20194.76,3,13,1,1,1,6,11,505.42,0,1
1329.56,20,1467,0,0,1,0,4,1009.91,0,0
1413.8,16,1125,0,0,0,1,4,1152.16,0,0
1246.15,8,850,0,1,0,0,1,1330.52,0,0
5118.29,4,211,1,1,4,1,11,796.66,1,1
2131.89,4,47,0,0,4,2,7,1988.94,1,1
3696.44,4,62,1,1,3,1,7,1693.17,1,1
11808.73,0,108,0,1,1,5,4,2492.34,1,1
3967.91,1,229,1,1,3,3,6,1397.7,1,1
1538.65,22,1061,1,0,1,3,3,1683.68,0,0
2405.04,10,904,0,0,2,0,1,2194.99,0,0
1437.31,9,526,0,0,0,0,1,861.78,0,0
1561.12,9,298,0,0,0,0,5,2429.03,0,0
22083.37,9,76,1,1,4,2,11,984.75,1,1
1393.92,19,427,0,0,0,0,4,1182.43,0,0
2412.24,1,9,1,1,2,4,16,3250.43,1,1
1536.12,10,941,0,0,1,1,2,2282.73,0,0
7580.79,1,194,1,1,5,5,8,1382.86,0,1
2308.91,19,1417,0,0,0,0,4,1547.04,0,0
5929.47,4,191,0,1,2,4,6,2325.63,1,1
6410.26,7,75,1,1,5,4,3,1889.9,1,1
1985.11,18,410,0,0,0,0,2,1191.88,0,0
6986.28,4,20,1,0,1,3,8,1293.73,1,1
3453.48,12,194,1,1,4,5,9,1681.53,1,1
1943.99,11,898,0,0,2,1,6,2131.4,0,0
2352.41,8,679,0,0,0,1,2,2915.86,0,0
7782.72,2,31,1,1,5,4,4,1303.71,0,1
14871.95,3,160,1,0,3,0,10,1750.73,1,1
4186.19,15,580,0,0,2,0,5,2846.18,0,0
2274.7,2,173,1,1,5,5,13,2190.02,1,1
1711.3,10,484,0,0,0,0,3,1798.26,0,0
1791.21,11,214,1,1,4,2,10,1071.9,1,1
7057.53,3,214,1,1,4,3,3,2414.99,0,1
19387.64,5,218,0,1,2,2,12,2880.11,1,1
3043.64,13,1212,0,0,1,1,2,2640.69,0,0
1133.04,20,601,0,0,0,1,3,3099.61,0,0
7624.34,18,226,0,1,5,2,6,1624.1,1,1
1740.2,17,492,0,0,1,0,1,1225.55,0,0
4521.55,23,172,1,1,4,1,13,1242.57,1,1
9014.78,20,32,0,0,5,4,7,1411.01,0,1
2246.99,9,165,0,0,2,0,2,1154.75,0,0
3530.04,14,973,1,0,0,0,1,942.31,0,0
3860.06,5,213,1,1,5,1,10,2296.82,0,1
1904.67,17,1262,0,0,0,0,2,2213.05,0,0
3394.37,11,189,1,1,4,6,7,2028.14,0,1
2034.44,14,1091,0,0,0,1,2,1815.73,0,0
1036.67,19,1334,0,0,1,1,6,1506.16,1,0
2314.62,17,1163,1,0,1,0,4,1285.08,0,0
4496.85,14,1347,0,0,1,1,2,2160.7,0,0
4373.79,10,921,0,0,1,0,2,2374.91,0,0
5643.61,1,143,1,1,1,3,12,1575.9,1,1
13826.28,5,245,1,1,1,3,9,3064.38,1,1
930.41,11,196,0,1,0,2,3,2246.68,1,0
4546.97,18,156,1,1,3,2,11,2155.34,0,1
1869.06,15,876,0,0,0,0,4,1495.08,0,0
4325.46,17,127,1,1,2,2,9,1630.68,1,1
4353.62,17,211,1,1,2,4,13,1050.23,1,1
10337.63,1,4,1,1,2,4,5,661.8,0,1
6430.6,4,194,1,1,4,5,5,2970.58,0,1
3606.35,9,140,1,0,1,2,3,1615.49,0,1
1390.15,15,560,0,0,0,0,1,2310.94,0,0
2653.96,3,200,1,1,2,4,6,1235.9,1,1
4005.25,12,933,0,0,0,0,1,2416.8,0,0
1094.27,14,596,0,1,0,0,1,1769.64,0,0
3665.23,22,1043,0,0,0,2,5,3288.85,0,0
2985.41,21,350,0,0,0,1,1,807.47,0,0
1793.17,12,1444,0,0,0,1,4,3072.17,0,0
2474.56,12,766,0,0,1,0,1,1886.77,0,0
2245.58,18,424,0,0,1,1,2,1266.87,0,0
8333.94,14,218,1,1,5,4,9,1389.64,1,1
2069.84,3,149,0,0,3,2,11,1659.03,1,1
15644.73,5,202,1,1,5,2,7,1295.05,1,1
4173.81,0,155,1,1,1,0,9,1604.92,1,1
3891.89,5,22,0,1,2,1,8,1297.8,1,1
2072.42,19,417,0,0,0,1,2,1233.91,0,0
14379.84,3,223,1,1,2,6,12,2182.38,1,1
4795.28,5,88,1,1,4,5,6,2359.53,1,1
2987.43,18,70,0,0,0,1,2,2040.01,0,0
1511.53,18,184,0,1,0,1,2,1023.48,0,0
1287.65,20,217,0,0,1,1,2,1277.95,0,0
3228.19,18,1115,0,0,0,1,1,2122.99,0,0
2207.29,15,744,0,0,0,2,1,2517.9,0,0
8365.42,2,15,1,0,4,4,7,2004.26,1,1
6861.41,0,10,1,1,5,5,9,2208.93,0,1
8641.49,4,100,1,0,5,2,9,1501.91,1,1
6112.78,1,108,1,1,4,1,5,2277.0,1,1
2917.74,13,210,1,1,3,2,5,2311.72,0,1
2578.81,13,1075,0,0,0,2,4,1479.65,0,0
1559.45,15,785,0,0,0,2,5,1925.22,0,0
2252.55,13,697,0,0,2,1,0,2554.13,0,0
1075.0,18,1155,0,1,0,0,3,1458.05,1,0
3298.91,20,635,0,0,0,4,3,2124.75,0,0
8429.73,1,22,1,1,1,1,12,2396.93,0,1
2523.48,18,1133,0,0,2,1,3,3803.94,0,0
3423.15,3,89,1,0,3,2,10,4219.95,1,1
2172.95,18,731,0,0,0,0,1,1599.59,0,0
3399.53,10,380,0,0,2,0,3,1148.8,0,0
2099.59,12,548,0,0,0,0,3,1685.7,0,0
2464.81,21,1389,0,0,1,1,2,1304.57,0,0
8162.1,1,75,1,1,4,0,8,1278.0,1,1
8185.62,0,247,1,1,5,5,13,1566.35,0,1
975.83,21,1479,0,0,0,1,1,1298.22,0,0
4708.17,0,121,1,1,4,3,13,1687.43,1,1
5782.41,1,72,1,1,5,2,8,1672.04,1,1
1170.54,17,1200,0,0,0,0,3,1982.06,0,0
5097.76,0,183,0,0,5,2,9,1577.04,1,1
2011.77,17,335,0,0,1,1,6,1853.59,0,0
2359.68,21,440,1,0,0,0,4,1432.75,0,0
1840.64,22,794,0,0,0,0,4,1100.52,0,0
2837.9,20,331,0,0,0,0,4,2524.93,0,0
5207.4,5,78,1,1,5,5,6,1697.83,1,1
2030.33,8,933,0,0,1,0,2,1411.77,0,0
770.36,18,1021,1,0,1,0,3,2496.0,1,0
1605.89,11,1160,0,0,2,0,3,1677.87,0,0
1607.36,19,1136,0,0,0,0,3,2675.48,0,0
1606.67,16,173,0,0,0,1,3,1592.82,0,0
2624.78,13,314,0,0,0,0,4,1604.61,0,0
16286.58,3,108,1,1,4,3,9,2607.33,1,1
13165.08,10,233,1,1,1,7,7,1739.99,1,1
7395.45,0,209,1,1,1,2,4,1809.01,1,1
3623.11,11,260,0,0,0,0,7,1234.02,0,0
1970.98,13,715,1,0,0,0,2,1110.46,1,0
6920.83,6,231,1,0,5,4,5,1700.13,0,1
1673.79,17,1278,1,0,0,0,4,1045.6,0,0
3539.34,0,177,1,1,4,4,11,1626.35,1,1
1405.58,17,402,0,0,0,0,4,1448.0,0,0
2803.83,5,209,0,1,4,3,7,2205.4,0,1
2733.37,4,169,1,1,2,0,5,1774.93,1,1
3968.99,22,1269,0,0,1,3,1,1754.0,0,0
4921.17,4,71,1,1,5,3,9,1512.94,1,1
3454.85,0,170,1,1,3,8,10,1658.08,1,1
8278.12,22,89,1,1,5,5,7,1304.18,1,1
5668.26,1,42,1,1,5,2,8,894.66,1,1
4609.4,3,67,1,1,5,3,10,2145.29,0,1
3345.65,9,546,0,0,0,0,3,2352.73,0,0
2309.96,15,1209,0,0,1,0,2,1189.91,0,0
1617.98,14,899,0,0,0,0,4,2914.5,0,0
1979.36,19,523,1,0,1,1,3,1179.23,0,0
9503.22,20,77,1,0,4,3,7,1593.92,0,1
4536.57,3,172,0,1,2,2,7,1280.25,0,1
5926.74,0,45,1,1,1,2,10,956.48,1,1
19058.97,1,132,1,1,4,4,8,925.31,0,1
2412.22,21,623,0,0,0,0,3,2293.41,0,0
5496.09,23,238,1,1,4,2,6,1586.18,1,1
2891.76,11,688,0,0,0,0,2,969.88,0,0
1513.23,8,825,0,0,2,1,2,2290.43,0,0
11903.55,4,93,1,1,2,5,9,2284.63,1,1
1898.58,13,1074,0,0,0,2,2,2211.78,0,0
7535.35,1,92,1,1,3,7,5,2301.98,0,1
4872.98,2,123,1,1,3,2,5,2236.09,1,1
3212.55,20,416,0,1,2,0,5,1095.5,0,0
3883.25,2,215,1,0,1,0,7,1832.26,1,1
2390.86,1,40,0,1,3,3,6,1270.53,1,1
5118.94,21,1004,0,0,1,3,4,1798.62,0,0
6843.87,2,55,0,0,3,4,8,1816.99,1,1
2358.59,16,90,0,1,1,2,13,1987.46,0,1
3527.29,9,447,0,0,0,4,1,3554.78,0,0
4083.96,2,85,0,1,5,3,2,2425.03,1,1
1455.06,10,442,1,0,1,0,2,2301.29,0,0
9070.08,23,129,1,0,4,5,6,2017.46,1,1
4624.85,11,236,1,1,4,8,10,2075.73,1,1
2565.25,4,76,1,1,5,5,7,1257.99,1,1
1625.57,19,1138,0,1,0,1,9,2632.75,0,0
10257.31,4,182,1,1,1,5,9,1196.03,1,1
5586.84,3,16,1,1,3,5,4,2000.13,1,1
2780.21,21,386,0,0,0,0,1,1569.85,0,0
2607.57,7,19,1,1,4,1,1,1577.12,1,1
2007.72,16,1143,0,0,0,0,2,2336.31,0,0
1128.38,21,1367,0,0,0,0,4,1005.53,0,0
5240.21,2,58,1,1,3,2,6,1299.03,0,1
6676.61,1,157,1,1,3,1,8,3473.95,1,1
1208.63,11,1097,0,0,0,0,2,4433.07,0,0
3672.47,14,116,1,1,5,3,16,2094.5,1,1
7744.51,1,90,1,1,4,0,7,1706.03,1,1
3915.63,10,134,0,0,0,1,1,1745.58,0,0
21009.32,2,41,1,1,2,3,8,2477.56,1,1
11089.97,0,137,0,1,3,3,10,2774.39,1,1
1009.06,17,1359,0,1,0,0,2,1660.39,0,0
1507.2,20,1212,0,0,0,1,7,1542.0,0,0
3847.31,11,898,0,0,0,0,2,1361.77,0,0
7242.65,5,151,0,1,4,3,8,2732.32,1,1
2606.47,8,1280,0,0,0,2,2,1422.97,0,0
1628.08,12,981,1,0,0,1,1,1868.88,0,0
3009.93,2,108,1,1,1,4,7,1231.4,0,1
1502.66,13,302,0,0,0,1,4,2736.61,0,0
2471.52,2,10,0,0,4,3,8,1229.99,1,1
1829.45,9,1442,0,0,0,0,2,979.98,0,0
8969.09,4,135,0,1,3,5,6,2014.9,0,1
7195.84,2,1,0,1,5,1,8,1869.91,1,1
7821.74,3,8,1,1,2,2,15,2182.04,0,1
3478.84,3,131,0,1,3,1,6,1994.16,1,1
2012.74,13,1362,0,0,1,1,3,1755.16,0,0
1871.81,9,132,0,1,0,0,1,1092.99,1,0
18505.42,2,126,1,1,2,3,11,2200.16,0,1
2722.44,4,164,1,1,1,3,5,3003.35,0,1
2930.45,4,2,0,1,5,3,11,1339.22,1,1
2149.94,21,822,1,0,0,0,1,2220.32,0,0
1949.3,14,1070,0,0,0,0,2,1358.98,0,0
14873.67,0,77,1,1,4,3,6,1800.01,1,1
4142.63,0,53,0,1,3,5,9,1473.04,0,1
10963.93,16,133,0,1,5,0,3,2275.97,0,1
2990.12,0,151,1,1,2,4,7,1639.6,1,1
1518.37,8,1069,0,0,0,0,2,1878.27,0,0
5068.45,3,143,1,1,4,7,3,2676.39,1,1
997.93,8,930,0,0,0,1,2,2939.97,0,0
1196.48,9,149,0,0,0,0,1,1605.06,0,0
1515.71,13,147,0,0,0,0,1,1083.93,0,0
3473.19,5,112,1,1,1,5,7,2126.02,0,1
5059.14,16,195,0,1,4,0,10,2026.79,1,1
17205.76,10,2,1,1,2,2,4,2323.53,0,1
5012.72,3,189,1,1,5,4,10,1891.84,1,1
11076.87,2,203,0,0,5,0,10,1895.34,1,1
6324.25,5,126,1,1,5,5,8,1270.89,1,1
2993.08,3,118,1,0,5,4,21,1180.65,1,1
1721.04,19,1125,0,0,0,0,1,1849.82,0,0
783.71,11,1258,0,0,0,1,1,2906.07,0,0
2391.87,6,32,1,1,2,6,6,1218.99,1,1
1066.24,11,1195,0,0,0,0,1,3484.51,0,0
2883.74,17,916,0,0,0,0,5,1858.62,0,0
2754.07,14,493,1,0,1,0,3,1623.97,0,0
1600.65,8,1142,0,0,0,1,6,1854.98,0,0
1407.84,18,1369,0,0,0,0,3,1132.17,0,0
5159.69,5,37,0,1,5,7,6,1134.78,0,1
12275.81,0,145,1,1,3,3,10,1867.95,0,1
3518.18,0,171,1,1,4,1,5,4033.17,1,1
1042.14,12,578,0,0,0,0,5,1198.04,0,0
11511.06,23,25,1,1,5,4,7,2227.22,1,1
2231.58,14,1076,0,0,0,2,1,1674.05,0,0
2612.32,19,816,0,0,1,1,3,2294.44,0,0
3559.96,19,249,1,1,4,3,11,1535.63,1,1
1435.0,9,567,0,0,1,0,7,2950.07,0,0
3249.85,3,150,0,1,5,4,10,3038.53,1,1
465.09,18,141,0,1,0,0,2,1295.15,0,0
9104.18,1,216,1,1,5,5,7,1043.63,0,1
6059.27,1,242,1,1,3,2,5,1479.56,1,1
947.11,15,531,0,0,0,0,5,1537.33,0,0
2296.72,18,1122,0,0,2,1,4,2949.59,0,0
13083.83,0,64,1,1,2,7,7,1221.36,0,1
3535.85,3,51,0,1,3,3,10,1979.1,1,1
1705.72,20,1067,0,1,0,1,3,1888.5,0,0
5366.3,3,85,1,0,5,5,10,2724.46,1,1
4273.97,17,510,0,0,0,2,2,1496.61,0,0
6499.87,3,156,1,0,1,2,9,1628.62,1,1
2338.71,17,1290,0,0,0,0,1,1827.05,0,0
1937.79,19,1353,0,0,0,0,2,1888.97,0,0
1945.84,21,995,0,0,0,0,4,1043.12,0,0
3484.08,4,145,1,1,5,3,5,1749.16,1,1
2579.0,3,111,0,1,3,4,8,1725.8,0,1
11480.44,0,184,1,1,5,3,7,2074.55,0,1
6897.13,10,248,1,0,5,7,15,1902.58,1,1
2399.05,5,214,1,1,3,3,3,1877.73,1,1
2629.67,15,954,0,0,0,0,2,1893.32,0,0
744.45,12,959,1,0,2,1,2,1829.81,0,0
3082.01,2,121,1,1,5,6,8,1862.93,1,1
7591.41,5,130,0,1,3,6,3,1778.34,0,1
2283.9,8,958,0,0,0,0,5,1181.69,1,0
5972.52,4,9,1,1,3,3,5,1492.96,0,1
5423.54,4,94,1,1,3,6,8,1157.88,0,1
4053.11,4,184,1,0,3,4,15,1328.11,0,1
3684.28,21,680,0,0,0,0,3,1778.98,0,0
2820.86,14,1018,0,0,0,1,3,1110.22,0,0
6391.87,0,183,1,0,5,5,12,1141.24,0,1
2663.21,1,77,0,1,2,4,4,2190.19,1,1
1879.51,18,690,0,0,0,1,2,2348.08,0,0
4024.35,9,244,1,0,3,1,12,3669.81,1,1
4019.99,21,179,1,0,1,0,7,968.92,1,1
1997.99,21,587,0,1,0,0,2,1998.11,0,0
10020.62,3,127,0,1,5,4,10,2256.15,1,1
3791.52,2,167,1,1,5,1,9,2821.7,1,1
7662.08,2,117,1,0,5,3,11,1482.78,1,1
3297.82,23,208,1,1,2,1,6,1825.05,1,1
2104.7,8,1325,0,0,0,1,2,2565.33,0,0
1937.19,11,177,0,0,0,0,1,1548.06,0,0
13421.21,2,214,1,1,3,6,7,1310.67,1,1
1311.06,21,546,0,0,0,0,3,888.05,0,0
2284.17,19,86,0,0,0,0,1,2263.7,0,0
1916.21,15,211,0,0,0,1,1,1347.23,0,0
5499.67,3,143,1,1,1,3,8,1941.23,0,1
4818.95,22,243,1,1,4,3,11,1222.59,1,1
1220.19,4,207,1,1,1,3,7,1849.96,1,1
8649.13,2,126,1,0,1,4,7,1352.06,1,1
2317.13,17,1283,0,0,1,0,5,1957.59,0,0
1192.66,19,1235,0,1,0,0,1,1760.73,0,0
3676.3,8,170,0,0,0,1,3,1653.46,0,0
2018.08,10,452,0,0,0,0,3,1335.27,1,0
14293.11,15,5,1,1,4,3,13,1045.38,0,1
1564.28,10,1354,0,0,0,1,5,2318.15,0,0
2089.38,18,475,0,0,0,0,3,1324.07,0,0
2095.24,8,879,0,0,2,2,4,1452.45,0,0
2952.13,17,1303,0,0,0,0,0,2278.27,0,0
2362.25,22,146,0,0,1,0,5,1496.71,0,0
1643.87,9,603,0,1,0,1,4,2234.47,0,0
1070.19,18,291,0,0,0,0,4,1920.9,0,0
2403.73,11,1486,0,0,0,0,5,1261.97,0,0
7960.77,4,55,1,0,2,0,8,1461.05,0,1
3175.05,21,1121,0,0,0,1,5,1528.05,0,0
13265.55,0,144,1,1,3,4,6,3147.81,1,1
1006.66,10,924,1,0,0,1,3,2291.11,0,0
2282.24,19,928,0,0,0,0,3,1170.41,0,0
8377.53,4,46,1,1,4,1,9,1079.62,1,1
3859.31,4,89,1,1,4,1,6,2104.97,1,1
1854.07,15,199,1,1,3,2,7,1565.52,1,1
8146.34,12,157,1,1,3,5,8,1668.63,1,1
2114.41,1,249,1,0,5,2,8,1575.53,0,1
7968.08,1,160,1,0,1,3,8,1606.97,1,1
5125.05,13,904,0,0,2,0,1,1947.55,0,0
4550.0,1,116,1,1,5,3,11,1846.07,1,1
623.24,18,990,0,0,0,0,5,1769.24,0,0
2972.12,3,238,0,1,3,3,8,1023.65,1,1
1772.48,9,392,0,0,0,0,1,1138.67,0,0
1900.15,20,813,0,0,0,0,1,1185.67,0,0
6508.34,2,41,1,1,5,2,8,1973.45,1,1
1332.36,18,743,1,0,0,1,4,2669.91,0,0
3564.39,22,621,0,0,1,0,3,1373.15,0,0
8167.19,1,149,1,1,2,5,7,1928.89,1,1
5084.83,0,159,1,1,3,1,6,2558.47,0,1
2503.17,9,259,0,0,1,2,4,1425.13,0,0
1886.31,22,619,0,0,0,0,3,3286.88,0,0
9474.72,5,47,1,1,3,3,5,2148.34,1,1
668.48,15,517,0,0,2,0,2,1598.37,0,0
3430.93,22,105,0,0,0,0,0,1631.96,0,0
1727.09,15,1307,0,1,0,0,2,1375.6,0,0
1449.42,8,1321,0,0,1,0,5,1957.66,0,0
4972.78,1,237,1,1,5,4,5,1421.74,1,1
5062.1,20,122,0,0,5,4,4,1747.64,1,1
6888.72,2,138,0,1,1,3,5,3649.98,1,1
10341.1,5,63,1,1,5,1,9,1507.7,0,1
3031.53,21,150,0,0,0,1,3,953.88,0,0
1027.89,9,399,0,0,0,0,5,3306.05,0,0
9263.65,0,163,1,1,1,1,11,2134.93,1,1
4071.27,22,368,0,0,0,0,2,1818.81,0,0
2910.34,18,1391,0,0,0,0,5,1669.63,0,0
1493.46,9,379,0,0,0,0,1,2169.66,0,0
10394.67,5,128,1,1,2,2,7,2703.78,0,1
3381.82,0,213,0,1,1,1,7,1865.65,1,1
14044.44,12,22,1,1,3,2,6,2081.08,1,1
1821.19,11,1048,0,0,0,0,1,1876.02,0,0
3178.42,20,1030,0,0,0,0,2,2996.34,0,0
2361.28,16,620,1,0,0,0,4,1914.8,0,0
1348.53,13,148,0,0,2,2,0,1154.39,0,0
3081.09,20,1468,0,0,1,0,3,4108.85,0,0
3733.38,3,165,1,1,2,4,8,2486.2,1,1
1824.47,19,379,0,0,0,0,5,1092.27,0,0
7755.19,21,133,0,1,2,2,5,1652.58,1,1
1757.33,21,1230,0,0,1,2,3,1833.27,0,0
5452.55,2,225,1,0,4,3,6,2479.22,1,1
3695.42,13,581,0,0,1,0,2,1098.33,0,0
11192.22,23,80,1,0,1,4,9,1410.02,1,1
1719.52,11,842,0,0,0,0,2,1560.04,0,0
8293.0,18,103,1,1,4,5,12,2906.11,0,1
2027.71,6,234,1,0,5,5,10,1269.94,1,1
1997.52,19,109,0,1,2,2,15,1315.7,0,1
10481.51,16,164,1,1,1,4,7,2453.8,1,1
970.68,13,968,0,0,1,0,1,929.94,0,0
2085.97,20,398,0,0,1,1,2,2264.59,0,0
529.27,10,192,0,0,1,2,1,2717.37,0,0
4108.62,2,28,1,1,4,3,8,1846.47,0,1
14050.66,3,78,1,1,3,3,7,1451.95,1,1
5791.04,5,68,1,1,4,2,8,2113.57,1,1
6996.18,3,5,1,1,4,6,8,1159.26,1,1
5261.45,0,131,1,1,5,5,10,1764.61,0,1
2582.59,18,1148,0,0,1,3,1,1745.09,0,0
1381.72,19,1120,0,0,0,1,6,2042.41,0,0
1261.54,20,467,0,0,1,0,2,2977.34,0,0
4213.24,1,6,1,1,4,3,9,1133.78,1,1
4131.89,11,206,1,0,3,1,5,2224.65,1,1
478.85,11,309,0,0,0,0,0,2985.2,0,0
2235.61,21,1463,0,0,0,0,2,2178.23,0,0
8185.05,2,79,1,1,4,1,9,2174.01,0,1
1526.69,1,157,1,1,5,3,3,2470.32,0,1
2076.88,20,504,0,0,1,0,4,1329.53,0,0
11274.41,4,114,1,1,5,1,6,1355.54,0,1
8861.65,0,4,1,1,3,4,7,2127.45,1,1
5573.17,15,58,1,1,3,0,4,2108.46,0,1
2197.69,16,133,0,0,0,1,3,2202.23,0,0
5288.78,5,241,1,0,1,3,6,1310.71,0,1
8776.28,12,245,1,0,4,2,8,3172.13,1,1
5457.16,5,52,1,1,3,2,10,2263.85,1,1
1603.79,14,981,0,0,0,0,4,1189.71,0,0
6014.88,4,197,0,1,3,1,9,1618.51,0,1
2618.87,11,510,0,0,1,1,4,1129.45,0,0
3244.02,5,210,1,1,2,0,8,2089.13,1,1
1102.69,18,420,0,0,0,0,4,2551.69,0,0
3541.28,3,58,1,1,4,2,7,1582.24,0,1
1373.94,10,114,0,0,2,0,4,751.13,0,0
3269.11,3,80,1,1,4,2,9,1816.51,1,1
3834.08,4,44,1,1,4,1,6,2273.36,1,1
5327.89,4,52,1,1,3,8,7,1344.54,1,1
3660.62,2,134,0,0,2,3,9,2047.39,1,1
1614.33,12,437,0,0,0,0,1,1759.73,0,0
6340.77,2,102,1,1,2,3,10,2187.51,1,1
2749.2,9,178,0,0,0,0,6,1367.68,0,0
3127.86,12,1204,0,0,0,1,3,1853.59,0,0
5493.19,11,62,1,1,4,6,7,2099.52,1,1
1473.67,19,293,0,0,1,0,3,1212.54,0,0
2129.72,22,550,1,0,0,0,1,2608.34,1,0
2658.19,8,812,0,0,0,0,5,2184.21,1,0
1172.34,22,582,0,0,0,1,2,2226.31,0,0
1001.23,20,921,0,0,0,0,5,1746.37,0,0
26732.07,1,205,1,1,2,1,10,3175.35,1,1
7170.29,0,220,1,0,2,5,5,2812.83,1,1
12246.27,2,180,1,0,4,3,8,1444.14,1,1
3276.73,4,38,1,1,5,7,9,2285.8,1,1
8481.4,3,162,1,1,4,6,3,1530.6,1,1
1501.29,11,489,0,0,0,0,7,2217.12,0,0
2812.36,16,894,0,0,0,0,1,1371.41,0,0
2950.75,19,1404,0,0,0,0,5,1376.66,0,0
14301.36,7,152,1,1,5,6,8,1029.06,1,1
8607.15,1,133,0,0,1,2,6,2493.14,1,1
10938.65,5,234,0,1,3,6,7,2987.85,0,1
3859.54,1,235,1,0,2,3,6,988.98,0,1
3719.54,23,238,1,1,4,2,7,2693.55,1,1
11693.86,3,145,1,1,1,2,7,2276.59,0,1
4891.05,0,139,1,1,5,2,10,1653.51,0,1
2244.23,22,1153,0,0,0,1,3,1581.52,0,0
1328.86,18,1360,0,0,0,2,1,1457.33,0,0
3219.9,5,168,1,1,5,4,5,1820.57,1,1
2616.65,1,157,1,1,5,2,11,1477.36,1,1
8651.37,18,161,1,1,3,4,6,1086.85,1,1
3341.56,1,110,0,1,4,6,6,1725.03,1,1
1944.38,14,748,0,0,0,1,1,2185.15,0,0
8658.38,1,73,1,1,3,0,10,2158.04,1,1
1740.32,13,1301,1,1,0,0,7,1605.19,0,0
2227.5,22,542,0,0,0,1,4,3378.46,1,0
2244.95,13,1389,0,0,0,0,4,1869.44,0,0
5357.46,4,20,1,1,4,0,5,1090.29,0,1
17326.56,3,24,1,1,4,1,9,2513.91,0,1
1019.9,20,444,0,0,0,1,1,3321.78,0,0
10547.3,0,18,0,1,5,3,6,2093.66,1,1
2266.03,12,1002,0,0,0,0,5,3231.58,0,0
2782.25,15,115,1,1,5,2,10,1371.71,1,1
1619.83,18,80,0,0,0,1,1,1963.23,0,0
1850.15,9,93,0,0,0,1,2,3755.65,0,0
8138.68,4,227,1,0,1,4,12,1776.0,0,1
9285.7,1,216,0,1,5,1,7,1827.57,0,1
1418.02,13,163,0,0,0,0,1,1652.59,0,0
8030.63,2,237,1,1,4,4,5,1112.29,1,1
2610.3,16,929,0,0,0,0,2,2068.56,0,0
1803.72,13,634,0,0,0,0,2,873.54,0,0
4629.71,2,6,1,0,2,2,6,1668.53,0,1
21724.51,3,224,1,1,5,1,9,2010.14,1,1
5119.48,5,231,1,1,4,2,2,1539.66,1,1
2160.33,10,945,1,0,0,0,5,3224.63,0,0
759.25,17,385,0,0,0,0,4,1800.84,0,0
4593.08,2,238,1,1,4,3,6,2686.23,0,1
9133.48,1,40,1,1,4,2,9,3000.91,1,1
13848.93,3,115,1,1,5,3,12,901.78,1,1
3182.9,18,1069,1,0,0,1,1,798.53,0,0
10780.86,5,132,1,1,5,4,4,1284.37,1,1
1324.27,13,472,0,1,0,0,6,1717.57,0,0
1129.7,12,910,0,0,0,0,3,3063.57,0,0
9012.95,4,235,1,1,5,3,6,2879.64,0,1
12267.48,1,237,1,1,4,1,7,1274.2,0,1
1195.78,15,914,0,1,0,0,4,1785.37,0,0
2985.66,11,393,0,0,0,0,1,1442.36,0,0
3605.93,15,62,1,1,5,2,9,2097.49,1,1
7566.98,3,106,0,1,4,1,4,2317.3,1,1
10285.87,2,133,1,1,3,1,7,1818.95,0,1
12810.46,5,74,0,0,4,5,6,1518.85,1,1
2881.4,15,160,0,0,0,0,1,1666.4,0,0
4999.66,0,183,1,1,5,6,5,1433.43,1,1
3201.45,17,1104,0,0,2,1,3,1326.17,1,0
3061.39,1,65,1,1,2,5,8,1134.98,1,1
3045.27,9,442,0,1,0,0,3,3922.84,0,0
1357.74,22,883,0,0,0,1,2,1878.1,0,0
3074.72,16,74,0,0,0,0,3,1203.38,0,0
1553.55,21,567,0,0,0,1,3,2015.06,0,0
1833.35,15,264,0,0,1,1,3,2418.66,1,0
1859.28,21,773,0,0,0,1,5,1331.46,0,0
2244.37,11,159,0,1,0,0,3,2093.92,0,0
3121.26,2,131,1,1,5,4,6,2023.7,1,1
18395.56,0,172,0,1,4,0,13,2162.99,1,1
9035.3,21,220,0,1,5,1,8,1936.99,1,1
1154.62,13,934,0,0,0,0,6,1239.03,0,0
1706.05,17,1153,0,0,0,0,5,1214.69,0,0
7007.6,14,86,1,1,3,5,9,1890.24,1,1
5267.08,21,198,1,1,3,4,9,1656.27,1,1
2053.3,19,179,0,0,1,1,5,2931.91,0,0
5156.33,5,38,1,1,1,3,12,2239.87,1,1
848.78,17,696,0,0,0,1,5,1132.09,0,0
2417.81,15,1052,0,0,1,1,2,1136.03,0,0
3943.48,5,230,0,1,5,3,7,970.45,0,1
3637.03,9,1256,0,0,1,0,5,2265.43,0,0
2472.69,21,591,0,0,1,0,4,1286.09,0,0
1412.49,18,824,0,0,0,1,3,1229.76,1,0
2775.46,1,171,1,1,5,5,8,1432.85,1,1
5128.03,19,1407,0,0,0,1,1,2702.8,1,0
1632.48,8,1051,0,0,0,0,2,2715.83,0,0
4451.52,23,148,1,1,1,3,13,2631.6,0,1
2543.84,22,1281,0,0,0,1,5,1716.58,0,0
3981.8,10,90,0,0,0,0,4,1374.27,0,0
10427.2,5,203,1,1,5,3,10,1507.62,0,1
2144.79,17,520,0,0,1,2,1,1575.55,0,0
7618.76,0,184,1,1,3,0,10,1847.67,0,1
1871.98,10,1346,0,0,1,2,1,1323.65,0,0
3117.45,15,460,0,1,0,0,2,1927.67,0,0
4178.25,17,236,0,0,0,0,3,1694.76,0,0
971.45,12,1169,0,1,1,0,5,1865.99,1,0
4356.57,5,24,0,1,3,1,13,1681.21,1,1
5195.36,0,204,1,1,5,4,5,1168.56,1,1
7868.67,5,193,1,1,4,4,12,1721.68,1,1
6500.51,4,27,1,1,3,2,7,3027.42,0,1
7306.46,2,176,1,1,4,1,9,770.28,1,1
3935.67,1,38,1,0,4,1,9,2694.43,1,1
4204.6,6,56,1,1,4,3,2,1564.57,0,1
1533.72,10,361,1,0,0,2,0,1635.37,0,0
3609.39,19,429,0,0,1,1,1,2684.13,0,0
6257.07,1,2,1,1,5,1,9,1952.84,0,1
2212.33,15,842,0,0,0,0,2,1811.4,0,0
2058.91,15,170,0,0,0,1,2,1968.04,0,0
789.75,17,1201,1,0,0,1,6,1654.45,0,0
6291.84,3,17,1,0,2,4,6,2102.68,1,1
2156.64,10,1185,0,0,0,0,1,1454.32,0,0
1477.48,15,382,0,0,0,0,4,1531.9,0,0
2502.66,17,128,1,1,3,2,6,2375.93,1,1
2547.58,17,1286,0,0,1,0,3,2336.36,0,0
3929.56,8,1331,1,0,0,0,5,2060.47,0,0
15894.49,0,218,1,1,2,5,9,2535.82,1,1
3757.07,2,5,0,1,5,1,7,1635.51,1,1
2091.95,16,1124,0,0,0,1,3,2508.24,0,0
2069.59,8,97,0,0,0,0,2,2130.24,1,0
5720.88,4,241,1,1,4,3,10,1673.54,1,1
2043.51,15,649,0,0,1,2,2,1928.17,0,0
2863.09,2,19,1,0,2,0,9,3054.67,1,1
3359.66,21,682,0,0,0,1,3,2021.29,0,0
7628.61,3,205,1,1,1,1,9,2581.98,0,1
7325.78,4,231,1,1,2,4,7,1809.36,1,1
13188.04,18,11,0,1,1,2,6,3002.53,1,1
5093.43,21,646,0,0,0,1,3,1379.44,0,0
1429.3,18,1219,0,0,1,0,3,1999.47,0,0
2133.23,22,232,0,1,0,0,4,2726.89,0,0
7202.91,2,94,1,1,4,6,8,1610.78,1,1
17006.85,13,138,1,1,3,5,11,1184.25,1,1
4994.46,2,154,1,1,4,3,5,1186.19,0,1
2749.6,5,123,1,0,1,3,5,1415.04,1,1
1888.44,17,662,0,0,0,0,2,2046.51,0,0
4679.91,3,182,1,1,3,3,7,1555.0,1,1
6806.96,4,158,1,1,5,4,6,1602.84,1,1
2217.09,11,1385,1,0,0,2,2,1208.73,0,0
5033.68,3,83,0,1,4,5,5,1853.6,1,1
1868.75,17,721,0,0,0,2,6,1347.15,0,0
2665.34,12,662,0,0,0,1,1,3178.21,0,0
2171.68,16,761,0,0,0,1,2,2014.8,0,0
5579.27,0,227,1,0,5,1,6,1583.42,1,1
9142.83,12,1271,0,0,0,1,4,919.08,0,0
1998.35,12,276,0,0,0,1,4,2487.24,0,0
9043.22,4,55,0,0,4,2,6,2765.64,1,1
1619.37,14,1048,0,0,0,1,2,1906.77,0,0
1733.21,22,1226,0,0,0,2,4,2079.54,0,0
4004.47,17,1442,0,1,0,0,3,2827.17,0,0
3096.75,22,856,1,0,0,1,5,1509.19,0,0
3584.41,3,225,1,1,5,4,4,2397.82,0,1
2244.17,14,1475,0,0,0,0,3,1124.07,0,0
4594.07,22,1480,0,0,0,2,1,1471.43,0,0
12110.35,5,38,1,1,1,3,6,1680.3,1,1
3383.4,0,159,1,1,2,1,6,1502.75,1,1
6119.51,9,636,0,0,0,0,4,1946.29,0,0
1912.77,13,998,0,0,0,1,2,2429.24,0,0
10851.81,22,110,1,1,1,4,7,2126.14,1,1
3552.38,3,125,1,0,5,3,10,2311.71,0,1
15620.52,2,44,1,1,3,3,15,4569.91,0,1
1094.6,15,611,0,0,0,0,3,2046.14,0,0
2928.49,18,1141,0,0,0,0,6,2198.33,0,0
4602.83,8,443,1,0,0,0,1,2451.5,0,0
3072.99,5,59,1,1,3,1,10,1427.27,0,1
4367.29,4,142,0,1,5,2,9,2952.77,0,1
1538.43,17,1495,0,0,0,0,3,1491.77,0,0
3848.04,0,78,1,1,4,2,4,1439.14,1,1
1040.93,18,947,0,0,1,1,4,2851.55,0,0
1909.98,3,128,1,1,3,2,5,2665.99,0,1
850.69,11,1144,0,0,0,0,4,2202.98,0,0
4177.06,3,25,1,1,5,3,9,1519.84,1,1
1951.73,10,104,0,0,0,0,2,927.95,0,0
5675.07,20,395,0,0,1,0,4,2542.39,0,0
6795.28,2,113,0,1,3,4,6,1794.08,1,1
2474.0,8,373,0,0,1,0,3,1311.33,0,0
2180.38,12,871,0,0,0,0,4,1417.18,0,0
5050.22,4,154,1,1,4,0,5,1974.39,1,1
2538.34,20,758,0,0,0,1,3,2498.97,0,0
10310.29,2,248,1,1,2,3,11,2797.59,1,1
2315.57,21,1343,0,0,0,0,3,3702.93,0,0
3927.96,0,126,1,1,5,2,15,1916.42,1,1
1053.76,16,1387,0,0,0,1,6,2891.84,0,0
2206.86,22,1310,0,0,0,0,4,2791.22,0,0
7311.66,3,244,1,1,3,3,5,3084.91,1,1
19109.03,3,152,1,1,4,6,7,1669.91,1,1
1763.38,22,700,0,0,0,0,1,1501.17,0,0
1696.57,4,237,0,1,2,1,3,1751.71,1,1
8655.34,0,140,1,1,5,4,5,1096.91,1,1
2221.94,8,1156,0,0,1,1,1,1936.99,1,0
1657.54,21,1230,0,0,0,0,2,2225.84,0,0
2892.76,17,299,0,0,1,1,1,2916.28,0,0
2515.39,8,1261,0,0,0,0,4,1493.49,0,0
4646.58,10,200,0,0,0,0,3,1630.9,0,0
1765.76,18,1404,0,0,0,1,2,1456.76,0,0
3705.76,22,1384,0,0,0,0,1,1573.38,0,0
1419.57,17,1355,0,0,0,1,5,1286.6,0,0
1797.83,22,1099,0,0,0,1,2,1036.44,0,0
2858.27,19,1490,0,0,1,0,3,2111.81,0,0
6206.18,5,224,1,0,2,2,6,2768.71,0,1
1140.7,14,1036,0,0,2,2,4,1897.47,0,0
1090.83,14,1014,0,0,0,0,1,1754.99,0,0
6271.67,5,241,1,1,4,4,3,1158.05,1,1
2136.85,14,949,0,0,0,0,1,1573.94,0,0
3235.79,3,105,1,1,3,3,13,3638.78,1,1
10502.46,3,84,1,1,4,2,4,2195.28,0,1
1942.93,20,668,1,0,1,0,1,3045.42,0,0
1838.31,22,1200,0,0,0,1,1,1338.12,0,0
6181.79,0,240,0,0,3,2,8,1199.06,1,1
2655.23,9,763,0,0,1,1,3,3579.82,0,0
8818.26,4,164,1,0,2,5,8,1011.74,0,1
13532.18,2,14,1,1,4,2,6,2874.0,1,1
2182.55,18,185,0,0,0,0,4,1351.56,0,0
2245.2,18,976,0,0,1,1,3,2623.21,0,0
6392.54,23,21,1,1,2,5,6,1049.99,1,1
13391.21,2,44,1,1,5,4,9,2468.76,1,1
7666.0,5,117,1,0,4,4,12,852.65,1,1
3842.4,2,70,0,1,3,1,16,1745.53,0,1
1983.75,21,319,0,0,0,1,1,2673.17,0,0
6509.1,3,230,0,1,4,2,11,1984.49,1,1
3418.54,15,1402,0,0,0,1,6,2500.63,0,0
2019.07,12,303,0,0,0,0,2,1437.99,0,0
981.34,13,359,0,0,0,1,2,5053.3,0,0
6833.34,5,171,1,0,1,3,7,2329.41,1,1
6794.53,5,184,1,0,5,6,8,1884.08,1,1
1497.13,22,1053,0,0,0,0,3,1881.74,1,0
6659.04,0,53,0,1,5,5,10,3158.05,1,1
6209.55,9,73,1,1,3,2,7,1396.12,1,1
1630.03,10,1065,0,0,0,2,2,1663.95,1,0
1203.53,12,1126,0,0,0,1,2,1367.7,0,0
1335.36,19,1395,0,0,0,0,4,1625.48,0,0
5348.02,21,887,0,0,0,0,3,1438.15,0,0
9708.56,1,174,1,1,5,1,11,1197.6,1,1
3335.27,9,1021,0,0,0,0,3,1850.65,0,0
2119.89,20,282,0,0,0,1,5,2366.68,0,0
5976.35,1,148,1,1,2,4,3,1669.84,1,1
4652.59,22,302,0,0,1,0,2,1879.7,0,0
1048.11,22,154,1,0,1,0,2,1609.36,0,0
8372.2,0,3,0,1,3,4,13,2130.34,1,1
583.06,22,1184,0,1,0,1,3,1723.29,0,0
1919.14,17,1184,0,0,0,3,3,1705.02,0,0
4061.05,13,1238,0,0,1,0,4,1143.76,0,0
2141.93,9,1165,0,0,0,0,5,1929.13,0,0
3564.96,4,155,0,0,3,2,5,2687.8,0,1
3671.7,0,147,1,1,2,1,9,1823.15,1,1
13111.24,5,50,1,1,4,2,11,1059.84,0,1
1813.08,22,1491,0,0,0,1,1,1469.29,0,0
1524.12,22,1011,0,1,0,1,2,3489.85,0,0
3603.8,1,74,0,1,5,6,10,1108.36,0,1
11456.35,0,246,1,1,4,5,9,1330.8,1,1
1806.21,21,1199,0,0,0,1,2,1415.85,0,0
989.76,10,771,0,0,0,1,4,2315.12,0,0
3863.58,3,145,0,1,4,1,1,1564.65,0,1
953.82,12,929,0,0,0,1,1,1898.3,1,0
5272.52,3,213,1,1,3,4,8,2652.27,1,1
10732.8,2,220,1,0,3,2,6,2207.86,1,1
2969.85,0,4,1,1,3,5,12,1573.0,0,1
1062.52,10,300,0,0,0,1,0,1114.31,0,0
6760.73,1,196,0,0,5,1,8,1917.13,1,1
5595.23,21,133,1,1,3,4,7,1286.69,1,1
3353.96,1,19,1,1,3,2,4,1948.97,1,1
3150.02,8,144,0,0,0,0,4,1922.09,0,0
1792.0,10,377,0,0,1,0,1,1952.66,1,0
1969.29,8,130,1,1,3,0,8,1554.2,1,1
1295.11,21,1090,0,0,0,2,5,2243.84,0,0
3465.91,3,13,1,1,5,2,9,1424.67,0,1
10914.76,3,234,0,0,3,3,4,1802.74,0,1
2669.37,21,414,0,0,0,0,2,2122.08,0,0
1741.18,10,1134,0,0,0,1,1,1557.75,0,0
3706.13,3,213,1,1,4,3,7,1646.63,1,1
2477.0,19,1301,1,0,0,0,1,2064.72,0,0
4613.81,3,31,1,1,5,1,5,2175.07,1,1
2303.8,21,1012,0,0,0,0,1,1558.46,0,0
2054.67,14,378,0,0,0,2,4,1447.59,0,0
2482.88,12,1471,0,0,1,1,7,2926.18,0,0
1160.42,17,1194,0,0,0,0,2,3046.32,0,0
2394.1,16,1062,0,0,1,0,4,2268.6,0,0
3581.89,8,802,1,0,0,0,2,1151.36,0,0
3037.9,21,698,0,0,0,0,3,3365.11,0,0
2627.02,11,1364,1,0,0,0,2,1398.27,0,0
2063.82,14,929,0,0,0,1,3,2720.83,0,0
6838.19,1,171,1,0,4,0,10,2173.45,1,1
3001.43,18,427,0,0,0,1,5,1130.5,1,0
6464.14,1,110,0,1,2,2,9,1403.55,1,1
4058.26,0,117,1,1,2,4,9,1422.55,1,1
13986.29,5,91,1,1,3,0,9,1600.66,0,1
2009.23,13,794,0,0,0,0,5,2301.88,0,0
3009.37,9,1468,0,0,0,1,8,2008.95,0,0
1019.58,22,185,0,0,0,0,4,1830.86,0,0
1329.42,13,352,0,0,0,2,5,1305.48,0,0
4884.4,22,57,1,1,1,1,10,2098.27,1,1
2236.46,20,234,0,0,0,0,3,1272.1,0,0
2759.99,15,1385,0,0,0,1,3,1532.5,0,0
6208.97,4,165,0,1,4,2,8,1402.33,1,1
3608.07,15,317,0,0,0,0,2,3435.84,0,0
8059.11,0,46,1,1,4,2,11,2315.05,0,1
4065.72,1,87,0,0,5,7,10,1783.08,1,1
3655.95,12,951,0,0,0,1,2,1665.98,1,0
4688.27,1,213,1,0,3,4,10,1973.54,0,1
4461.36,14,1233,0,0,1,0,4,1964.43,0,0
945.39,9,414,1,1,1,1,4,1180.61,0,0
1594.36,18,247,0,1,1,0,4,1907.19,1,0
7687.85,5,225,1,0,3,1,11,1884.54,1,1
7096.08,13,22,0,1,3,3,8,1649.97,1,1
8107.95,5,87,1,1,3,1,13,5062.81,1,1
3359.54,5,5,1,1,5,3,4,1609.19,1,1
813.55,19,1035,0,1,0,0,3,3294.66,0,0
4106.16,12,1115,0,0,0,1,2,2677.17,0,0
4364.34,22,1239,1,0,1,0,4,1392.11,0,0
4193.28,12,162,1,1,3,0,7,1356.42,0,1
2017.01,16,743,0,0,1,1,4,3752.63,0,0
2491.01,16,360,1,1,0,0,3,2205.91,0,0
1260.44,19,1113,0,0,0,0,2,1838.38,0,0
1217.38,18,813,0,0,0,1,3,1771.4,0,0
2042.42,9,1160,0,0,0,0,4,1776.61,0,0
924.33,15,689,0,0,0,0,5,1483.71,0,0
4820.29,10,96,1,1,3,2,5,1714.19,1,1
1670.62,10,1213,0,0,1,0,3,1907.09,0,0
3388.75,19,1434,0,1,0,0,5,1110.12,0,0
6696.4,4,224,1,1,3,3,8,1847.1,1,1
2272.43,19,1455,0,0,0,0,2,3669.79,0,0
7865.39,0,2,1,0,4,3,10,2495.41,1,1
14983.17,9,209,1,1,3,3,12,1023.97,0,1
3227.61,2,37,1,1,4,4,10,1573.66,0,1
2084.59,18,783,0,0,1,0,3,938.18,0,0
1117.47,18,893,0,1,1,1,6,1872.47,0,0
33573.86,3,74,1,1,4,5,9,1121.87,0,1
3646.81,5,199,1,1,2,3,10,1843.47,0,1
5332.48,2,67,1,1,3,6,9,2797.87,0,1
4966.01,4,154,1,1,4,2,11,3174.92,0,1
1982.69,22,700,0,1,0,2,5,2000.72,0,0
4501.16,4,90,1,1,4,3,5,1919.71,1,1
6060.41,6,209,1,1,4,6,11,1837.86,1,1
9197.53,2,193,1,1,3,4,8,1153.44,1,1
1854.12,10,108,0,1,0,0,3,3216.0,0,0
7777.3,1,7,0,1,3,4,5,2291.92,0,1
4261.46,3,67,1,1,2,1,8,1930.52,0,1
1569.97,20,874,0,0,0,1,4,1641.73,0,0
2960.43,19,593,0,0,0,2,2,834.02,0,0
2127.81,22,1212,0,0,0,0,4,2554.07,0,0
4523.02,14,683,0,0,0,1,0,2204.29,0,0
3116.15,16,835,0,0,0,0,2,1854.37,0,0
6194.43,4,201,0,1,5,1,10,3912.58,0,1
1794.24,14,644,0,0,0,0,2,2217.01,0,0
6485.75,4,146,1,1,2,5,5,1846.5,1,1
2921.37,3,224,1,0,4,4,12,2426.74,1,1
4002.61,3,106,1,0,5,6,4,2614.63,0,1
20102.18,4,188,1,1,3,4,9,2994.4,1,1
1088.02,18,113,0,0,0,0,2,2115.17,0,0
2392.44,19,458,0,0,1,1,2,1918.75,0,0
2592.44,18,956,0,0,0,0,4,3417.61,0,0
2540.27,4,172,1,1,3,9,10,1130.95,1,1
1152.77,12,590,0,0,0,0,5,1627.07,0,0
4951.62,4,102,1,0,2,2,12,2198.22,1,1
1814.78,15,1295,0,0,0,0,4,1581.86,0,0
2778.72,18,439,0,0,0,0,2,1753.25,0,0
1456.09,19,1030,0,0,0,1,5,2956.66,0,0
2326.75,14,829,0,0,0,1,0,2211.81,0,0
2831.51,10,151,1,1,5,5,13,1331.94,1,1
6153.52,3,202,1,1,5,2,7,642.16,1,1
14385.01,1,203,1,1,2,4,9,1287.06,1,1
2077.14,8,274,0,0,0,0,2,1423.21,0,0
4057.62,1,143,1,0,3,1,9,1750.98,0,1
3676.51,1,68,1,1,4,6,7,1875.79,1,1
10756.17,1,110,1,1,2,3,11,1030.26,1,1
3058.02,11,402,0,0,0,0,1,3065.84,0,0
962.56,18,1114,0,0,1,0,0,1565.2,0,0
3505.2,13,1379,0,0,0,2,1,3213.33,0,0
1473.28,22,796,0,0,0,0,3,843.18,0,0
1627.77,10,1045,0,0,1,3,1,2132.87,0,0
1719.52,19,827,0,0,0,0,3,1945.43,0,0
2213.37,9,1105,0,0,0,2,3,896.22,0,0
12491.53,0,193,1,1,4,4,6,1971.84,1,1
1760.74,9,431,0,0,0,0,1,2664.72,1,0
3969.36,12,324,0,0,0,0,2,1612.72,0,0
2118.68,13,193,0,1,0,0,2,1968.91,0,0
4238.01,5,10,1,1,3,5,6,1112.36,1,1
3222.77,19,1307,0,0,0,2,3,1486.37,0,0
4440.56,0,192,1,0,3,4,8,1312.5,0,1
3356.17,2,201,1,0,3,2,7,1479.42,1,1
1996.34,14,472,0,0,1,0,4,1547.96,0,0
2310.59,13,404,0,0,1,0,4,3742.59,0,0
2117.89,4,72,1,1,1,3,8,2465.16,1,1
3884.63,4,68,1,1,4,2,1,1413.27,1,1
8969.58,4,42,1,1,1,2,10,1345.96,1,1
1710.46,8,1063,1,0,0,1,0,1198.8,0,0
6059.75,1,68,1,1,1,2,9,2339.68,1,1
6853.89,4,246,1,1,3,9,5,4294.46,0,1
2014.79,18,839,0,0,1,1,3,1280.15,0,0
2337.07,21,875,0,0,1,0,2,949.93,1,0
10160.85,2,17,0,1,3,4,6,1837.01,1,1
4051.07,13,674,0,0,0,2,5,1963.4,0,0
9837.82,1,232,1,0,3,6,9,1521.51,1,1
4464.7,12,114,0,1,1,2,4,1933.64,1,1
3914.89,16,208,0,1,3,3,10,1830.4,0,1
2058.81,22,677,0,0,0,0,7,1396.31,0,0
1578.54,16,430,0,0,0,1,3,1425.55,0,0
3673.9,5,182,1,0,3,0,9,1507.54,0,1
3152.89,4,34,1,1,5,3,8,2201.76,1,1
18492.32,5,169,1,1,1,2,9,1549.48,0,1
9244.21,4,220,0,0,1,5,4,1984.88,1,1
4675.59,3,37,1,1,5,5,6,1441.59,0,1
15329.9,5,45,1,1,1,1,6,1589.74,1,1
3367.28,0,49,1,1,2,1,8,1375.95,1,1
929.59,10,172,0,0,0,0,2,1457.11,0,0
4634.35,1,246,1,1,4,4,13,1107.67,1,1
5314.13,19,109,1,1,4,6,7,1917.26,1,1
38729.37,6,162,1,1,2,4,6,2499.56,0,1
3941.46,4,233,1,1,2,4,5,2114.17,1,1
1838.67,16,540,0,0,1,1,6,2308.8,0,0
2613.21,2,39,1,1,5,1,5,1826.37,1,1
4098.12,17,1373,1,0,1,0,1,1962.17,0,0
2665.93,19,73,0,0,1,0,0,2249.97,0,0
1278.5,16,966,0,0,1,1,1,1521.01,0,0
3745.37,1,145,1,1,3,2,8,2531.4,1,1
8712.66,1,241,1,1,5,5,5,1859.24,0,1
4260.85,21,245,1,1,4,4,5,1776.49,1,1
3129.5,9,148,1,1,5,0,4,944.52,1,1
6839.99,3,139,1,1,5,2,7,4151.55,0,1
1631.94,20,1105,0,0,0,0,6,947.35,0,0
1869.36,15,1198,1,0,0,1,1,1987.75,0,0
2592.31,14,1363,0,0,1,1,3,2946.22,0,0
6898.24,1,210,1,1,5,1,8,2681.62,0,1
4113.24,2,221,1,0,2,4,11,2924.96,0,1
4775.17,5,2,1,1,2,4,6,2172.92,1,1
3500.54,1,182,1,1,1,3,13,752.74,0,1
6230.67,1,208,1,1,2,2,6,1663.63,1,1
3516.97,22,1031,0,0,0,0,2,3029.3,0,0
2145.16,1,188,0,1,3,2,4,1673.16,1,1
943.91,20,169,0,0,0,0,0,1198.4,0,0
1959.09,20,294,0,0,0,0,3,2193.97,1,0
5012.23,5,173,1,1,4,2,7,1867.51,1,1
2171.67,9,370,0,1,1,0,3,3201.21,0,0
4845.92,1,150,1,0,2,1,3,2118.9,1,1
2674.73,12,125,0,0,0,0,2,2840.37,0,0
2174.45,16,245,0,0,0,0,3,1334.83,0,0
3391.29,17,641,0,0,0,1,2,1670.85,0,0
1803.03,8,1028,0,0,0,0,0,1055.04,0,0
1658.23,22,939,0,0,0,0,4,3824.24,0,0
8598.06,4,102,0,1,2,1,8,1252.6,1,1
1809.27,17,1109,0,0,0,0,3,1592.54,0,0
1816.72,13,1218,0,0,0,0,5,1845.21,0,0
5564.83,2,239,1,1,4,5,6,1539.21,1,1
1279.07,14,1304,0,0,0,0,3,1715.61,0,0
1618.71,10,957,0,0,0,0,2,1233.7,0,0
11292.75,0,191,1,1,3,3,8,1572.62,0,1
2257.66,13,1376,0,0,1,0,3,1990.11,1,0
9195.8,5,149,1,1,5,2,12,1532.99,1,1
6300.88,23,224,1,0,2,2,10,2807.04,1,1
1841.0,14,1373,0,0,0,0,4,3255.06,0,0
11646.07,4,190,1,0,5,3,7,1665.09,0,1
3835.39,13,1156,0,0,0,0,5,1904.51,0,0
2497.4,11,1356,0,0,1,1,4,1650.24,0,0
9547.45,3,88,1,1,4,1,9,2431.39,0,1
6864.86,3,49,1,1,2,1,6,2694.84,0,1
9771.79,1,68,0,1,3,1,7,1574.33,1,1
2158.76,20,1324,0,0,0,3,1,1257.88,0,0
3167.3,19,725,0,0,0,0,2,2995.71,0,0
4678.34,16,867,0,0,0,3,2,1340.66,0,0
3647.91,11,465,0,0,0,1,3,1490.18,0,0
1308.94,19,162,1,0,1,1,3,1209.03,0,0
1660.48,12,825,0,0,0,2,0,1216.38,0,0
2410.41,16,865,0,0,1,0,3,1257.75,0,0
2718.82,8,653,0,0,0,0,2,1628.52,1,0
3910.19,18,532,0,0,0,1,5,2176.59,0,0
1971.9,10,381,0,0,1,0,3,2172.56,0,0
1260.13,13,415,0,0,0,0,3,2303.05,0,0
3179.66,16,548,1,0,0,0,3,1717.81,0,0
8781.04,3,215,1,0,3,3,9,3205.95,1,1
1970.32,22,1497,0,1,1,0,3,3141.1,0,0
4632.47,7,223,1,1,3,3,9,1444.72,1,1
2329.59,15,1110,0,0,2,2,2,1590.5,0,0
7056.28,4,227,1,1,4,3,11,1718.74,1,1
671.93,20,930,0,0,0,0,3,1868.72,0,0
2288.13,19,1315,0,0,0,1,4,1370.82,0,0
5420.63,1,73,0,1,3,2,13,1874.23,1,1
6555.66,5,88,1,1,5,1,8,2953.81,1,1
6788.85,12,14,1,1,4,2,11,2629.0,1,1
3320.45,15,1495,0,0,0,0,2,2686.34,0,0
4446.5,11,753,0,0,0,0,1,1904.82,0,0
1663.19,10,1145,0,0,0,1,3,1242.57,0,0
6391.66,1,59,1,1,3,5,8,2532.12,1,1
2110.57,9,899,0,0,0,0,4,1494.86,1,0
1563.47,22,1070,0,0,0,0,2,1082.54,1,0
1763.62,8,1382,0,0,0,1,1,1542.48,0,0
888.17,20,753,0,0,0,0,5,1967.13,0,0
961.61,14,1077,0,0,0,0,5,1430.66,0,0
2841.23,14,1254,0,0,0,1,4,2454.93,0,0
1448.44,13,500,0,0,0,1,2,5564.86,0,0
4490.86,0,131,1,1,4,2,7,1970.06,0,1
4246.78,8,403,0,0,0,0,3,3050.56,0,0
2310.74,16,616,0,1,0,0,2,1582.16,0,0
1789.33,9,505,0,0,0,1,3,1435.91,0,0
7143.83,17,97,0,1,3,2,9,2298.2,0,1
2332.57,15,1286,0,1,0,2,5,1845.4,0,0
1217.3,11,163,0,0,0,2,5,2384.01,0,0
3115.97,2,33,1,1,4,3,6,1181.59,1,1
2074.5,9,1322,0,0,0,1,5,1733.87,0,0
10944.0,1,84,1,1,2,2,4,843.81,1,1
15569.29,4,101,0,0,5,5,8,2154.98,1,1
4093.29,3,15,0,1,2,4,7,2067.75,1,1
8012.72,3,188,0,1,4,4,8,1764.97,0,1
9793.51,5,194,1,0,4,2,10,1546.03,1,1
1290.98,12,937,1,0,1,0,2,1267.85,0,0
13002.78,0,68,1,1,3,2,7,1715.16,1,1
10721.49,5,32,1,1,5,2,11,2594.54,1,1
2175.57,9,465,0,0,0,0,3,2783.1,0,0
8441.55,1,98,1,1,5,3,12,1748.49,1,1
1202.68,19,417,0,0,0,0,0,1920.8,0,0
10379.46,11,243,1,1,5,4,6,1890.82,1,1
2539.71,20,1252,0,0,0,1,7,1621.19,0,0
3390.2,18,802,0,1,1,0,2,2606.16,0,0
2855.92,18,1462,0,0,1,0,2,2434.92,1,0
1561.09,21,1399,0,0,0,0,1,2065.74,1,0
1633.1,20,665,0,0,0,0,2,1678.35,0,0
4258.55,12,47,0,1,2,3,2,1667.83,1,1
3398.85,19,287,0,0,0,0,1,1218.3,0,0
4034.25,2,169,1,1,3,2,9,2922.5,1,1
2514.5,15,1327,0,0,2,1,2,1959.49,0,0
1839.48,13,1015,0,0,1,0,3,1751.34,0,0
3898.9,20,41,0,1,3,2,6,4112.77,0,1
2375.07,1,41,1,1,3,5,9,1230.71,1,1
1734.03,15,645,0,0,0,0,4,1211.88,0,0
5772.47,4,68,1,0,2,3,10,2648.06,1,1
10092.46,2,150,1,1,5,1,5,1866.69,1,1
1522.84,22,1200,0,0,0,2,3,2117.18,0,0
2047.59,12,375,1,0,0,1,6,1979.88,0,0
4173.75,0,237,1,1,3,4,8,2532.11,1,1
1847.83,10,1494,0,0,0,0,2,1072.65,0,0
2154.54,14,291,0,0,0,0,2,2005.1,1,0
4614.08,2,202,0,1,3,4,8,1683.1,1,1
3899.26,4,221,0,1,3,2,10,1792.09,1,1
2713.48,12,1492,0,0,0,1,2,3237.85,0,0
1621.8,9,1420,0,1,0,1,5,2595.36,0,0
752.35,19,417,0,0,0,0,3,1805.06,0,0
3598.61,1,23,0,1,5,5,3,1592.99,1,1
3990.65,5,233,1,0,4,3,6,4724.28,0,1
16880.5,4,73,1,1,2,1,10,1409.93,1,1
2611.03,14,164,1,0,4,2,6,1076.52,1,1
5253.41,22,173,1,1,4,2,11,2247.29,1,1
2812.46,21,51,0,1,3,6,3,1594.66,1,1
3725.68,2,168,0,1,4,6,9,1530.92,0,1
4509.5,1,104,1,1,5,0,6,1732.86,1,1
7739.85,3,110,1,1,4,5,5,2836.25,1,1
3347.05,22,1337,0,0,0,0,1,1846.27,0,0
1424.71,21,968,0,0,0,0,1,1382.88,0,0
2482.5,11,437,0,0,1,2,3,2567.61,0,0
1160.18,17,382,0,0,0,1,4,2136.8,0,0
2281.05,15,928,1,0,0,0,1,2620.54,0,0
5857.56,9,389,0,1,1,1,0,2937.09,0,0
21809.09,9,30,1,0,4,5,8,1286.59,1,1
11280.28,5,71,1,1,2,7,12,3150.66,0,1
7975.46,22,88,1,1,3,3,6,1691.7,1,1
9333.68,4,45,1,1,4,5,5,1312.99,0,1
6775.48,15,217,1,1,4,1,5,1355.77,1,1
3266.13,9,880,0,0,0,0,3,2510.99,0,0
2387.97,11,194,0,1,5,4,7,2207.02,0,1
982.04,12,599,0,0,0,0,3,2003.93,0,0
6272.55,12,80,1,1,3,2,11,1928.27,1,1
5779.62,0,9,1,1,2,3,5,3030.1,0,1
2246.19,18,899,0,0,0,1,3,2031.53,0,0
7837.12,3,233,1,0,3,2,7,2071.49,1,1
1919.41,12,1076,1,0,0,1,3,838.81,0,0
7371.96,0,78,1,1,5,3,8,1530.68,0,1
6801.57,19,216,1,1,3,2,4,1305.44,1,1
7481.98,14,118,0,1,5,2,5,924.93,1,1
10864.12,2,179,0,1,3,2,4,2140.12,1,1
10552.66,1,135,1,1,5,5,10,3193.67,1,1
2261.55,22,462,0,0,0,0,5,1718.21,0,0
1730.17,14,1313,1,0,0,1,3,1181.33,0,0
2312.37,22,378,0,0,0,0,2,2719.07,0,0
2106.08,11,826,0,0,0,0,6,1054.69,0,0
3646.16,15,765,0,0,0,1,2,2689.5,0,0
1233.86,16,202,0,0,0,0,5,2570.43,1,0
13000.97,20,41,1,1,3,1,10,3356.47,1,1
2133.33,15,351,0,0,2,0,2,1914.18,0,0
1972.95,8,696,0,0,0,0,3,2543.63,0,0
1117.67,10,657,1,0,0,0,5,1834.06,1,0
2153.92,17,586,0,0,1,0,2,2571.41,0,0
847.58,18,273,0,0,0,0,3,1360.02,0,0
1082.08,20,252,0,0,0,0,5,2781.86,0,0
8267.28,0,4,0,1,5,2,5,2588.42,1,1
3102.68,9,1478,0,1,1,0,0,2367.11,0,0
2211.27,17,275,0,0,1,0,3,2337.95,0,0
3548.93,16,1089,0,0,0,0,2,1721.96,0,0
2743.8,14,314,0,0,2,1,1,1538.58,0,0
2598.54,15,803,0,0,0,1,5,1563.24,0,0
1787.94,17,1492,0,0,0,2,2,1126.19,0,0
1291.65,13,1311,0,0,0,1,4,1805.0,0,0
9915.21,2,18,1,1,5,7,9,1424.67,0,1
2046.33,22,236,0,0,0,2,1,3569.8,0,0
2774.95,2,27,1,0,5,3,8,1151.1,1,1
6842.24,11,116,0,1,5,3,8,2195.68,0,1
3400.46,1,99,1,1,2,4,2,2805.84,1,1
9613.53,5,169,0,1,3,2,7,1920.43,1,1
5639.09,0,170,1,1,5,2,5,1217.67,1,1
14635.01,4,234,1,1,1,1,10,2353.48,1,1
2050.91,22,728,0,0,0,1,3,3115.33,0,0
5078.19,18,118,1,1,3,3,10,2033.8,1,1
7477.74,1,146,1,0,4,4,7,1166.92,1,1
7794.01,13,167,1,0,3,4,6,1694.58,1,1
8126.15,13,242,1,1,3,6,9,3637.5,0,1
1177.81,8,1038,0,0,0,1,2,1807.38,1,0
5919.51,5,244,1,1,5,3,7,1495.43,1,1
12740.04,2,26,1,1,4,4,9,1342.69,1,1
2218.16,18,473,0,0,0,0,1,2397.42,0,0
988.67,9,1280,0,0,0,0,3,2340.0,1,0
14630.74,3,218,1,1,2,3,4,2625.42,1,1
5684.95,3,44,1,0,5,1,6,1416.26,0,1
3030.5,8,393,0,0,0,2,3,2297.79,0,0
3033.45,15,801,0,0,0,0,2,2892.95,0,0
1772.97,0,49,1,1,4,1,7,2114.56,1,1
1470.22,14,665,1,0,1,0,3,1342.9,1,0
1725.7,19,1136,0,0,0,1,3,3106.45,0,0
2135.66,15,1017,0,0,0,1,2,1572.95,0,0
3738.12,2,59,1,1,3,1,7,3282.26,1,1
8990.92,8,222,0,0,3,2,5,1773.75,1,1
3383.29,3,77,0,1,2,2,10,730.13,1,1
12566.45,4,4,1,1,2,4,10,1494.29,1,1
3483.39,21,100,0,1,2,3,6,2035.92,0,1
818.76,10,1477,0,0,1,1,2,971.94,0,0
4578.34,0,102,1,1,4,4,6,2133.81,1,1
1966.41,19,764,0,0,1,0,2,1281.39,0,0
2761.05,18,1037,0,0,1,1,6,3016.35,0,0
4000.05,5,194,1,1,1,0,6,1697.12,1,1
16161.12,5,140,1,1,2,5,11,1808.22,1,1
6116.55,5,9,1,1,4,1,11,918.89,1,1
11512.14,1,119,1,1,2,3,7,1651.35,0,1
2340.79,15,1494,0,0,0,0,0,1473.28,0,0
1285.77,10,76,0,0,4,4,6,2247.54,0,1
11980.92,1,3,1,1,4,1,6,2169.28,1,1
4070.61,22,482,0,0,0,1,5,1963.63,0,0
1571.84,13,1396,0,0,0,1,4,1454.71,0,0
2141.01,15,696,0,0,0,0,4,1242.12,0,0
10575.46,0,67,0,1,2,3,10,1654.29,1,1
2601.0,16,1267,1,0,0,0,4,1062.75,0,0
7084.92,22,214,1,1,4,4,10,1495.04,0,1
1353.12,10,237,0,0,0,1,5,1151.05,0,0
1911.59,14,435,0,0,0,2,1,2152.31,0,0
3986.44,5,227,1,0,4,1,5,1530.62,1,1
4085.77,3,51,1,1,5,1,4,2108.73,1,1
1409.04,13,552,0,0,0,0,5,2061.27,0,0
4752.48,2,113,1,1,5,2,9,2492.48,1,1
3691.35,2,25,1,1,5,4,5,2027.61,1,1
11049.7,1,107,1,0,3,2,7,1261.56,1,1
17457.5,1,105,1,1,5,5,6,1935.82,0,1
4808.9,0,137,1,1,5,2,7,1630.78,1,1
5244.44,18,752,0,0,2,3,3,808.71,0,0
21215.44,4,202,1,1,4,1,8,1267.01,1,1
4740.58,1,4,1,1,5,1,7,2350.28,0,1
3816.41,0,102,0,1,4,3,11,2699.89,1,1
1099.12,20,181,0,0,0,0,3,2169.62,0,0
1243.24,18,173,0,0,0,2,6,2336.0,0,0
1336.63,4,31,1,1,2,3,10,3233.87,1,1
1837.23,1,211,1,1,4,4,9,2231.41,1,1
8171.19,3,112,1,1,2,3,6,1985.83,1,1
13894.44,5,203,1,1,2,3,10,1756.51,1,1
2355.93,21,894,0,0,0,1,5,1591.25,0,0
1767.32,16,199,0,0,0,0,3,1339.97,0,0
1009.24,22,1371,0,0,0,2,4,1199.76,0,0
1276.35,17,1292,0,0,1,1,4,1532.92,0,0
6695.6,1,169,1,1,4,0,9,2826.38,1,1
7749.79,1,182,1,1,3,3,13,1831.04,1,1
3693.0,1,55,1,0,4,4,6,2228.17,1,1
13980.79,4,14,1,1,4,2,10,2231.46,1,1
1817.65,20,308,0,0,1,0,2,1075.27,0,0
1858.72,8,751,0,0,1,2,4,3151.28,0,0
1312.22,20,553,0,0,0,0,2,1485.38,0,0
3205.41,21,766,0,0,0,0,3,1251.35,0,0
2381.2,12,834,0,0,1,2,1,940.43,0,0
1302.92,13,964,0,0,0,0,1,1735.88,0,0
1823.24,17,792,0,0,0,1,5,1414.0,0,0
3375.1,10,265,0,0,1,1,5,720.91,0,0
1721.3,14,1306,0,1,0,0,3,2350.96,0,0
6005.32,17,147,1,0,5,0,7,1540.72,0,1
2388.46,11,1377,0,0,0,0,3,1836.27,0,0
11595.07,4,92,1,0,4,1,10,2603.79,1,1
1759.94,15,1207,0,1,0,1,3,2550.83,0,0
3421.7,20,481,0,0,0,0,2,2321.09,0,0
5245.4,4,188,1,1,5,3,9,2400.8,1,1
994.97,20,1062,0,0,0,1,2,1113.96,0,0
1749.5,20,1188,0,0,0,1,4,1358.14,0,0
5835.93,3,59,0,0,1,2,8,1325.51,1,1
6024.46,0,205,1,1,5,2,8,1030.22,1,1
2987.65,10,316,0,0,0,0,1,1320.33,0,0
2279.79,11,996,0,0,0,0,3,1162.72,0,0
1807.2,17,832,0,0,0,0,2,1428.95,0,0
2588.44,10,1051,0,0,0,0,1,1562.2,0,0
13927.69,3,37,1,1,3,1,10,1932.33,1,1
4701.37,3,71,1,1,3,3,7,1548.67,0,1
1429.08,16,117,0,0,0,0,4,1184.72,0,0
3283.56,20,1207,0,0,0,0,4,2580.34,0,0
3150.16,13,244,0,1,4,4,6,1469.03,1,1
3757.98,22,173,1,1,3,3,4,1506.47,1,1
5446.35,2,82,1,1,3,4,9,3211.91,0,1
4545.15,1,79,1,1,3,2,8,2090.71,0,1
2563.81,20,811,0,0,1,0,1,1940.08,0,0
3915.32,1,200,1,1,5,2,13,964.04,1,1
24521.84,2,200,0,1,1,2,7,1744.97,0,1
1910.19,10,833,0,0,2,1,6,2027.39,0,0
7552.08,1,179,1,1,3,7,11,1685.87,1,1
2640.06,22,594,0,0,1,0,4,2479.69,0,0
12013.58,0,6,1,0,3,3,5,919.97,1,1
1394.39,16,77,1,0,0,2,2,1365.35,0,0
9800.17,4,248,0,1,4,6,5,1318.68,1,1
1713.1,16,414,0,0,0,0,3,3356.21,0,0
4837.08,9,1384,1,0,0,0,2,1924.75,0,0
1814.92,16,849,0,0,0,2,1,1552.39,0,0
1241.82,14,1276,0,0,0,0,3,1226.92,1,0
1662.43,14,1302,1,0,0,0,4,2127.32,1,0
8734.27,5,192,0,1,4,4,3,831.74,1,1
7895.66,3,143,0,1,5,3,13,3150.79,1,1
7970.05,1,20,1,1,3,4,7,1146.47,1,1
6269.58,4,39,1,1,5,3,9,1816.31,1,1
3594.17,20,934,0,0,1,0,0,1478.63,0,0
902.57,22,606,0,0,1,1,2,1360.03,0,0
3695.11,16,1314,0,0,0,1,3,1272.38,0,0
909.21,14,144,0,0,0,0,2,3383.94,0,0
4971.42,2,77,0,1,2,3,7,1696.24,1,1
5754.59,23,26,1,1,5,2,8,1951.16,1,1
4257.47,5,66,1,1,4,5,10,1929.0,1,1
8308.7,13,246,0,1,2,3,7,1734.21,1,1
3285.88,22,874,0,0,0,0,2,2354.86,0,0
2255.15,15,456,0,0,0,0,1,1748.92,0,0
5469.3,12,13,1,1,2,1,14,2062.13,1,1
4081.15,4,123,1,0,5,2,5,1431.34,1,1
18505.59,2,214,1,1,3,3,11,2265.98,1,1
1324.19,12,86,0,0,0,2,5,1931.46,0,0
3986.36,13,866,1,0,0,0,6,1364.43,0,0
2239.63,10,903,0,0,0,1,5,2162.38,0,0
3901.92,3,111,1,1,3,2,8,1409.8,0,1
7977.44,1,5,1,1,3,2,8,1880.96,1,1
1244.03,8,1216,0,0,0,1,4,1391.69,0,0
5034.5,17,215,1,1,5,6,10,902.3,0,1
974.56,13,515,0,0,0,0,4,2593.23,0,0
5921.62,12,88,0,1,2,4,8,1612.89,1,1
998.74,11,1428,0,0,0,1,2,1555.42,1,0
1673.38,13,176,0,0,0,1,0,1493.99,0,0
2654.98,15,104,0,0,0,0,2,1373.92,0,0
4198.35,21,416,0,0,0,1,2,1424.12,0,0
4541.93,11,154,0,1,1,0,11,1703.52,1,1
5028.22,22,1176,0,0,0,1,4,1430.43,0,0
5510.98,19,1306,0,0,2,1,5,1298.5,0,0
1944.4,13,419,0,0,0,0,1,764.6,0,0
3751.09,2,159,1,1,2,3,3,1630.16,0,1
4841.74,15,220,0,0,1,0,2,2420.38,0,0
4885.95,13,118,1,1,3,1,14,1529.73,0,1
3884.0,2,208,1,1,5,5,7,2500.86,1,1
1310.6,22,609,0,0,0,0,2,2191.31,0,0
1602.07,8,1131,0,1,0,1,3,1242.71,0,0
3128.95,14,563,0,0,0,1,3,1295.74,0,0
1366.16,0,142,1,1,3,1,10,2759.57,1,1
1393.97,13,450,0,1,0,0,5,1902.2,0,0
13627.07,4,213,1,0,5,4,5,1707.45,1,1
3242.96,14,104,1,1,3,4,8,1499.84,0,1
4523.89,2,225,1,1,3,1,10,1213.12,1,1
3090.64,16,872,0,0,0,0,4,4465.56,0,0
4854.4,5,182,0,1,1,3,11,1107.64,0,1
3188.29,21,1402,0,0,0,0,4,1427.29,0,0
1643.5,10,916,0,0,0,1,0,2367.15,0,0
4137.46,0,248,1,1,5,3,3,2645.98,1,1
1591.68,19,206,1,1,4,2,11,2005.13,1,1
1002.14,9,971,0,0,0,0,2,1878.15,0,0
4602.43,4,68,1,1,3,3,6,927.5,1,1
3228.81,0,107,1,1,3,1,7,2814.25,1,1
2547.17,12,886,0,0,0,0,3,1482.53,0,0
2167.47,19,128,0,0,0,0,4,2284.42,1,0
5519.66,12,207,1,1,2,4,9,2109.03,0,1
6667.59,1,71,1,0,5,3,10,2420.23,0,1
2462.84,19,1326,0,0,1,2,4,1362.26,0,0
1276.85,17,1233,0,0,1,0,2,1163.84,0,0
3077.26,13,786,0,1,1,0,0,1425.79,0,0
2181.33,16,197,0,0,0,0,3,895.84,0,0
2383.26,8,995,0,0,0,3,2,1850.06,0,0
2675.82,14,911,0,0,1,0,1,1961.28,0,0
8538.26,3,134,1,1,4,5,8,2219.62,1,1
5921.18,0,219,1,1,5,1,6,1437.59,1,1
15232.0,4,139,1,0,5,6,11,1402.73,1,1
9580.92,18,56,1,1,3,3,11,1861.33,1,1
1439.77,18,510,0,0,0,0,2,2317.45,0,0
3196.45,2,220,1,0,5,3,7,2153.89,1,1
9592.75,4,153,1,1,2,3,11,1917.82,1,1
1345.37,8,936,0,0,1,1,1,2108.58,0,0
5380.89,19,154,0,1,1,4,8,2379.91,0,1
6013.25,0,234,1,1,5,1,4,1530.39,1,1
4868.75,4,143,1,1,4,6,6,1702.94,1,1
12758.89,1,193,1,1,3,5,6,1984.55,1,1
3502.95,3,48,1,0,3,3,11,2461.14,1,1
1476.13,16,1081,1,0,0,0,5,2026.88,0,0
2922.41,0,214,1,1,1,1,8,1552.54,0,1
1437.3,19,73,0,0,0,0,2,1649.63,0,0
4244.68,8,1371,0,0,0,0,2,976.42,0,0
5150.91,1,102,1,1,3,1,7,2835.74,1,1
6871.39,3,122,1,1,3,2,10,1392.42,0,1
2742.36,18,937,0,0,1,2,2,2549.65,0,0
1914.99,3,207,1,1,5,3,6,2974.31,1,1
6141.52,5,125,1,1,3,4,8,1774.75,1,1
2439.75,14,777,0,0,0,0,6,2271.96,0,0
2829.17,17,771,0,0,0,0,2,1978.06,0,0
4394.66,14,185,1,1,5,2,9,1183.05,0,1
6213.06,0,215,1,1,1,5,6,1943.94,1,1
1818.29,14,221,0,0,0,0,5,2176.23,0,0
8334.84,3,57,1,1,5,4,9,1660.41,0,1
17063.11,22,10,1,1,5,2,5,1447.3,0,1
3675.31,21,131,0,0,0,1,1,1483.14,0,0
1492.95,15,1146,0,0,1,1,4,1798.86,0,0
1270.42,22,359,0,0,0,0,3,1484.47,0,0
3273.33,12,383,1,0,0,0,4,1583.22,0,0
1243.9,18,898,0,0,0,2,5,1751.83,0,0
8540.92,2,139,0,1,4,2,11,1194.31,1,1
2922.81,21,1000,0,0,0,0,2,3123.97,0,0
2422.06,20,421,0,0,0,0,1,2570.64,0,0
1544.31,13,1461,0,0,0,0,5,1918.94,0,0
5303.59,5,179,0,1,4,3,7,1606.05,1,1
9847.94,20,135,1,1,1,5,11,1488.96,0,1
1884.15,18,1498,0,0,1,1,3,1286.37,0,0
2960.24,4,28,1,0,3,0,9,2082.17,1,1
2926.77,8,1070,0,0,0,0,5,2128.91,0,0
10907.92,3,183,0,1,3,2,5,1475.63,1,1
1746.19,14,63,1,1,0,0,5,2191.53,0,0
3960.11,0,113,1,1,4,2,9,2911.71,1,1
1990.7,11,1292,0,0,0,1,1,2623.32,0,0
1426.64,10,179,0,0,0,1,3,1905.93,0,0
3911.14,5,121,1,1,5,1,8,1877.95,1,1
5122.07,13,236,1,1,4,1,11,1951.71,0,1
5784.89,3,20,1,0,4,3,6,890.38,1,1
5541.03,5,190,1,1,3,4,7,992.07,1,1
5251.54,17,177,1,1,4,4,6,1653.65,0,1
3776.41,2,167,1,1,2,3,5,2629.47,1,1
986.34,17,1475,0,0,0,0,2,2216.63,0,0
3111.54,23,47,1,0,2,1,9,1713.32,1,1
3311.55,2,158,1,0,3,1,9,3868.69,0,1
12404.56,8,105,0,1,3,2,9,1178.3,1,1
8208.2,9,265,0,0,1,0,2,2942.82,0,0
1229.31,13,898,0,0,1,0,8,2163.79,0,0
2768.38,2,113,1,1,5,4,11,2155.4,1,1
2443.3,16,1085,0,0,2,1,6,2231.6,0,0
2560.35,10,1331,0,1,0,0,3,1590.57,0,0
2453.23,8,177,0,0,2,1,0,2663.06,0,0
2325.74,13,1241,0,0,1,1,3,1511.3,0,0
3437.54,10,1462,0,0,0,0,0,1839.42,0,0
24734.81,0,125,1,1,4,6,10,1624.19,1,1
5204.71,3,131,1,1,4,4,10,1918.77,0,1
12224.58,10,130,1,1,5,2,11,2358.5,1,1
1119.49,8,436,0,0,0,0,3,1732.41,0,0
972.1,20,195,0,0,0,0,4,2752.6,0,0
1573.5,17,714,0,0,0,1,5,1984.74,0,0
19207.57,2,202,1,1,3,1,5,2374.95,0,1
3216.66,4,99,1,1,3,8,8,1617.13,1,1
2454.74,3,99,1,0,4,1,8,2160.09,1,1
15684.63,4,237,1,1,5,8,15,1404.59,1,1
2530.52,11,588,1,0,0,0,4,2068.29,0,0
5491.33,4,240,1,1,2,2,6,1390.46,1,1
1827.34,21,480,0,0,0,0,2,1852.61,0,0
1553.2,17,1174,0,0,0,0,0,1111.83,1,0
6953.96,2,240,1,1,4,3,8,1905.39,1,1
1776.64,17,1288,0,0,0,1,3,1755.07,0,0
1898.97,13,285,0,0,0,0,3,1445.44,0,0
11885.54,13,68,1,0,3,4,10,2343.89,1,1
1329.97,17,570,0,0,0,1,4,2009.7,0,0
6699.05,5,246,1,1,3,3,5,2398.72,0,1
6698.83,0,84,1,1,3,8,14,950.43,0,1
13993.84,0,166,1,1,3,5,4,2469.71,0,1
1322.34,18,497,0,0,0,2,3,2478.86,0,0
2254.13,21,205,1,1,4,3,4,2080.48,0,1
2705.01,8,769,0,0,0,0,2,1371.04,0,0
2067.1,16,578,0,0,0,0,2,2103.6,0,0
1508.79,16,401,1,0,0,0,0,1740.36,0,0
6350.62,1,175,1,0,5,5,8,1551.91,1,1
4862.62,0,16,1,1,5,2,10,3569.16,0,1
2970.42,14,711,0,0,0,0,5,1440.99,0,0
4612.4,6,157,1,1,3,3,6,1850.85,1,1
6541.34,3,54,1,0,5,3,13,1447.81,0,1
11459.19,1,219,1,1,2,9,8,2096.76,0,1
1802.3,11,628,0,0,0,0,4,2405.95,0,0
1395.14,9,1104,0,0,0,0,3,1141.2,0,0
8195.59,2,89,0,1,2,1,7,1728.95,1,1
1073.84,19,219,0,0,0,0,2,2199.44,0,0
1054.57,22,693,0,0,1,0,5,1625.2,0,0
9132.97,23,92,1,1,2,5,4,1383.99,1,1
4497.72,12,392,0,0,1,0,2,1839.59,0,0
6060.37,18,182,1,1,3,1,6,1159.01,0,1
1598.93,11,1355,0,0,0,1,0,5373.55,0,0
2218.02,8,812,0,0,1,0,2,847.61,0,0
1568.83,13,822,0,0,0,0,2,2168.75,0,0
5671.46,4,88,1,1,4,4,7,1260.85,1,1
10034.92,1,246,1,1,5,2,13,1520.46,1,1
3624.56,18,1468,0,0,1,0,7,2245.48,1,0
19204.36,3,6,1,0,1,2,7,1786.65,1,1
1583.67,21,1358,0,0,0,0,1,2044.51,0,0
4430.07,3,13,1,0,3,4,6,2039.04,0,1
6164.48,14,73,1,1,2,6,10,2493.28,1,1
3055.52,4,123,1,0,3,2,11,2409.59,1,1
1670.94,8,132,0,0,0,0,0,2134.84,0,0
2068.2,15,233,0,0,0,0,3,2225.5,0,0
2291.0,17,1041,0,0,2,1,4,2630.77,0,0
10347.03,2,9,1,0,5,3,18,1085.47,0,1
3339.64,0,155,1,1,4,0,8,2008.2,1,1
18158.18,1,21,1,1,3,4,7,974.38,1,1
2636.21,22,528,0,0,0,1,3,1458.81,0,0
1521.12,17,784,0,1,2,0,5,1501.71,0,0
5743.5,3,214,1,1,5,3,10,1128.04,1,1
5501.23,2,178,1,1,5,10,9,2059.96,1,1
7675.98,0,17,1,1,4,5,12,942.93,0,1
23818.99,9,13,1,1,5,2,9,3085.05,0,1
3500.22,10,204,0,1,4,2,8,4190.16,0,1
1586.13,20,1206,0,0,2,0,4,1949.31,0,0
2010.72,11,554,0,0,2,0,8,1809.3,0,0
2802.58,11,840,0,0,0,1,1,1996.36,0,0
2116.57,22,1362,0,0,0,0,3,1592.4,0,0
1518.79,19,785,1,0,0,0,1,1208.28,0,0
4360.79,0,34,1,1,5,1,6,1562.24,0,1
7097.98,22,78,1,1,5,1,7,1639.83,0,1
1320.71,13,151,0,0,1,0,1,1379.84,0,0
2504.92,16,370,0,0,0,0,2,2738.12,0,0
5807.46,4,106,1,1,5,1,6,1610.01,0,1
1857.51,11,333,0,0,0,2,2,919.41,0,0
1447.86,20,1276,0,0,0,2,1,1529.44,0,0
2316.9,14,1305,0,0,0,0,2,2040.75,0,0
10021.46,22,224,1,1,5,1,6,1617.65,1,1
1135.69,16,1093,1,0,2,1,3,2405.31,0,0
1206.84,10,808,0,0,0,1,1,1892.33,0,0
1734.83,16,135,0,0,0,1,2,2234.41,0,0
3050.21,1,162,1,1,2,1,15,1732.88,0,1
3177.5,17,759,0,0,0,1,1,1967.91,0,0
4013.4,8,6,1,1,3,1,9,1370.26,0,1
9170.75,1,224,1,0,4,1,7,2989.39,0,1
9772.93,1,95,1,1,2,1,9,2587.97,1,1
1500.48,17,431,0,0,0,0,4,1120.17,0,0
1124.5,12,610,0,0,0,1,5,1642.65,0,0
1205.7,9,563,0,0,1,1,2,1670.93,0,0
4056.96,19,80,1,1,5,4,6,2132.88,1,1
4975.33,4,185,0,1,4,2,11,2188.22,1,1
3681.28,12,1223,0,0,1,0,2,1923.36,0,0
5059.13,4,100,1,0,5,4,16,1878.94,0,1
2112.72,22,1253,1,0,0,1,2,2040.5,0,0
1657.13,21,860,0,0,0,0,0,1884.13,0,0
2353.22,15,1175,0,0,0,1,4,4579.49,0,0
2999.14,9,1102,0,0,1,0,2,2684.86,0,0
1734.84,8,465,0,0,1,1,4,1935.65,0,0
3791.84,0,227,1,1,4,3,7,1355.05,1,1
4790.79,15,1289,0,0,0,0,3,1568.32,0,0
6845.29,3,140,0,1,5,1,6,1299.49,1,1
989.05,19,942,0,0,0,1,5,1274.04,0,0
2241.72,1,156,0,1,3,4,14,1247.85,1,1
9212.01,5,237,1,1,3,6,9,2339.28,1,1
2001.19,8,781,0,1,0,1,1,1876.47,0,0
2855.81,3,11,1,1,4,4,6,2182.46,0,1
3338.9,1,184,1,1,4,4,6,3360.48,1,1
1867.95,14,648,0,0,1,1,4,1805.36,0,0
2489.48,17,183,0,0,0,0,1,2012.43,0,0
2404.98,9,471,0,0,0,1,3,1816.55,0,0
3545.94,5,21,1,1,1,2,7,3086.73,1,1
2078.82,22,1475,0,0,0,0,4,2393.4,0,0
1968.02,9,766,0,1,0,0,1,2241.31,0,0
2814.47,1,220,1,1,5,7,7,1707.47,0,1
2754.88,15,1063,0,0,0,1,4,1922.17,0,0
1796.26,22,1268,0,1,0,1,0,2754.52,0,0
1524.82,15,528,0,1,0,0,2,2165.94,0,0
1783.6,16,550,0,0,0,0,1,1785.3,0,0
9556.99,6,177,1,1,5,3,10,1281.43,0,1
5463.43,3,64,1,1,3,1,10,1276.05,1,1
1225.52,18,781,0,0,0,3,3,1951.81,0,0
2557.24,5,4,1,1,4,6,9,1697.52,1,1
2362.69,18,943,0,0,0,0,1,1642.0,0,0
2747.41,3,23,0,1,3,3,4,1427.91,1,1
3312.05,21,983,0,0,0,1,1,1900.42,0,0
4711.88,3,14,1,1,5,0,10,1319.93,1,1
4511.24,22,422,0,0,0,0,2,1133.82,0,0
1746.66,11,1032,0,0,0,1,1,2086.68,0,0
2838.22,2,26,1,1,4,2,3,2055.6,1,1
9923.59,12,86,1,1,4,3,6,3040.31,0,1
1469.83,11,1219,0,0,0,0,4,2681.19,0,0
7980.91,18,188,1,1,2,1,3,2054.49,0,1
4107.89,3,173,1,1,1,1,7,1975.09,1,1
2680.09,18,1409,0,0,0,0,2,2039.48,0,0
5286.31,9,238,1,1,4,3,10,2527.66,0,1
5486.65,20,212,1,1,5,1,6,1424.0,1,1
1783.22,22,1036,0,0,0,0,3,3275.06,0,0
10534.43,15,110,1,1,2,3,4,1159.95,1,1
1333.68,11,1094,0,0,0,2,7,1032.21,0,0
1509.22,20,674,0,0,0,1,2,1182.9,0,0
1286.02,12,875,0,0,0,0,2,1970.06,0,0
3493.1,0,195,0,1,4,3,14,2007.66,1,1
22272.08,4,222,1,1,3,3,10,1476.57,0,1
2478.9,21,191,0,0,0,0,1,1488.52,0,0
824.59,17,1422,0,0,0,0,4,1672.03,0,0
2904.74,14,292,1,0,1,0,2,1611.47,0,0
6084.31,1,182,1,1,2,3,17,1451.13,1,1
6994.79,4,37,0,0,4,2,10,1542.73,0,1
1289.8,16,346,0,0,0,0,5,1265.58,1,0
9552.34,5,53,1,1,4,5,5,1222.47,0,1
7811.28,2,76,1,1,1,0,6,1644.87,1,1
8885.79,3,64,1,1,5,3,10,1149.14,1,1
2663.81,16,481,0,0,0,0,2,3228.6,0,0
4262.34,17,649,0,0,0,0,6,1527.83,0,0
2795.56,14,516,0,0,0,0,3,2152.24,0,0
1754.96,8,752,0,0,0,0,2,1661.88,0,0
3993.7,2,85,1,1,4,8,8,2029.62,0,1
2085.53,8,16,1,1,3,3,12,1342.2,1,1
19971.92,4,18,1,0,3,1,3,1611.69,1,1
8895.34,16,183,1,0,5,3,8,1473.27,1,1
15017.94,4,68,1,1,4,4,8,875.97,1,1
8999.61,0,124,1,1,4,3,4,2156.84,1,1
5145.51,2,236,1,0,4,4,10,1112.16,1,1
1709.08,11,78,0,0,1,0,1,2105.63,0,0
1295.56,20,1003,1,0,0,0,3,3243.22,0,0
3976.06,4,198,1,1,1,3,9,1706.98,1,1
1138.99,14,343,0,0,1,1,3,4423.78,0,0
2387.43,10,557,0,0,1,1,5,844.16,0,0
15897.91,3,53,1,1,3,6,10,1307.38,1,1
1280.13,20,897,1,0,0,1,4,2480.48,0,0
18395.97,5,44,1,1,3,3,6,1102.07,1,1
4468.29,1,165,0,1,3,3,7,1520.71,1,1
4793.01,14,796,0,0,0,1,1,1581.0,0,0
6046.75,22,45,1,1,3,6,5,2343.85,0,1
2657.0,9,480,0,1,0,0,3,4299.09,0,0
1262.24,18,1137,0,0,0,0,2,1274.73,0,0
3496.83,9,227,1,1,4,3,7,1189.68,1,1
1399.47,22,1329,0,0,0,1,0,1341.97,0,0
3880.05,16,202,0,0,0,0,2,1471.45,0,0
1514.93,10,619,0,0,0,1,3,1448.4,0,0
8285.19,19,167,0,1,4,2,7,875.69,0,1
13046.25,4,68,1,1,4,3,7,2986.39,1,1
8336.41,17,199,1,1,3,2,6,1653.99,0,1
3678.24,5,122,0,1,2,3,14,2466.85,1,1
4922.44,19,247,0,1,2,5,12,2577.76,1,1
2190.7,22,964,0,0,2,0,1,1582.16,0,0
4339.33,22,31,1,1,5,7,11,1292.24,1,1
3905.9,16,13,1,1,5,2,14,3232.15,0,1
4211.28,2,41,1,1,5,2,8,1777.87,1,1
1332.72,14,122,0,0,0,0,5,1553.59,0,0
7145.69,3,247,1,1,5,4,4,2303.37,1,1
1655.09,12,538,0,0,1,1,6,2733.64,0,0
6911.1,2,120,1,1,1,2,8,1290.69,1,1
1072.63,14,1463,0,0,0,0,3,1271.19,0,0
2919.73,4,18,1,1,2,3,6,1704.26,0,1
1427.52,13,1173,0,0,0,0,4,1444.79,0,0
3621.95,2,150,1,1,1,5,10,1151.85,1,1
1622.55,11,510,0,0,0,0,0,3258.82,0,0
3334.01,9,1480,0,0,0,1,2,1610.62,1,0
5395.64,14,62,1,0,2,5,12,1788.17,1,1
3267.53,15,1126,1,0,1,1,5,2102.37,0,0
3585.13,9,216,0,0,0,1,4,1491.58,0,0
4300.09,2,2,1,1,5,1,9,1340.8,1,1
11762.7,3,103,1,1,4,5,6,2512.77,1,1
1894.06,22,422,0,0,0,0,3,2514.12,0,0
5082.94,22,13,1,1,3,6,11,1928.13,1,1
841.89,17,1249,0,0,1,0,1,2023.48,0,0
12645.33,15,65,1,1,5,4,8,1854.59,0,1
949.77,16,1476,0,0,0,0,5,1970.62,1,0
2984.65,20,810,0,0,0,0,1,1285.81,0,0
4611.63,4,162,1,1,5,3,5,817.06,1,1
5788.13,3,228,1,1,5,3,13,999.01,1,1
4378.8,4,166,0,1,5,3,9,2306.44,1,1
12090.19,5,199,1,1,5,0,9,2014.11,1,1
4931.21,4,40,1,1,5,0,6,1538.6,0,1
8137.19,1,50,1,1,3,3,5,2561.88,1,1
1272.05,9,1486,0,0,0,0,1,2342.43,0,0
4405.28,18,78,1,0,0,0,1,2423.91,0,0
4184.07,4,92,0,0,5,4,10,2314.56,1,1
2050.3,16,1015,0,0,0,0,5,1538.2,0,0
6146.49,3,32,0,1,3,2,16,1950.02,1,1
5956.23,2,197,1,1,4,2,7,2954.3,1,1
2159.85,17,201,1,0,1,0,2,1937.78,0,0
1385.73,18,747,1,0,0,1,4,1014.7,0,0
1813.8,15,1029,0,0,2,1,3,2747.53,0,0
4018.35,20,820,0,0,0,1,2,2934.09,1,0
5500.92,4,56,0,1,3,4,7,2300.85,1,1
1903.53,20,111,1,0,0,1,5,2216.65,0,0
2759.37,14,1321,0,0,0,0,1,3265.0,0,0
1259.63,13,267,0,0,0,1,5,1490.22,0,0
1252.4,19,811,0,0,0,0,2,2671.72,0,0
2368.75,2,6,1,1,1,1,5,720.86,0,1
3034.49,4,38,1,1,3,5,5,2507.1,1,1
1896.85,16,1209,0,0,0,0,1,2166.19,0,0
2811.76,14,1089,0,0,0,0,5,2555.77,1,0
16119.13,10,79,1,0,3,0,12,1850.76,1,1
3395.96,18,374,0,0,0,0,2,1501.69,0,0
4726.98,13,205,0,0,1,0,3,2185.79,0,0
3110.99,20,1279,1,0,0,0,6,2029.86,0,0
10081.98,2,140,1,1,4,1,4,2329.5,0,1
2510.93,13,125,0,1,3,2,11,1606.11,1,1
2187.05,19,437,0,0,1,0,3,1194.35,0,0
8470.55,3,106,1,1,4,3,11,1632.04,1,1
1586.44,14,1023,0,1,0,0,3,1215.42,0,0
1064.3,16,1357,0,0,0,0,7,1806.75,0,0
1414.33,18,587,0,0,0,1,3,2347.69,0,0
1584.66,11,1158,0,0,0,1,4,2810.66,0,0
9946.46,19,146,1,0,1,3,7,2422.72,1,1
13498.6,3,146,1,1,4,5,9,3957.41,1,1
1389.47,17,1229,0,1,0,0,2,2595.87,0,0
4122.72,15,9,1,0,5,4,5,2822.4,1,1
9948.16,3,215,0,1,3,1,8,1497.61,0,1
1945.78,21,899,0,0,0,0,4,1999.05,0,0
1287.98,10,829,0,0,0,1,2,1752.13,0,0
4725.51,3,242,1,1,3,5,6,1259.21,1,1
3571.0,5,196,1,1,1,4,9,700.3,0,1
1219.74,11,620,0,0,1,0,1,1677.48,0,0
5122.35,4,191,1,0,3,2,7,2049.99,1,1
10025.47,3,45,0,1,4,2,9,2451.49,1,1
1634.68,9,835,0,0,0,1,7,1947.53,0,0
3521.42,18,185,0,0,0,0,3,3061.3,0,0
2520.55,13,845,0,0,0,0,2,2248.05,0,0
984.81,17,127,1,0,0,0,3,2452.17,0,0
2516.62,11,656,1,0,0,2,4,1978.67,0,0
8052.76,3,9,1,1,3,5,17,1166.11,1,1
3290.21,8,824,0,1,0,1,1,2814.56,0,0
2976.57,14,983,0,0,0,3,1,1625.86,0,0
5151.26,5,148,1,1,1,4,10,1195.91,0,1
2751.64,10,1018,0,0,0,0,3,3056.72,0,0
4102.35,3,106,1,1,3,2,10,2285.0,0,1
2211.35,22,974,1,0,0,1,3,1464.16,0,0
8908.27,9,231,1,1,4,4,11,2059.69,1,1
3334.45,0,245,1,1,5,1,9,1467.38,0,1
2987.62,22,179,0,0,0,1,4,2627.04,0,0
1189.79,12,585,0,0,0,1,3,1910.46,0,0
6040.33,3,219,1,1,5,2,8,1098.96,1,1
1949.32,20,826,0,0,0,1,2,955.02,0,0
3796.65,15,78,0,1,4,2,6,2187.57,1,1
5054.78,18,44,0,0,5,2,9,1029.55,1,1
1557.85,11,1105,0,0,0,0,3,2639.58,0,0
1908.91,20,741,0,0,0,1,5,1950.93,0,0
3812.49,15,117,0,1,0,1,2,3195.62,0,0
2542.91,22,523,0,0,1,0,2,2292.47,0,0
6064.44,5,72,1,0,3,1,14,1792.65,1,1
7057.72,1,41,1,1,2,5,10,2335.43,1,1
2018.89,10,229,0,0,0,2,2,2394.05,0,0
2366.58,9,106,0,1,4,0,8,1097.62,1,1
6523.84,0,155,0,1,4,8,5,1607.78,1,1
2370.01,13,1054,0,0,0,0,6,1302.5,0,0
7505.28,3,140,0,1,4,1,9,1279.94,1,1
2347.14,22,1097,0,1,0,0,5,1383.41,0,0
5537.38,4,90,1,1,1,3,11,1120.2,1,1
1408.7,12,115,0,0,0,0,4,1932.07,0,0
2454.15,17,204,0,0,0,2,4,1550.26,1,0
1763.24,11,605,0,0,0,3,2,1014.09,0,0
5310.98,12,69,1,1,5,2,12,796.41,0,1
1556.79,8,1466,0,0,0,1,1,3841.66,0,0
1528.83,21,825,0,0,0,0,3,2518.82,0,0
13118.26,1,126,1,1,4,4,10,1320.57,0,1
5830.66,1,152,0,1,2,6,9,1358.6,1,1
8620.06,5,25,1,1,3,2,6,1754.01,1,1
13905.53,4,234,1,1,4,4,5,1530.13,0,1
1794.67,19,532,0,0,0,1,0,2033.66,0,0
3403.49,2,166,1,1,3,4,7,1018.2,1,1
3023.12,5,231,0,1,5,2,13,1476.66,1,1
4165.07,3,29,1,1,3,8,6,3852.39,1,1
1372.36,12,1125,0,0,1,0,3,2848.17,0,0
1765.18,10,969,0,0,0,0,4,2672.53,0,0
1229.38,10,534,0,0,0,0,1,1317.03,0,0
7004.32,18,14,1,0,4,2,9,2869.76,1,1
3787.52,5,140,1,1,5,2,10,3359.3,0,1
1597.23,14,585,0,0,1,1,1,2192.71,0,0
2820.42,9,465,0,0,0,0,2,1231.11,0,0
1632.52,20,392,0,0,0,3,2,1715.24,0,0
1982.86,10,1177,0,0,0,0,5,1645.1,0,0
6429.98,6,216,1,1,2,6,4,1161.94,0,1
2936.31,15,468,0,0,2,0,3,2249.62,0,0
13000.18,2,92,1,1,1,7,9,1935.93,1,1
1371.14,17,722,0,0,0,0,3,2731.48,0,0
1592.75,14,145,0,0,0,0,4,2935.59,0,0
4660.35,21,954,0,0,1,0,7,1489.12,0,0
4814.92,23,48,0,0,4,5,6,1620.07,1,1
3747.08,5,151,0,1,4,4,12,2185.06,1,1
3259.25,19,1197,0,0,1,0,4,2364.44,0,0
3728.32,0,177,1,1,4,4,6,2482.73,0,1
2878.19,20,568,0,0,0,1,2,2723.63,0,0
4429.94,4,66,1,1,2,1,5,1694.57,1,1
5538.33,18,9,1,0,3,5,7,1143.55,1,1
998.6,15,160,0,1,1,0,2,1213.6,0,0
5250.73,5,86,1,1,5,3,8,1930.46,0,1
3837.18,4,42,1,1,2,5,12,2495.68,1,1
6463.34,4,10,1,1,3,5,8,1569.42,1,1
2076.03,12,417,0,0,2,0,3,1571.32,0,0
8466.51,20,39,1,1,5,2,6,2306.89,1,1
6332.21,1,38,0,0,5,5,6,1300.54,1,1
1283.43,20,916,1,0,0,1,3,1221.76,0,0
6479.29,5,161,1,1,4,5,8,1847.95,1,1
2901.49,9,1163,0,0,0,1,3,1696.65,0,0
3468.42,12,4,1,1,2,5,6,3202.63,1,1
2212.34,14,1448,0,0,2,1,4,2217.23,0,0
4019.41,0,5,1,1,4,4,7,2342.54,1,1
6275.5,3,54,1,0,5,3,5,2340.25,1,1
1576.33,19,1472,0,1,0,0,6,577.6,0,0
2515.58,10,178,0,0,0,0,2,1144.31,0,0
6052.17,1,130,1,1,4,4,6,1511.08,1,1
2087.68,21,491,0,0,0,0,4,2113.34,0,0
1393.36,22,838,0,0,1,0,5,3055.32,0,0
30315.49,17,200,1,0,3,3,4,2827.27,1,1
4155.96,5,170,1,0,3,5,7,1185.1,1,1
13288.12,0,200,0,1,4,0,13,1409.18,1,1
1446.2,13,977,1,0,1,1,6,1806.59,0,0
5535.94,6,171,1,1,4,4,15,1622.66,0,1
2874.9,2,105,1,1,4,3,15,1521.18,1,1
4998.49,16,269,0,0,0,0,3,1553.91,0,0
3168.2,1,9,1,1,3,3,9,1622.46,0,1
9163.39,4,136,1,1,2,3,7,1800.85,1,1
5957.68,3,103,1,1,5,5,6,1846.74,1,1
4717.09,1,180,1,1,4,2,6,2739.12,1,1
3415.02,4,162,1,1,5,5,10,2452.3,0,1
7885.27,1,102,0,1,3,2,9,2645.07,1,1
2007.1,21,257,0,0,0,0,2,1417.2,0,0
4386.9,14,103,1,1,2,4,6,1157.5,0,1
11717.15,1,172,1,1,5,1,14,3667.27,0,1
7621.75,2,97,1,1,4,2,13,1948.86,1,1
8257.89,0,165,1,1,3,2,9,1812.68,1,1
10015.77,5,186,1,1,4,1,4,1356.97,0,1
9614.85,5,82,0,1,5,2,12,2207.09,0,1
3523.77,4,205,1,0,5,4,5,1721.1,1,1
4774.84,2,197,1,1,5,5,9,1687.7,1,1
3203.6,2,245,1,1,5,4,9,1287.01,1,1
1474.27,14,1071,0,0,2,1,3,2412.8,0,0
4084.47,2,126,1,1,5,0,4,2461.81,0,1
13713.17,5,103,1,1,4,0,6,2140.0,1,1
4593.58,0,179,1,1,5,6,5,2093.29,0,1
1073.2,14,1120,0,0,0,0,1,2063.09,0,0
6874.74,18,240,1,0,2,2,7,949.27,1,1
5816.41,0,33,1,1,1,5,9,2125.97,1,1
1116.88,13,774,0,0,0,1,2,1235.09,0,0
4462.22,23,112,1,1,3,7,11,1361.33,1,1
1682.32,17,601,0,0,0,0,2,2394.17,0,0
4249.21,0,201,1,1,5,3,8,2217.15,1,1
15194.64,1,80,1,1,3,4,13,1394.39,1,1
875.51,16,426,0,0,1,0,2,3030.91,0,0
2473.95,19,1282,0,0,1,0,1,1738.91,1,0
970.63,10,369,0,0,0,1,4,1470.15,0,0
11750.99,2,30,1,1,3,1,11,958.3,1,1
2854.27,18,1202,0,0,0,0,5,2665.11,0,0
2364.47,20,155,1,1,1,7,6,3641.47,0,1
1719.73,22,645,0,0,2,1,1,2093.05,0,0
2093.8,22,497,0,0,1,1,1,1658.72,0,0
2520.37,15,295,0,0,1,2,0,2147.73,0,0
2288.71,8,1423,1,0,0,0,2,3188.78,0,0
2339.42,21,184,0,0,0,0,2,1796.92,0,0
902.18,10,168,0,0,0,0,2,1360.49,0,0
2247.16,14,492,0,0,0,0,2,2072.14,0,0
1258.51,19,589,0,0,1,0,4,1616.74,0,0
6322.57,3,76,1,1,5,5,7,2552.06,1,1
4296.9,8,286,1,0,0,0,1,3242.96,0,0
1974.76,18,377,0,0,0,1,2,2658.48,0,0
7546.4,0,136,1,0,1,1,8,2478.55,0,1
1782.15,20,346,0,0,0,0,2,1107.36,0,0
9193.89,18,58,1,0,2,4,7,1102.68,1,1
1318.5,19,993,1,0,0,1,6,1862.88,0,0
8796.9,1,156,1,1,1,1,7,1918.95,1,1
16166.81,3,12,0,0,4,4,4,1890.1,0,1
2099.61,14,1291,0,0,0,2,3,1009.83,0,0
3349.67,21,552,0,0,0,0,1,1121.86,0,0
8150.42,3,100,1,0,3,3,9,1120.32,0,1
1659.23,9,1183,0,0,0,1,2,1910.13,1,0
3375.92,22,454,0,0,0,0,7,1411.96,0,0
5251.24,19,849,0,0,0,1,4,1815.87,0,0
1310.47,14,1267,0,0,1,0,6,2151.7,0,0
2847.07,11,137,1,1,4,3,10,2386.32,0,1
5303.86,4,62,1,1,3,2,6,889.11,0,1
1888.56,10,907,0,0,1,0,2,2465.42,1,0
3467.66,18,129,1,1,5,2,11,1550.2,1,1
6288.79,9,158,1,0,3,4,9,1718.42,1,1
1909.05,16,115,0,0,0,1,2,2400.59,0,0
5522.87,17,29,1,1,5,4,9,2197.79,1,1
2041.84,16,504,0,0,0,0,5,1847.95,1,0
7094.21,1,150,1,1,5,3,8,1924.97,1,1
5801.37,5,10,0,1,3,2,10,1820.94,0,1
7824.8,8,155,1,1,2,3,9,1986.22,0,1
6007.8,5,30,1,1,5,5,11,1732.04,1,1
4849.02,10,29,1,1,3,4,8,2490.18,1,1
7169.47,2,189,1,0,2,2,8,1557.09,1,1
2602.84,2,9,1,1,5,5,8,2517.94,1,1
2789.86,17,691,0,0,1,0,3,2508.32,0,0
2000.19,9,695,0,0,0,0,2,2020.64,0,0
1391.89,11,276,0,0,1,1,6,1155.81,1,0
1765.87,20,821,0,0,0,0,1,1406.79,0,0
7427.09,2,23,1,1,3,2,7,1937.27,0,1
2292.37,10,39,0,1,5,3,6,2261.21,1,1
2064.88,0,178,1,1,3,1,5,972.8,1,1
1410.75,20,1496,0,1,0,3,1,673.98,0,0
4617.04,2,196,1,1,3,3,13,2417.97,0,1
1646.44,19,832,1,0,0,0,1,2190.35,0,0
7807.32,4,77,0,1,2,3,14,3967.1,1,1
4170.6,0,211,1,1,5,2,9,1171.83,0,1
2534.73,15,379,0,0,0,1,1,1108.42,0,0
2647.67,8,1243,0,0,0,1,3,735.01,0,0
998.89,19,588,0,0,0,1,0,1175.86,0,0
4844.74,0,142,1,1,5,2,6,1542.58,1,1
3741.79,21,303,0,0,1,0,3,1752.9,0,0
3347.67,0,136,1,1,3,2,9,2449.1,0,1
881.51,11,1330,0,0,1,0,6,2672.02,0,0
2237.59,20,518,0,0,1,1,5,1825.96,0,0
3356.06,14,327,0,0,0,0,4,1337.36,0,0
10297.95,1,235,1,1,1,2,3,1589.71,1,1
4213.33,5,115,0,0,3,4,10,2301.13,0,1
1853.31,9,605,0,0,0,0,6,1859.03,0,0
1654.56,14,567,0,0,0,0,3,1776.41,0,0
3750.65,1,40,1,1,2,3,12,1538.61,0,1
7273.6,9,32,1,1,2,5,6,2304.36,1,1
2034.5,20,1228,1,0,0,0,2,1921.82,0,0
1577.04,17,1173,0,0,0,1,3,1938.61,0,0
3842.0,5,219,1,1,3,4,6,1151.17,1,1
9844.55,16,79,1,1,2,0,7,2457.74,1,1
5784.23,12,228,1,0,4,0,9,2095.44,0,1
8904.6,4,33,1,1,4,1,4,1957.49,1,1
9617.6,17,55,1,0,1,6,12,1921.39,0,1
2387.23,22,1327,1,1,1,0,4,1882.56,0,0
4819.2,1,85,1,1,2,1,4,1659.68,1,1
8612.92,5,11,1,1,3,2,9,3537.72,1,1
6036.11,1,32,1,1,4,3,9,1923.73,1,1
5596.33,0,130,1,1,5,3,6,1520.24,1,1
11142.38,18,103,1,1,3,1,9,2129.47,1,1
6146.39,3,85,1,1,3,4,7,1246.47,1,1
4421.62,1,143,0,1,2,2,8,1571.92,1,1
6886.03,1,150,1,0,5,2,10,1666.09,0,1
5548.78,7,62,1,1,5,3,11,1994.01,1,1
4682.2,2,23,0,1,5,7,8,2355.48,0,1
5566.02,23,185,1,0,1,3,7,801.95,1,1
2737.05,3,220,0,1,5,1,7,793.95,0,1
1376.6,15,1301,0,0,1,0,3,2015.27,0,0
7728.97,3,97,1,0,2,2,14,1701.25,0,1
3663.17,8,154,1,1,5,1,12,1395.77,1,1
3980.65,11,1220,0,1,0,1,2,1811.91,0,0
11126.15,5,33,0,1,5,3,5,2692.7,1,1
7847.12,1,115,1,1,4,3,7,908.78,1,1
3208.94,15,454,0,0,1,1,3,3465.77,0,0
4373.89,17,820,0,0,1,0,2,1132.91,0,0
13416.4,1,71,1,0,5,5,4,1525.71,0,1
5081.04,5,81,1,1,1,2,6,3339.97,0,1
1682.27,17,270,0,0,0,0,2,2623.7,1,0
5119.84,5,160,1,1,5,2,9,1642.84,1,1
739.2,22,137,1,0,0,0,3,1459.15,0,0
1699.76,21,1099,0,0,0,1,2,1132.64,1,0
6388.65,3,156,1,0,2,5,9,1182.51,0,1
6840.3,8,129,1,1,5,8,3,2397.85,1,1
3146.45,14,98,0,1,4,4,6,1166.02,1,1
1285.91,12,692,1,0,0,1,5,3962.48,0,0
6371.31,0,54,1,0,3,4,7,1725.64,1,1
4839.11,15,219,0,1,4,1,13,1718.55,1,1
888.46,17,1333,0,0,1,0,1,2113.77,0,0
2967.35,9,997,0,0,2,0,4,4328.54,0,0
5392.49,2,8,1,1,1,2,11,1122.17,1,1
6291.37,5,85,1,1,3,3,11,627.65,1,1
2329.35,9,280,0,0,2,1,2,1643.47,0,0
2503.39,16,1480,0,0,0,1,3,1892.14,0,0
7111.73,0,104,0,0,5,6,7,1119.17,1,1
3020.77,5,43,0,0,2,6,10,1939.37,0,1
3021.55,11,190,1,1,5,5,8,2972.12,1,1
1518.69,10,1204,0,0,0,1,1,1811.67,0,0
6073.9,5,158,1,1,4,1,8,1750.44,1,1
5811.83,8,53,1,0,4,6,7,1308.19,0,1
3267.71,17,264,0,0,0,1,6,2271.67,0,0
1729.38,22,1057,0,0,0,0,2,2017.66,0,0
1833.38,14,785,0,0,0,1,4,1980.34,1,0
5113.42,1,127,1,1,2,0,12,1876.38,1,1
4168.52,6,106,1,1,4,5,7,1763.81,1,1
1609.31,15,466,0,1,0,1,1,1409.13,0,0
830.86,11,1447,0,0,0,0,2,2028.03,0,0
3038.55,12,680,0,0,1,0,2,1544.3,1,0
4537.57,17,777,0,0,0,1,1,2191.87,0,0
2132.01,13,802,0,0,1,1,5,2830.4,1,0
8199.95,4,100,1,0,3,1,9,1485.38,1,1
4672.73,2,80,1,1,1,1,5,2542.44,1,1
709.98,22,1171,0,0,0,0,3,4316.13,0,0
9852.85,4,51,1,1,5,3,5,1181.66,1,1
1524.02,8,1213,0,0,0,0,0,1753.87,0,0
8720.24,1,37,1,1,4,2,6,1322.93,1,1
5268.68,5,121,1,1,1,4,12,2517.12,1,1
10627.73,7,134,1,0,3,6,6,1261.69,1,1
2759.3,10,1099,0,0,0,0,4,1505.72,0,0
2863.67,0,165,0,1,5,2,7,1001.67,1,1
15260.4,0,108,1,1,5,2,7,1303.55,0,1
1337.85,20,1071,0,0,1,1,7,1653.18,0,0
3361.55,11,460,0,0,0,0,2,2077.36,0,0
4361.04,1,163,1,1,5,5,10,1416.43,1,1
1649.14,17,1279,0,0,0,0,1,3251.74,0,0
5835.97,4,15,0,1,4,5,4,1718.57,0,1
5842.4,5,84,1,1,3,1,9,1825.5,1,1
6221.16,5,84,1,1,3,3,10,1933.02,0,1
1811.02,9,1275,0,0,0,0,2,1478.0,0,0
4889.18,1,230,1,1,3,2,1,2603.74,1,1
1882.73,15,753,0,0,0,0,1,2426.01,0,0
1596.96,13,237,1,0,1,0,7,1913.53,0,1
1658.58,10,608,0,0,0,0,2,1974.73,0,0
6137.75,5,19,1,1,2,6,6,1348.67,1,1
2546.48,19,1142,1,0,0,0,1,2224.55,0,0
3958.04,11,29,1,1,4,5,5,2771.35,0,1
4014.78,23,93,1,1,1,4,8,1304.18,1,1
5510.41,4,67,1,1,2,7,12,844.57,1,1
4080.3,16,356,0,0,1,0,2,3497.55,0,0
12559.29,3,236,1,1,4,5,6,1662.96,0,1
4469.96,0,232,1,1,3,4,10,2812.52,1,1
8058.62,0,195,1,0,4,4,7,1626.15,1,1
2076.93,12,445,0,0,0,1,2,2379.44,0,0
1028.02,19,182,0,0,0,0,2,2127.29,0,0
2077.54,14,461,0,0,1,0,3,2287.47,0,0
1291.33,20,462,0,0,1,0,1,2899.27,0,0
4858.8,9,329,1,0,1,0,2,2507.23,0,0
6898.44,0,246,1,1,4,4,6,1755.09,0,1
2355.57,20,1107,1,0,0,0,4,1661.17,0,0
2041.12,8,1465,0,0,1,0,3,1406.49,0,0
2126.15,20,462,0,0,1,0,4,1107.52,0,0
3382.2,8,942,0,0,0,1,1,1534.19,0,0
4489.07,16,787,1,0,0,0,4,2555.18,0,0
1794.1,12,979,0,1,0,0,2,1400.14,1,0
3795.92,18,360,0,1,0,0,5,1430.78,0,0
3324.49,12,170,0,0,5,1,5,1571.12,1,1
6669.03,5,239,1,1,3,1,9,2421.18,1,1
3320.8,5,201,1,0,3,5,12,2172.42,1,1
2155.76,18,416,0,0,0,1,0,1656.05,1,0
1848.83,20,703,0,0,0,0,2,1805.0,0,0
2942.54,19,97,0,0,5,3,9,1461.93,0,1
1574.1,10,1063,1,0,0,0,3,1845.3,0,0
4580.85,8,204,1,1,4,1,8,1594.19,1,1
5837.39,21,38,1,1,5,2,10,1603.42,1,1
3322.96,10,216,0,0,1,0,0,1449.78,0,0
14934.39,3,216,1,1,4,2,1,2220.56,1,1
2502.15,22,285,0,0,0,0,1,1512.33,0,0
3728.94,5,163,0,1,5,4,10,2224.72,1,1
1713.12,10,87,0,1,1,2,4,2221.27,0,0
2143.99,22,456,0,0,0,2,1,4448.77,0,0
904.64,9,803,0,0,2,2,2,1969.34,0,0
1646.17,19,1043,0,0,0,0,5,1546.5,0,0
3532.06,13,1427,0,0,1,1,1,983.54,0,0
1489.75,16,1314,1,0,0,0,7,1346.31,0,0
2456.88,18,1139,0,0,0,1,1,1406.78,0,0
2011.58,10,1219,0,0,0,2,7,2184.06,1,0
1879.8,11,820,0,0,1,0,4,2372.45,0,0
1749.17,12,362,0,0,0,1,2,1854.92,0,0
1423.42,11,419,0,0,0,1,5,2695.23,0,0
8277.02,2,231,1,0,4,1,10,1453.34,1,1
5018.85,17,182,1,1,5,7,9,1383.58,1,1
10180.5,19,1,1,1,5,3,12,2356.25,1,1
8823.87,10,222,1,1,4,0,10,2539.96,1,1
2207.21,13,1115,0,0,0,1,1,3206.75,0,0
2543.44,21,113,1,1,5,3,9,1248.7,0,1
3869.79,15,214,0,0,0,0,0,1662.12,1,0
15367.58,5,98,1,1,5,2,10,1033.3,1,1
3934.72,0,178,0,0,1,1,9,1767.73,1,1
1295.55,21,1383,1,0,2,0,8,1335.12,0,0
10783.98,0,101,0,1,3,3,9,1871.98,0,1
3051.64,16,920,0,0,0,2,4,1360.96,0,0
3708.65,22,584,0,0,0,0,4,2178.71,0,0
7040.76,4,163,1,1,4,4,2,2992.47,1,1
5994.57,3,163,1,1,3,4,9,1833.31,1,1
2125.59,16,466,0,0,0,1,3,1451.92,0,0
2638.53,3,107,0,0,4,1,3,1645.47,1,1
4209.87,0,82,0,1,5,6,13,1524.05,0,1
2799.31,6,34,0,1,1,2,5,3151.07,0,1
1207.6,19,180,0,0,1,1,3,998.7,0,0
14340.66,13,219,0,1,2,1,7,1057.41,0,1
5265.49,3,48,1,0,3,1,8,2280.84,1,1
13295.53,1,24,1,1,3,2,6,1183.84,1,1
8497.52,5,24,1,1,4,3,11,1937.89,0,1
3305.95,10,748,0,0,0,3,5,1575.88,0,0
1472.45,21,1412,0,0,1,1,2,1761.72,0,0
4044.66,5,3,0,0,2,4,11,1368.61,1,1
11983.17,7,60,1,1,2,6,7,1747.35,0,1
1953.78,9,1445,0,0,0,0,3,1885.25,0,0
3180.69,20,453,0,0,0,0,2,1110.2,0,0
1243.46,21,600,0,0,1,0,2,2726.29,0,0
5924.47,5,108,1,1,4,6,8,1389.88,1,1
9861.67,2,167,0,1,2,1,5,1959.95,1,1
5268.56,0,249,1,1,3,1,9,1725.06,1,1
1527.19,12,925,0,0,0,1,2,999.68,0,0
5868.49,22,1005,0,0,1,0,6,1743.43,0,0
2725.03,1,40,0,0,3,3,10,2042.4,1,1
2565.15,9,1413,0,0,0,0,4,2980.12,0,0
1387.5,16,644,0,0,0,0,2,2087.89,0,0
9318.27,2,79,1,1,1,3,6,3005.71,1,1
9379.38,2,109,1,1,3,3,8,1863.63,1,1
3282.95,16,1399,1,1,0,1,3,3318.44,0,0
5845.43,0,217,1,1,3,2,7,1447.36,1,1
1715.8,18,1266,0,0,1,2,3,2463.39,0,0
15774.0,1,230,1,1,5,0,7,973.99,1,1
2667.46,1,11,1,1,5,2,7,2015.96,1,1
2788.8,22,952,0,0,0,1,6,1542.04,0,0
2683.74,20,797,0,0,0,0,2,1217.26,0,0
1451.16,10,328,1,0,0,0,4,1231.49,0,0
13594.67,0,105,1,0,4,3,7,1320.07,1,1
9070.44,5,168,1,1,5,3,8,1971.16,0,1
5889.88,20,209,1,1,3,4,6,1304.26,1,1
1632.42,12,645,0,0,0,0,6,1312.67,0,0
7266.76,16,164,1,1,5,2,9,2271.91,1,1
1802.82,17,526,0,1,0,0,4,1029.85,0,0
4810.34,12,147,1,1,3,4,4,2285.87,1,1
7859.22,20,72,1,1,5,7,9,1488.24,1,1
1576.0,12,1156,0,0,0,0,1,1467.99,0,0
3262.9,19,410,0,0,0,2,2,1808.25,0,0
2729.45,19,59,1,1,5,4,11,1732.28,1,1
2613.01,8,155,1,1,3,1,13,1835.6,1,1
8274.76,9,86,1,1,3,0,9,1685.67,1,1
1260.22,8,568,0,0,0,0,8,2281.85,0,0
1970.96,20,238,0,0,0,0,2,5120.23,0,0
6261.06,2,12,1,1,3,2,6,2469.38,0,1
1361.9,18,228,0,0,0,1,5,2313.12,0,0
1815.94,12,717,0,0,0,1,4,2262.77,0,0
4138.32,10,446,0,0,0,2,3,1849.48,0,0
8469.24,17,154,1,1,5,1,11,2582.33,1,1
4112.96,3,45,0,1,5,5,8,1890.2,1,1
898.28,14,441,1,0,0,0,5,945.79,0,0
2699.24,16,798,1,0,1,1,4,2141.1,0,0
7590.06,1,118,1,1,3,2,5,1619.39,0,1
1059.3,12,975,0,0,1,0,3,1891.89,0,0
4174.47,0,97,1,1,5,1,7,3229.33,1,1
2580.85,18,1018,0,0,1,0,0,1602.83,0,0
1389.16,16,463,0,0,0,0,3,2561.42,0,0
4034.65,21,189,1,1,4,1,13,2716.44,1,1
11465.3,0,224,1,1,3,3,7,2070.48,1,1
6861.25,1,156,1,0,4,2,7,2766.18,1,1
1719.15,8,1186,0,0,0,0,7,1483.68,0,0
7728.83,21,13,0,1,5,2,7,2091.04,1,1
1959.54,12,1369,0,0,0,3,2,1356.44,0,0
4182.1,10,1047,0,0,0,1,1,1731.97,1,0
9075.87,23,215,1,1,4,5,11,2049.61,0,1
7446.67,1,150,0,1,2,6,9,1295.45,1,1
5786.08,23,35,1,1,4,3,7,2179.81,1,1
10085.89,3,49,1,1,4,3,5,2213.32,1,1
3385.49,4,210,0,1,4,3,8,1489.3,1,1
1664.94,9,190,0,0,0,1,2,1766.5,0,0
8025.62,6,174,0,1,5,0,6,1901.89,1,1
2642.29,11,1064,0,0,0,0,4,1275.69,0,0
1247.08,14,1455,0,0,0,1,3,1209.92,0,0
8353.68,12,133,1,1,5,5,9,2024.07,1,1
4627.28,22,600,0,0,0,0,2,1485.42,0,0
2435.7,21,43,1,1,2,2,6,1871.9,1,1
4252.56,2,213,1,0,3,3,7,1477.16,1,1
2835.06,4,157,1,1,4,3,6,892.22,0,1
10184.93,13,232,0,1,3,2,8,1610.65,1,1
600.25,16,292,0,0,1,0,2,2220.52,0,0
3334.01,14,256,1,0,2,0,6,2278.73,0,0
9551.36,2,194,1,1,2,3,8,1937.2,0,1
1894.36,17,1040,0,1,0,2,6,2587.82,0,0
4336.37,4,81,1,1,4,3,9,3002.79,0,1
2562.81,21,760,1,0,0,0,3,764.48,0,0
7127.94,1,28,1,0,4,3,11,2065.64,1,1
3692.43,2,213,0,1,4,2,11,1508.72,0,1
8574.88,4,184,1,1,2,7,7,1015.42,1,1
4030.11,15,8,0,1,5,2,11,2356.56,1,1
6530.37,9,60,1,1,4,4,9,1136.8,0,1
21262.1,1,132,1,1,3,4,10,1826.41,0,1
4766.95,8,132,1,1,4,4,10,2375.25,0,1
9851.73,1,150,1,1,5,1,12,2056.9,0,1
3385.85,2,165,1,1,5,5,11,2286.56,0,1
2948.29,17,1053,0,0,1,0,2,1562.96,0,0
1963.51,22,1031,0,0,1,0,1,2242.44,0,0
4381.88,4,245,1,1,3,3,9,1040.0,0,1
1691.21,15,1379,0,0,0,0,2,789.95,0,0
2973.27,16,1105,0,0,0,0,4,1523.81,0,0
8093.09,16,139,1,1,5,5,1,2041.33,1,1
1767.1,20,266,0,0,1,0,4,1966.62,0,0
1633.22,21,259,1,0,0,0,2,2001.26,0,0
1978.4,21,104,0,1,0,0,3,2136.89,0,0
1759.5,2,155,1,1,2,4,8,1552.04,1,1
1088.6,12,1190,0,1,0,0,2,2128.89,0,0
2621.35,8,1438,0,1,0,0,3,1124.58,0,0
6057.31,1,91,1,1,1,5,2,1864.04,1,1
2768.34,20,1069,0,0,0,0,2,1500.52,0,0
1793.09,10,1328,0,0,0,1,6,1713.89,0,0
3011.23,2,81,0,1,2,1,5,887.64,1,1
2375.56,10,1057,0,0,0,0,1,858.08,0,0
10103.3,1,65,0,1,3,5,11,1298.73,1,1
7052.85,2,72,1,1,3,1,6,2064.8,1,1
6905.66,3,207,1,1,4,2,7,1679.09,0,1
4587.12,5,244,1,1,3,0,6,1634.65,1,1
12183.22,5,46,1,1,5,7,9,985.55,1,1
8528.58,5,68,0,1,3,7,10,2076.47,1,1
4467.56,1,124,1,0,1,3,6,1813.57,0,1
1347.97,22,821,0,0,0,0,3,2982.1,0,0
3083.66,0,148,0,1,5,4,7,1169.95,1,1
3243.19,9,82,1,1,3,2,7,1908.83,1,1
2242.6,22,1369,0,0,0,0,4,1035.65,0,0
6368.36,3,113,1,0,3,3,9,1205.89,1,1
1018.09,11,588,0,0,0,0,2,1121.5,1,0
4487.94,5,237,1,1,4,2,9,1379.68,1,1
5215.96,4,119,1,1,3,3,2,1509.02,1,1
9185.94,3,232,1,1,4,2,4,2300.68,1,1
2223.7,14,119,0,0,0,2,3,1412.68,0,0
1090.77,11,308,0,0,0,1,1,1446.52,0,0
4596.8,10,908,0,0,0,0,3,3119.83,0,0
2340.94,3,211,1,1,4,3,6,1397.04,1,1
3218.3,16,931,0,0,0,1,4,1928.3,0,0
3092.85,20,1017,0,0,0,0,1,2070.47,0,0
1553.14,11,789,0,0,0,0,6,1748.51,0,0
2535.24,16,576,0,0,0,0,2,1826.1,0,0
3904.41,2,146,1,1,4,5,11,1266.89,1,1
2539.86,16,1329,0,0,0,0,7,2050.18,0,0
13282.37,4,102,1,0,3,0,5,1085.86,1,1
3506.54,21,738,0,0,0,1,1,1979.76,0,0
4733.53,0,73,1,1,4,3,12,2042.31,1,1
2645.49,22,255,0,0,0,0,2,2514.88,1,0
3950.34,0,143,1,1,4,1,6,2729.05,1,1
2298.19,13,139,0,0,0,0,5,1746.02,0,0
5239.49,19,49,1,1,4,4,11,2795.71,1,1
1648.99,22,716,1,1,2,1,4,2571.03,0,0
4396.02,17,72,1,0,5,3,9,3032.26,1,1
786.34,13,846,0,0,1,0,4,1802.31,0,0
1769.86,19,67,0,0,1,0,2,2193.64,0,0
15347.47,3,41,1,1,4,2,6,2191.64,0,1
5111.59,2,62,1,1,2,3,6,1660.82,1,1
5647.73,0,196,1,1,4,4,5,2105.37,1,1
4450.24,0,50,0,1,3,4,9,3058.54,1,1
6438.25,5,38,1,1,3,3,6,1515.23,0,1
13244.36,1,120,1,1,2,2,7,2518.87,1,1
1877.57,14,1024,0,0,0,0,5,2958.86,0,0
1800.09,11,653,0,0,0,0,6,2551.12,0,0
2654.77,11,1239,0,0,0,1,2,4784.34,0,0
935.69,8,544,0,0,0,1,7,2791.4,0,0
12679.61,0,232,1,1,3,2,8,1826.28,1,1
1103.98,19,684,0,0,0,1,2,1188.64,0,0
4304.24,5,208,1,1,1,3,9,2408.39,1,1
1725.66,5,88,1,1,5,7,3,2038.78,1,1
9915.77,1,91,1,0,5,4,9,2367.91,0,1
14997.62,2,244,1,1,4,2,6,1768.95,0,1
8796.49,1,216,1,1,4,1,5,2221.46,1,1
2991.76,20,101,0,0,1,1,4,1855.97,0,0
4272.72,4,141,1,1,5,1,3,2260.42,1,1
2228.97,11,515,0,0,0,1,4,1414.26,0,0
6014.72,1,42,1,1,5,2,6,1720.25,0,1
14395.29,5,70,1,1,5,6,4,1535.1,0,1
1521.27,9,1062,0,0,0,0,3,2217.17,0,0
1825.02,11,620,0,0,2,0,5,1720.88,0,0
2753.74,3,164,1,1,4,2,5,2661.58,0,1
2905.87,20,167,0,0,0,1,2,1520.37,0,0
3275.9,20,299,0,0,0,0,2,1785.82,0,0
2070.66,12,1261,0,0,0,0,1,883.89,1,0
2524.63,17,721,0,0,1,0,1,2002.37,0,0
8497.46,5,223,1,0,4,2,11,3527.01,1,1
1205.18,17,745,0,0,0,0,3,1666.53,0,0
2173.59,19,83,0,0,1,1,4,2777.93,0,0
7950.33,20,134,1,1,3,2,6,1972.52,0,1
11886.69,4,195,1,1,3,3,4,948.92,1,1
3262.72,3,113,1,1,1,3,8,1960.52,1,1
1419.83,10,713,0,0,0,0,4,1723.61,0,0
3239.81,8,692,0,0,0,0,2,1380.12,0,0
11881.53,1,30,1,1,3,5,13,1597.74,1,1
2042.69,16,76,0,0,0,0,4,2456.27,0,0
7768.14,11,111,0,1,5,3,6,953.89,1,1
1409.04,10,1267,0,0,0,0,6,1778.45,0,0
1949.01,20,1095,0,0,0,0,2,1805.74,0,0
2021.92,18,946,0,0,0,0,2,2222.44,0,0
11748.47,5,145,1,1,5,3,12,2417.81,1,1
7094.21,4,65,1,1,5,2,10,1623.65,1,1
13678.94,11,168,1,1,4,3,8,1217.49,1,1
2538.46,20,1480,1,0,1,2,5,1901.98,0,0
3710.86,0,235,1,0,4,4,6,1640.02,1,1
12618.26,14,216,1,1,1,2,13,2227.13,0,1
834.45,11,1007,0,1,0,1,1,1536.15,0,0
1146.28,17,1357,0,0,0,1,1,1094.15,0,0
1699.88,20,962,0,1,1,0,2,1776.84,0,0
5360.11,0,207,1,1,4,5,12,1831.58,1,1
1899.36,12,1322,1,0,0,1,4,1825.26,0,0
2807.19,19,353,0,0,0,1,2,3205.56,0,0
787.17,15,1287,1,0,0,1,2,1455.45,0,0
5516.22,1,178,1,1,1,4,9,1520.22,0,1
4525.88,0,158,1,1,5,6,4,1435.38,0,1
16679.54,13,102,1,1,4,2,6,2145.94,1,1
1330.52,18,442,0,0,0,1,3,2116.78,0,0
2411.56,20,1232,0,0,0,0,3,2295.26,0,0
8257.53,3,11,1,1,3,1,8,2657.45,1,1
690.62,18,137,0,0,0,1,4,1995.4,0,0
7165.17,3,89,1,1,4,3,8,1776.81,1,1
1947.23,12,1217,0,0,0,0,4,1604.09,0,0
1967.34,8,1103,0,0,1,1,1,1544.66,0,0
2948.77,18,384,0,0,0,1,3,1369.57,0,0
9221.6,10,130,1,1,3,6,6,1728.31,1,1
6747.14,1,45,0,1,5,1,11,3370.94,1,1
2253.47,19,1485,0,0,0,0,3,1885.95,0,0
11223.78,2,102,1,1,1,1,3,1856.54,1,1
7353.84,2,80,1,1,5,2,8,1170.83,1,1
1878.35,17,696,0,0,0,0,2,1601.6,0,0
7471.02,0,228,0,1,2,3,5,2067.47,1,1
4091.88,21,1306,0,0,1,0,3,1557.91,0,0
4317.97,1,205,1,1,5,3,10,3911.42,0,1
1681.01,15,71,0,0,0,0,1,1992.91,0,0
5625.76,5,107,1,1,4,4,4,2174.46,0,1
2500.94,17,1021,0,0,0,1,3,2088.2,0,0
2170.68,17,428,0,0,0,0,3,1722.75,0,0
3096.53,12,893,0,1,0,0,3,2383.44,0,0
4411.71,12,237,1,1,3,8,3,1134.07,1,1
6170.25,3,67,0,1,5,6,13,3353.82,1,1
1808.88,12,1003,1,0,1,0,2,1394.11,0,0
1311.15,0,155,0,1,2,2,8,2076.17,1,1
2007.99,14,992,0,0,0,0,2,1425.23,0,0
3251.59,5,176,1,1,2,3,11,1282.32,1,1
10281.59,3,137,1,1,1,7,8,1870.93,1,1
667.43,12,932,0,0,0,0,1,854.3,0,0
3733.73,6,100,1,1,1,0,5,1200.36,0,1
9788.63,20,1039,0,0,0,0,1,1866.08,0,0
2046.61,9,1120,0,0,0,0,3,1864.91,0,0
1606.24,18,1118,0,0,0,0,5,1790.44,0,0
2403.22,22,954,0,0,0,0,4,2646.01,0,0
1726.58,19,1258,1,0,0,1,1,2539.63,0,0
2219.54,19,289,0,0,0,0,3,2617.46,0,0
7281.15,4,215,1,1,4,4,10,2247.87,1,1
1546.69,13,173,0,0,0,1,2,2311.49,0,0
8218.65,5,11,1,1,5,3,8,2304.96,1,1
1781.33,17,1310,0,0,1,0,3,3193.85,0,0
10036.81,1,88,0,1,4,2,10,1907.61,1,1
3730.36,2,197,1,1,3,2,7,1460.12,1,1
7113.32,17,125,1,1,4,5,8,935.81,1,1
4094.15,18,1074,0,0,0,0,3,2985.56,0,0
718.61,19,123,0,0,2,0,2,3203.81,0,0
1506.12,9,504,0,0,0,2,3,1591.94,0,0
2785.64,0,214,0,1,1,3,9,3756.17,1,1
1366.97,11,1279,0,0,0,0,1,1294.64,0,0
3677.16,5,192,1,1,5,2,9,1687.72,1,1
1446.51,13,76,0,0,2,1,2,2920.29,1,0
1931.69,13,1413,0,0,0,0,5,1768.46,0,0
1582.27,9,795,0,0,2,0,3,1140.86,0,0
8980.91,12,18,0,0,3,3,7,1300.35,0,1
2832.87,21,231,1,0,1,1,9,2014.93,1,1
4114.2,22,241,0,1,2,6,5,1758.24,1,1
2197.76,11,432,0,0,0,0,5,2196.04,0,0
5778.9,2,85,1,1,4,2,6,3024.5,0,1
8089.61,11,72,1,1,3,6,9,2508.05,0,1
2029.71,16,810,0,0,0,1,2,2170.69,0,0
5671.09,2,100,0,1,5,2,7,1564.87,0,1
3858.52,4,143,1,0,4,4,5,989.16,1,1
2185.7,21,8,1,1,3,1,5,2033.56,1,1
2804.27,8,1399,0,0,0,0,4,1610.29,0,0
1151.85,13,1207,0,0,1,2,0,1556.03,0,0
5235.6,15,98,0,1,3,1,12,2946.45,1,1
2968.83,19,882,0,0,1,0,1,2902.26,0,0
2006.47,19,826,0,0,1,1,4,1883.86,0,0
3093.69,10,410,0,0,1,0,1,2153.45,0,0
15969.27,10,117,1,1,4,4,10,3629.76,1,1
2954.65,9,497,0,0,0,0,2,3053.18,0,0
1586.33,15,993,0,0,0,0,2,1912.79,0,0
1244.25,12,1043,0,0,0,1,2,2260.92,0,0
3146.74,22,281,0,0,0,0,8,1453.42,0,0
1762.69,15,1115,1,0,0,0,2,3609.1,0,0
2598.19,1,233,1,1,2,4,12,2225.3,1,1
4616.08,13,113,1,1,2,2,5,1551.36,1,1
13979.41,13,194,1,1,3,3,5,1638.85,0,1
4726.28,0,195,1,1,2,1,13,2599.79,0,1
1615.7,18,1499,0,0,0,0,3,3529.48,0,0
3688.42,13,1377,0,0,1,0,0,3966.25,0,0
2386.4,0,208,1,1,5,3,5,2385.95,1,1
10705.13,6,192,1,1,3,7,8,1238.0,1,1
6695.03,6,183,1,1,3,4,8,2438.49,1,1
1371.59,17,1125,0,0,0,0,5,2373.07,0,0
1421.57,3,51,1,1,3,0,11,1597.74,1,1
10503.18,2,174,0,1,2,3,3,1087.05,1,1
3244.62,21,591,1,0,0,0,2,1820.75,0,0
9724.78,4,129,1,0,3,1,12,1078.46,0,1
1840.83,13,379,0,0,0,0,2,1009.79,0,0
1713.36,19,1426,0,0,0,0,4,1092.06,0,0
1784.97,11,568,0,0,1,1,1,1990.67,0,0
10597.75,23,5,1,1,5,3,11,3242.08,1,1
1784.24,21,730,0,0,1,1,4,1927.78,0,0
1757.6,15,1252,0,0,0,1,3,2581.26,0,0
1556.5,14,1127,0,0,0,1,3,2814.95,0,0
3728.74,17,540,0,0,0,0,4,1856.57,1,0
3808.23,16,1256,0,0,0,1,5,1503.25,0,0
1537.98,19,1457,0,0,0,1,2,2161.66,0,0
2609.75,12,269,0,0,0,1,5,1423.09,0,0
2164.43,18,1194,0,0,0,0,4,1377.22,1,0
2433.48,19,934,0,0,0,0,2,1175.25,0,0
1372.06,17,529,0,0,0,1,2,1928.21,0,0
2634.51,9,1241,0,0,0,0,0,1199.45,0,0
2815.59,9,1380,0,0,0,0,4,2479.97,0,0
5298.36,16,1383,0,1,0,0,6,1531.09,0,0
2311.18,11,302,0,0,0,0,4,2054.7,0,0
2124.59,12,411,0,0,0,1,4,1428.95,0,0
1756.47,11,1132,0,0,0,0,1,1688.22,0,0
2627.17,0,14,1,1,5,4,5,1716.75,0,1
2398.74,10,148,0,0,5,3,8,1057.08,0,1
4207.88,19,1466,0,0,0,1,3,1400.56,0,0
9333.36,5,27,0,1,1,5,6,3087.61,0,1
5559.57,0,96,1,1,4,3,6,1497.05,1,1
1046.99,11,585,0,0,0,0,1,2517.75,0,0
2139.27,17,680,0,0,0,0,7,1429.34,0,0
2281.02,21,194,0,0,0,1,4,3062.53,0,0
2970.35,17,1392,0,0,0,2,3,2265.08,0,0
7560.46,5,53,1,1,5,2,14,3988.54,1,1
9091.67,4,38,0,0,3,4,9,2348.96,0,1
1332.76,10,200,0,0,1,1,4,2717.22,1,0
4064.89,16,71,1,1,5,1,6,1765.52,1,1
5874.44,11,212,0,0,0,0,1,1052.26,0,0
6739.64,3,100,1,0,5,4,9,1433.8,0,1
2093.74,22,493,0,0,0,0,2,1466.39,0,0
2356.44,15,18,1,1,4,4,9,2904.9,1,1
10075.74,2,196,1,0,5,3,7,1669.33,0,1
1057.89,20,826,0,0,1,1,2,3235.58,0,0
1779.37,2,91,0,1,3,3,4,3536.14,0,1
5230.87,5,5,1,1,4,3,7,2337.14,0,1
1739.81,16,1378,1,0,1,0,2,1361.46,0,0
5615.76,3,90,1,1,1,3,13,3245.0,1,1
1215.45,10,452,0,1,0,1,5,3922.16,0,0
4871.53,1,134,0,1,4,4,7,1478.26,0,1
3169.03,17,155,0,1,0,0,3,1488.07,0,0
1257.04,14,660,0,0,0,0,2,1009.89,0,0
4537.13,8,47,1,1,2,0,10,2475.18,1,1
8948.03,1,23,1,1,3,8,9,836.9,1,1
2490.38,22,214,0,0,1,1,2,1853.97,0,0
6056.17,5,127,1,1,2,1,5,1184.26,1,1
4671.07,5,153,1,1,5,2,9,751.54,1,1
6465.24,1,190,1,1,3,4,9,1959.03,0,1
8534.09,3,221,1,1,3,4,7,1652.64,0,1
1509.15,19,849,0,0,1,0,4,1649.85,0,0
3001.67,17,835,1,0,0,1,2,1544.11,0,0
4343.98,16,55,0,1,4,4,11,2653.61,0,1
1645.63,10,1374,0,0,2,2,1,1455.54,0,0
1519.22,11,1372,0,0,0,0,2,1205.29,1,0
8246.55,2,212,1,1,5,1,5,1990.39,1,1
1627.74,18,891,0,0,0,2,3,1934.99,1,0
5307.0,5,30,1,1,5,4,10,1430.24,1,1
2326.81,2,126,0,1,3,3,9,2223.51,1,1
2213.36,8,635,1,0,0,1,1,594.41,0,0
3645.71,20,1334,0,0,0,0,4,1185.9,0,0
2158.98,19,608,0,0,0,0,2,1557.62,0,0
11447.61,22,131,1,0,3,2,11,1108.02,0,1
4269.48,1,64,1,1,4,1,9,3101.67,1,1
12523.18,16,28,0,1,3,2,8,1053.75,1,1
5210.61,2,79,1,1,4,3,3,1493.86,1,1
2208.71,15,1491,0,0,0,1,3,908.34,0,0
2558.55,3,63,1,1,3,1,7,1841.47,0,1
2295.4,10,936,0,0,1,1,1,1018.3,0,0
2758.94,9,108,1,0,4,2,6,1179.96,1,1
3290.92,14,944,0,0,0,0,3,1787.26,0,0
2191.76,22,457,0,0,1,1,1,2075.36,0,0
6546.72,1,18,1,1,1,3,10,1764.37,0,1
1108.29,9,1485,0,0,0,0,1,1632.66,0,0
3191.27,19,194,0,0,1,0,3,1089.67,0,0
6587.13,4,83,0,1,2,3,8,2555.68,1,1
3271.12,2,118,1,1,2,3,14,1699.94,1,1
1150.11,22,115,0,0,0,0,2,839.47,0,0
2591.46,3,53,0,1,4,4,10,1951.39,1,1
3062.17,17,1144,0,0,0,0,1,3194.2,1,0
4637.22,18,970,0,0,1,0,5,2601.74,0,0
7400.41,3,115,1,1,4,3,9,2189.25,1,1
9471.66,5,53,1,0,3,4,8,1541.56,1,1
9092.45,0,191,0,1,5,4,7,1043.35,1,1
2944.57,10,716,0,0,2,0,3,2020.31,0,0
6892.06,5,248,0,0,3,3,7,3278.17,1,1
2944.62,17,1152,0,0,0,0,2,1882.55,0,0
7485.33,0,185,1,1,3,4,6,1180.51,1,1
6452.82,4,202,1,1,1,1,13,1125.95,1,1
2798.16,17,193,0,0,0,0,4,2080.49,0,0
966.9,15,785,0,0,1,1,2,850.96,0,0
6133.39,4,64,1,1,5,1,12,1886.46,1,1
5851.45,5,137,0,1,2,6,5,2597.37,1,1
8364.84,4,89,1,1,4,5,4,1061.17,1,1
2159.41,8,1248,0,0,0,0,4,2403.92,0,0
3743.78,0,242,1,0,4,1,7,2035.54,1,1
1571.54,1,9,1,1,2,4,5,1262.04,1,1
2317.23,9,87,0,0,1,1,6,1948.74,0,0
2921.74,16,705,1,0,0,0,0,1823.24,0,0
2836.78,1,47,1,1,3,4,9,2342.77,0,1
4636.77,13,495,0,1,0,1,5,3829.68,0,0
6747.56,0,5,1,1,2,2,9,1508.97,0,1
2429.08,11,1282,0,0,2,1,4,1602.97,0,0
6019.44,1,14,1,1,5,1,6,994.9,1,1
2617.03,11,1384,0,0,0,0,1,2816.73,0,0
6845.16,6,105,1,0,2,0,9,1767.64,0,1
7907.42,4,75,1,1,5,5,7,1713.12,1,1
7846.2,0,177,1,1,1,2,7,1587.63,1,1
1089.46,22,1272,0,0,0,0,5,611.45,0,0
4792.21,4,153,1,1,5,2,7,1185.09,1,1
4175.59,16,933,0,0,1,0,1,1520.93,0,0
14413.59,5,228,1,1,5,6,8,1215.73,0,1
1328.33,14,374,0,0,0,0,7,2160.65,0,0
3549.62,8,1074,0,0,0,0,2,2015.23,0,0
5324.48,1,158,1,1,4,5,6,2784.44,0,1
11158.86,5,123,1,1,5,2,8,1419.12,0,1
6142.71,0,177,0,0,3,3,8,1768.72,0,1
1774.72,10,336,0,0,0,3,7,1438.98,0,0
1854.02,15,1295,0,0,0,0,3,914.49,0,0
9804.66,3,50,1,1,3,3,5,1331.74,0,1
3829.91,20,1014,0,0,0,0,3,1684.62,0,0
6063.46,4,50,1,1,4,2,10,2535.26,0,1
12514.83,4,51,1,1,5,0,4,3275.98,1,1
671.17,14,458,0,1,0,1,4,1965.21,0,0
1202.88,10,1318,0,0,1,0,4,1997.23,0,0
4742.1,5,69,1,1,5,5,8,1199.28,0,1
1254.79,14,1126,0,0,1,0,1,3027.07,0,0
1841.19,22,365,1,0,0,0,2,1076.19,0,0
7195.34,0,200,1,1,3,1,18,2159.07,1,1
5531.51,5,137,1,1,1,4,10,1537.68,0,1
1453.3,10,1342,0,0,2,0,1,1437.93,0,0
1887.18,20,652,1,0,0,0,4,1483.83,0,0
3268.19,13,1283,0,0,1,2,2,1328.49,0,0
1988.06,8,1045,0,0,0,0,2,2114.3,0,0
4879.43,15,118,1,1,5,6,7,2565.49,1,1
1615.17,19,1427,0,1,0,2,2,1634.92,0,0
10402.85,3,208,1,1,3,4,9,1530.12,1,1
9332.41,5,108,1,1,4,3,9,1996.98,1,1
4869.8,0,216,1,1,5,5,5,1236.34,1,1
3657.62,22,647,0,0,0,2,4,929.16,0,0
3539.79,8,651,0,0,0,2,2,1189.64,0,0
10654.2,1,203,1,1,3,2,8,1725.64,1,1
4001.59,9,197,0,1,3,2,11,1886.76,1,1
2927.56,2,45,1,1,3,4,6,2702.59,1,1
7056.29,5,187,1,1,3,4,13,2451.68,1,1
3013.98,17,451,0,0,0,0,4,2725.8,0,0
1593.09,10,386,0,0,0,0,3,1610.56,0,0
2073.23,8,1182,0,0,0,1,2,1972.67,0,0
7134.77,2,117,1,1,1,3,5,1072.76,0,1
3312.19,22,1091,0,0,0,0,2,2526.51,0,0
2107.01,12,1322,1,0,0,0,4,2160.78,0,0
1369.57,14,875,0,1,1,0,0,1310.23,0,0
8125.87,20,126,1,1,3,4,14,1071.63,0,1
16956.74,11,151,1,1,2,4,8,2275.88,1,1
1720.02,14,472,0,0,1,1,3,2355.48,0,0
5199.57,7,35,1,1,5,5,9,2272.66,1,1
1063.94,21,341,0,0,0,0,3,1549.03,0,0
3230.49,18,120,1,0,3,2,7,2475.6,1,1
1792.5,13,1315,0,0,2,1,7,1013.33,0,0
6243.96,21,1159,0,0,1,0,0,2454.91,0,0
4429.33,20,21,0,1,4,2,7,1924.49,1,1
3740.06,2,204,0,1,4,3,5,2832.73,1,1
3723.8,1,173,1,1,4,3,9,3683.1,1,1
3582.92,0,156,1,1,3,3,6,2506.48,0,1
10503.17,0,249,1,1,2,5,10,1945.01,1,1
1936.59,21,1432,1,0,0,0,3,1757.7,0,0
1608.89,15,149,0,0,2,0,3,2682.38,0,0
9376.47,4,139,1,1,3,5,11,2712.97,1,1
7806.45,2,136,0,1,4,3,14,636.93,0,1
8551.75,4,72,1,1,3,1,9,2083.81,1,1
1871.47,9,1327,0,0,0,0,2,1520.25,0,0
3130.55,10,1441,1,0,0,0,3,1708.75,0,0
2568.83,12,814,0,0,0,0,2,2167.74,0,0
3812.47,12,750,1,0,0,0,5,2430.91,0,0
3387.67,20,190,0,0,0,1,1,2166.8,0,0
2173.8,18,474,0,0,0,1,2,1653.0,0,0
11000.31,11,235,1,1,3,2,8,1109.07,1,1
2618.51,17,845,0,1,1,0,2,1014.32,0,0
29475.28,9,82,0,1,3,2,8,1186.04,0,1
13789.56,2,58,1,1,3,4,9,1553.27,1,1
1075.97,14,1247,0,0,0,0,2,2179.79,0,0
9296.11,3,201,0,1,2,3,13,2804.17,1,1
1599.44,22,1131,0,0,2,0,0,1582.99,0,0
12773.88,1,16,1,1,4,2,10,2263.45,1,1
23306.05,4,82,1,0,4,5,10,1959.15,1,1
2463.52,20,278,0,0,0,2,1,2942.83,0,0
12573.01,2,218,1,1,5,1,5,1857.71,0,1
3349.14,5,182,1,1,1,9,9,1320.31,1,1
6995.35,5,200,1,1,3,1,4,2028.19,0,1
2374.22,13,578,0,0,0,2,1,1162.13,0,0
3493.7,12,1451,0,0,0,1,1,1325.73,0,0
1488.07,8,256,0,0,0,0,3,1690.54,0,0
16106.52,4,168,1,1,5,4,12,1423.11,1,1
1602.82,10,327,0,0,0,1,3,985.31,0,0
11806.19,4,142,1,1,4,0,9,2183.7,1,1
1698.49,17,436,0,0,0,1,3,2521.11,0,0
7088.64,0,31,1,1,4,4,7,1894.14,0,1
3197.66,1,172,1,1,5,3,12,1836.67,1,1
9941.77,1,230,1,1,3,4,4,2222.14,0,1
17424.89,3,18,0,1,3,3,9,1992.77,0,1
4202.51,5,210,1,1,3,6,7,3169.09,0,1
11205.46,2,172,1,0,3,6,8,979.38,0,1
3441.28,17,372,0,0,1,1,5,1586.24,0,0
2555.4,18,66,0,1,0,0,1,1048.27,0,0
2126.74,9,895,0,0,0,0,2,1547.94,0,0
7462.2,23,11,1,0,3,8,8,3154.94,1,1
6470.87,1,73,0,1,4,4,7,2316.47,1,1
3850.33,0,246,1,1,5,3,7,1671.25,1,1
2478.01,11,712,0,1,1,0,2,1605.03,0,0
5053.48,19,790,0,0,1,0,8,1820.48,0,0
1538.07,16,448,0,0,0,1,4,2661.14,0,0
2734.59,1,200,1,1,3,3,6,4000.44,1,1
6882.38,1,206,0,1,4,1,7,1307.39,1,1
4465.95,5,143,1,1,3,3,5,2306.08,1,1
5140.52,17,152,0,1,3,2,4,1114.84,1,1
4256.46,0,82,1,1,3,4,8,2880.8,1,1
558.94,18,454,0,0,0,0,3,3066.83,0,0
5066.87,5,243,1,1,5,2,9,1941.67,0,1
1964.42,17,377,0,0,1,0,3,2110.16,0,0
5824.77,20,121,1,1,4,4,7,1353.46,1,1
1847.81,22,317,1,0,0,1,2,3225.99,0,0
1023.89,17,306,0,0,0,1,1,1175.68,0,0
2426.8,4,186,0,0,2,1,6,1375.74,0,1
2060.76,0,14,0,1,5,5,11,1407.69,1,1
3271.44,2,25,1,1,2,0,8,1537.97,1,1
5751.33,13,90,1,1,3,2,6,1878.59,1,1
2585.6,3,26,1,1,3,2,9,1817.5,0,1
6671.34,5,51,1,1,3,4,14,1503.48,0,1
5237.98,0,46,1,1,5,8,11,1243.79,1,1
4256.26,17,140,1,1,5,1,6,1264.53,1,1
3296.9,15,85,0,1,4,5,8,2783.74,1,1
13294.09,1,103,1,1,2,3,5,1610.5,1,1
3126.24,20,208,0,0,0,0,3,1233.77,0,0
2282.43,17,488,0,0,0,1,2,1731.22,0,0
5676.87,3,224,1,1,2,1,6,2278.53,1,1
4646.81,2,119,1,0,5,4,14,1142.0,1,1
5282.86,0,102,0,1,4,2,12,1504.17,1,1
9020.86,1,209,1,1,2,2,4,1605.55,0,1
16859.84,5,224,1,1,3,4,8,1662.61,1,1
23640.55,4,201,0,1,4,4,7,949.12,1,1
4832.93,2,62,1,1,4,1,7,2744.83,1,1
1044.49,17,1177,0,0,1,1,3,840.04,0,0
2230.99,14,644,1,0,1,2,6,1653.56,0,0
5853.39,4,58,0,1,3,1,8,2129.67,1,1
2054.39,9,1363,0,0,0,2,1,2137.98,0,0
555.05,17,184,0,0,0,0,4,1431.62,0,0
2731.67,16,1032,0,0,0,1,5,2219.78,0,0
6347.58,5,86,1,1,4,2,7,3867.29,1,1
7102.88,1,1,1,1,3,3,6,1253.71,1,1
4236.93,22,240,1,1,2,2,11,4003.07,1,1
3676.75,19,557,0,0,0,1,8,2402.12,0,0
2299.29,12,146,0,0,0,0,1,1752.29,1,0
1805.06,11,805,0,0,0,2,3,2155.32,0,0
5758.18,1,82,1,0,2,3,12,1349.76,1,1
3847.8,16,138,1,1,5,2,7,939.21,1,1
959.87,10,577,0,0,1,0,3,4486.06,0,0
11418.06,3,31,1,1,4,1,8,2400.16,0,1
1820.91,14,676,0,0,0,0,6,1251.39,0,0
2858.7,9,1238,0,0,0,0,1,1540.24,0,0
9123.04,10,23,1,1,3,3,6,1601.76,1,1
5957.14,0,64,1,1,2,2,3,2103.3,1,1
8218.32,4,34,1,1,5,5,9,1676.04,0,1
2117.46,9,1311,0,0,0,0,2,1431.4,0,0
6747.96,2,234,1,1,5,3,5,2189.77,1,1
973.11,13,1053,0,0,0,2,2,1724.07,0,0
1544.67,21,667,0,1,0,0,1,1821.82,0,0
6389.84,2,180,1,0,4,2,8,3322.95,1,1
2616.66,13,953,0,0,0,0,2,1710.33,0,0
4728.6,8,136,1,1,4,4,7,2064.92,1,1
9118.15,1,237,1,1,5,4,11,1602.36,1,1
3815.64,18,31,0,0,3,2,7,2978.03,1,1
7768.2,5,79,1,0,3,4,8,1796.22,1,1
2685.86,13,1119,0,0,0,0,5,2025.66,0,0
1626.51,20,188,0,0,1,1,4,2775.12,0,0
9075.33,22,77,1,0,2,0,3,775.3,1,1
2133.21,4,172,1,1,2,4,12,1652.23,0,1
1002.38,22,686,0,0,0,1,2,2328.53,0,0
17316.87,5,199,1,1,5,4,10,2353.01,1,1
3965.37,18,1072,0,0,0,0,4,2069.77,0,0
898.33,12,1478,0,0,0,4,2,1893.68,0,0
3813.42,12,180,0,0,0,0,4,2393.4,0,0
4093.0,19,513,0,0,0,1,5,1541.18,0,0
15274.94,15,169,1,1,4,3,9,1882.38,0,1
8466.47,5,173,0,0,2,4,9,1608.87,1,1
3615.12,12,156,0,0,1,1,2,1508.24,0,0
5267.76,2,128,0,1,4,0,12,1198.5,1,1
1938.39,16,1208,1,0,1,0,3,2821.69,1,0
1465.98,9,1405,0,0,0,0,4,2392.92,1,0
7912.1,17,146,0,1,1,4,7,1481.42,0,1
2741.38,12,1410,0,1,1,0,3,2023.65,0,0
11143.36,19,207,1,1,4,4,6,1483.73,1,1
2123.87,19,1043,0,0,0,2,0,1636.02,0,0
1592.0,11,1393,0,0,1,0,3,1480.21,1,0
3107.66,2,179,1,1,1,6,10,1432.54,0,1
2294.48,11,1471,0,0,0,0,1,1430.75,0,0
1981.26,16,520,0,0,1,0,5,1658.03,1,0
2415.05,15,1138,0,0,0,1,5,1811.92,0,0
6111.82,3,84,1,1,1,4,8,1996.21,1,1
5486.08,8,114,1,1,5,2,9,1805.37,1,1
3795.28,21,237,0,1,3,2,4,1302.75,1,1
1256.73,15,71,0,0,0,2,1,1540.32,0,0
2302.64,15,1223,0,0,0,1,2,1612.92,0,0
1900.34,20,660,0,0,0,2,1,1469.37,0,0
9911.79,4,149,1,1,4,2,8,987.09,1,1
26638.15,17,110,1,1,4,8,8,2128.05,1,1
1416.79,20,938,0,0,0,0,3,1037.32,0,0
2060.19,14,613,0,0,2,1,4,1702.46,0,0
12619.6,0,179,0,0,5,1,5,2215.43,1,1
1638.33,9,1403,0,0,1,0,2,1489.94,0,0
12475.92,14,14,1,1,4,4,7,2093.65,1,1
4646.45,14,142,1,1,1,3,11,1263.0,1,1
13981.72,13,67,1,1,4,1,9,2028.48,1,1
1721.64,13,561,0,0,0,1,3,2491.44,0,0
1118.1,9,125,0,0,0,1,6,2407.21,0,0
4312.19,11,676,0,0,0,0,3,2311.33,0,0
7062.49,0,85,1,1,4,5,10,2586.8,1,1
860.23,13,183,1,0,0,1,3,1390.06,0,0
6579.42,0,186,1,1,5,2,10,1691.65,0,1
2859.27,22,1142,0,0,0,1,2,815.62,0,0
3432.65,19,961,1,1,0,0,4,1175.95,0,0
1474.39,14,1475,0,0,2,0,2,1576.67,0,0
2574.9,22,290,0,1,1,1,2,2792.75,0,0
2376.67,13,1037,0,0,0,0,2,960.23,0,0
3363.95,4,170,1,0,5,1,3,2721.55,1,1
2265.89,20,1495,0,0,0,0,4,1992.91,0,0
9309.03,23,100,1,1,4,3,13,1426.05,0,1
6937.99,2,221,1,1,4,6,12,1534.9,0,1
1675.77,16,1303,0,0,0,0,1,2330.82,0,0
3103.65,5,36,0,1,5,3,7,2424.59,1,1
4607.15,2,192,1,1,4,6,7,1105.18,1,1
3476.47,4,162,1,1,5,2,8,2846.95,0,1
3711.4,17,402,0,0,0,0,3,1968.48,0,0
1567.29,16,444,0,0,1,0,2,1470.19,1,0
1400.12,21,1431,0,0,1,1,2,2229.34,0,0
17432.76,2,173,1,1,2,1,7,1548.12,0,1
610.83,16,824,0,0,0,0,2,2617.64,0,0
2302.36,16,1121,0,0,0,0,2,1724.97,1,0
8106.05,18,929,0,0,0,0,3,1717.22,0,0
8267.8,7,85,1,1,4,6,7,2969.68,1,1
5264.34,2,211,1,1,4,5,5,1830.89,0,1
10457.49,5,229,1,1,5,3,7,1490.37,1,1
10976.88,2,231,1,1,1,2,5,2098.75,0,1
2026.04,18,1117,0,0,1,0,5,1255.34,0,0
4190.63,1,36,1,1,4,2,17,1702.57,1,1
2610.9,13,1215,0,0,1,0,4,2121.03,1,0
1359.92,12,545,0,0,1,0,5,3698.72,0,0
914.18,9,539,0,0,0,1,1,1892.1,0,0
2155.6,17,1121,0,1,1,0,6,1873.59,0,0
8537.16,0,169,1,1,2,4,6,1761.43,0,1
4979.58,0,80,1,1,1,3,10,1796.47,0,1
2674.23,22,1259,0,0,0,1,1,1232.64,0,0
3024.56,12,400,0,0,1,2,2,1900.23,0,0
2445.68,5,161,0,1,4,2,7,1575.75,0,1
4929.01,10,1042,0,0,0,0,0,2033.08,1,0
1007.56,21,1074,0,0,1,0,3,1394.13,0,0
3383.01,15,231,1,1,4,2,7,3900.46,1,1
2578.73,21,196,0,0,0,0,3,2221.8,0,0
1943.59,19,1063,0,0,0,1,3,1413.2,0,0
8113.71,6,2,1,1,3,3,11,2046.68,1,1
1261.7,8,701,0,0,0,2,4,2641.6,0,0
12302.06,4,64,0,1,5,2,7,2003.86,1,1
5978.78,5,230,1,1,4,5,10,2767.27,0,1
10184.26,5,95,1,1,3,1,7,726.81,1,1
5149.02,3,141,1,0,5,6,5,1440.85,1,1
640.52,16,1020,0,0,0,0,1,1252.13,0,0
395.6,9,763,0,0,0,0,4,1889.86,0,0
3901.45,5,206,1,0,3,2,11,2096.69,1,1
3431.63,1,103,1,1,4,5,7,1568.92,1,1
4003.91,3,124,1,1,3,3,5,2394.59,0,1
1941.38,12,433,0,0,1,0,2,2405.07,0,0
2314.02,11,440,0,0,0,0,2,1355.19,0,0
3747.83,21,183,1,1,5,1,10,2012.26,0,1
6047.61,4,94,0,1,4,2,8,2304.33,0,1
1763.42,10,1183,0,0,1,0,3,1127.33,0,0
16450.97,1,148,1,1,5,2,8,2448.17,0,1
3638.39,21,155,1,1,3,2,6,1659.93,0,1
1408.09,11,577,0,0,0,2,4,2350.39,0,0
2086.91,9,221,0,0,0,1,1,2725.96,0,0
9134.99,14,153,1,1,3,3,9,2232.11,1,1
2504.29,17,1115,0,0,0,0,4,2586.62,0,0
6689.63,5,126,1,0,5,3,8,3369.75,0,1
2293.62,2,95,1,1,4,3,11,2393.76,1,1
1798.05,22,630,0,0,1,2,2,2651.34,0,0
5148.56,1,231,0,1,3,4,10,1907.2,1,1
6363.29,21,505,0,0,0,1,2,1032.19,0,0
7392.72,23,141,1,0,1,2,11,1444.18,1,1
2495.66,20,315,0,0,0,0,2,1349.64,0,0
955.54,13,1216,0,0,0,1,0,1868.34,0,0
3977.93,12,158,1,0,0,0,3,1908.92,1,0
5179.92,13,124,1,1,5,4,7,1354.26,1,1
9187.2,2,109,1,1,5,3,11,1365.35,1,1
4440.59,0,155,0,1,5,0,5,1677.89,1,1
1916.93,11,1376,0,0,1,0,4,1423.26,0,0
2589.5,12,169,1,0,0,0,3,1762.68,0,0
2919.52,22,1307,0,0,0,0,4,1547.73,0,0
4876.69,2,186,1,0,5,2,8,1190.21,1,1
813.8,14,1198,0,0,2,1,2,966.16,0,0
1531.78,12,1278,0,0,0,0,2,2017.93,0,0
2114.68,14,739,0,0,0,0,1,2191.82,0,0
3071.67,1,226,1,1,3,3,8,1716.74,1,1
2054.82,17,101,0,0,0,0,1,1732.84,0,0
1171.16,9,830,0,0,0,2,4,2729.33,0,0
4724.09,2,228,1,1,5,1,5,2256.5,1,1
1457.01,17,67,0,1,1,1,4,1918.94,0,0
1311.44,9,948,0,0,0,0,2,1093.82,0,0
1472.84,20,113,0,0,0,0,0,788.75,1,0
4480.95,5,143,1,1,4,3,8,1358.03,1,1
1089.53,19,415,0,0,0,0,5,1830.49,0,0
1591.19,8,1226,0,0,0,1,0,2723.23,0,0
1876.07,16,905,1,0,0,1,2,2331.9,0,0
8611.3,15,168,1,1,3,2,8,2332.8,0,1
2996.81,5,54,1,1,2,2,7,3103.1,0,1
6705.44,0,127,1,1,4,0,6,3195.06,1,1
5059.28,0,134,1,1,3,2,2,1579.82,1,1
1963.14,20,483,0,1,1,0,3,1625.81,0,0
4058.94,5,66,1,1,5,5,13,2807.53,1,1
7865.57,5,71,1,1,4,3,7,1627.34,0,1
4169.6,22,206,1,1,2,3,3,3261.14,1,1
3673.51,22,727,0,0,0,1,1,1795.5,0,0
1849.48,19,542,0,0,1,0,1,2136.58,0,0
10418.95,10,23,1,1,3,3,8,2713.77,0,1
798.91,17,263,0,0,0,0,2,1920.92,0,0
1322.78,9,1120,0,0,0,0,6,1508.98,0,0
2764.99,19,731,0,0,0,0,4,2046.68,0,0
2282.45,9,262,0,0,0,1,0,1888.17,0,0
3454.74,14,490,0,0,1,0,4,2654.9,0,0
6274.53,10,87,1,1,2,3,9,2441.31,1,1
9437.87,3,215,1,1,2,3,5,2474.28,1,1
1096.37,16,1340,0,0,0,0,2,2735.47,0,0
2387.25,16,591,0,0,0,1,4,2672.05,0,0
1335.6,17,758,0,0,0,2,1,2128.08,0,0
7924.71,0,126,1,0,5,2,5,1940.45,0,1
1171.31,21,513,0,1,1,0,2,4159.81,0,0
5047.06,11,30,0,1,5,1,7,2192.2,1,1
3130.36,2,104,1,1,4,1,8,1487.34,1,1
6217.53,3,239,1,1,2,3,8,3435.72,1,1
5725.4,3,92,1,1,5,7,13,1586.01,1,1
11519.92,6,150,1,1,2,4,10,2201.59,1,1
8521.72,3,162,1,1,3,3,10,1805.39,0,1
3790.64,21,168,1,1,4,1,7,3174.95,1,1
6569.12,2,180,0,1,5,3,9,1780.97,0,1
3815.81,16,1289,0,0,0,0,2,1730.25,0,0
1171.3,13,1326,0,0,2,0,4,1607.31,0,0
9273.05,2,25,0,1,1,3,4,1819.98,1,1
1078.74,10,594,0,0,1,1,2,1970.39,0,0
2718.28,12,1343,0,0,1,1,1,1325.58,0,0
15356.53,15,20,0,1,5,2,8,1434.51,1,1
3203.81,11,942,0,0,0,0,2,1616.24,0,0
3720.01,0,247,0,1,4,3,9,3362.03,1,1
3426.82,15,685,0,0,0,0,3,2260.28,0,0
1816.33,9,388,0,0,0,1,1,1279.61,0,0
2931.36,18,1241,0,0,1,1,2,1980.76,0,0
2251.77,9,226,0,0,0,2,2,4860.82,0,0
9257.41,8,130,0,1,4,1,5,1108.01,0,1
3529.88,4,152,1,0,5,4,10,3065.11,1,1
4244.63,3,60,1,1,3,4,6,887.78,0,1
5690.85,13,23,1,1,3,4,10,1556.09,1,1
1386.49,18,92,0,0,0,1,2,2179.66,0,0
6708.72,18,170,1,1,5,3,8,1714.78,1,1
5706.54,23,215,0,1,5,2,10,2677.99,1,1
5157.73,1,231,0,1,3,2,5,2837.71,0,1
1932.96,17,342,0,0,1,0,2,1603.69,0,0
4209.51,3,195,1,1,5,1,10,1877.52,1,1
2720.03,12,782,0,0,1,0,3,2159.19,0,0
2299.89,11,1315,0,0,0,0,1,890.7,0,0
775.39,18,974,0,0,0,1,4,1435.11,1,0
2150.57,15,192,0,1,0,0,5,1581.49,0,0
976.58,14,700,0,0,0,0,1,876.77,0,0
2179.15,22,1067,0,0,0,0,3,1606.8,0,0
3618.19,8,88,0,0,1,0,1,2735.15,0,0
2251.73,2,229,1,0,5,5,3,2549.14,1,1
2443.17,21,154,0,0,0,0,2,3088.3,0,0
5192.21,5,35,1,1,4,2,3,1486.38,1,1
11019.9,4,74,0,1,5,3,9,1062.75,1,1
1913.79,11,1451,0,0,0,0,4,657.56,0,0
2075.59,20,475,0,0,0,0,2,1232.34,0,0
2511.97,12,117,1,1,3,2,4,1731.72,1,1
2629.69,13,651,0,0,1,0,2,1012.44,0,0
2687.91,12,81,0,0,1,2,8,1539.82,0,0
10168.03,3,100,1,1,4,2,5,1958.71,0,1
2020.99,13,749,0,0,2,0,5,1280.51,0,0
3813.65,11,704,0,0,0,1,3,1390.45,0,0
7645.53,5,29,1,1,5,1,10,944.16,1,1
2360.92,14,169,0,1,0,0,3,1421.5,1,0
6895.14,4,244,1,1,2,0,10,1724.49,1,1
2437.94,15,1127,0,0,0,2,2,1417.36,0,0
1790.14,19,838,0,0,0,1,3,1238.78,1,0
1841.37,14,107,1,1,4,2,8,2141.78,1,1
5400.03,13,85,1,1,4,2,7,2047.08,0,1
4546.74,1,35,1,1,3,4,4,1518.86,0,1
6601.95,5,234,0,1,3,4,9,1481.06,0,1
1480.65,13,1294,0,1,0,0,5,1627.39,0,0
6175.65,5,116,1,1,4,3,3,2789.27,0,1
2204.78,10,315,0,0,0,1,5,2095.25,0,0
3417.6,20,736,0,0,0,0,2,1658.57,1,0
3269.96,4,118,1,1,5,6,6,2185.38,1,1
1378.36,13,1193,0,0,0,0,4,1327.04,0,0
1466.75,19,1030,0,0,1,0,2,1316.62,0,0
9435.23,5,201,1,0,5,2,9,2537.83,0,1
17048.34,3,47,1,0,3,2,10,1256.97,1,1
6813.46,0,155,0,1,3,2,8,1993.8,1,1
2446.4,20,672,0,0,0,0,5,1420.64,0,0
7972.83,5,122,1,1,3,3,8,2687.83,0,1
4098.72,15,271,0,0,0,1,2,1429.22,0,0
1304.91,15,1024,0,1,0,0,2,1339.18,0,0
1694.05,11,1087,0,0,0,0,4,2441.18,0,0
1353.83,17,984,0,0,0,1,4,2013.6,0,0
7941.81,0,130,0,0,4,4,12,1998.68,0,1
1091.45,20,415,0,0,0,0,5,1500.09,0,0
10837.37,5,68,0,1,3,6,5,1958.21,1,1
3092.04,15,851,0,0,1,0,4,3276.01,0,0
5172.88,5,56,1,1,4,3,6,1614.95,1,1
974.55,14,948,0,0,0,0,4,921.17,0,0
2054.65,16,522,0,0,0,0,3,1979.22,0,0
14116.84,6,126,1,0,2,4,11,2719.21,1,1
7147.79,1,24,1,1,5,0,7,1744.45,0,1
4248.94,16,653,0,0,0,0,2,826.24,1,0
2723.63,12,583,1,0,0,0,1,1496.25,0,0
10498.81,16,179,1,1,5,2,8,2406.39,1,1
16546.86,23,246,1,0,3,2,8,2431.11,1,1
1505.31,20,83,0,0,0,2,3,1716.82,0,0
790.27,16,238,0,1,2,1,4,1661.95,0,0
1444.23,17,1178,0,0,2,0,6,1892.01,0,0
1146.03,11,635,0,0,0,0,4,2303.09,0,0
606.66,11,1325,0,1,1,0,8,931.09,0,0
7643.47,2,47,1,1,4,4,9,1791.06,0,1
4272.7,0,239,1,1,5,2,8,1784.84,0,1
9233.5,2,57,0,1,3,8,5,2325.16,1,1
9048.43,2,194,1,0,1,4,7,1086.12,0,1
4903.78,11,7,1,1,1,3,8,542.26,1,1
3076.32,2,55,1,1,2,6,8,1343.98,1,1
4450.98,10,138,1,1,5,5,4,2236.77,1,1
11105.65,0,204,1,1,1,2,13,1523.78,0,1
4531.91,19,201,1,1,4,4,9,2445.9,1,1
1089.63,10,1055,1,0,0,0,1,2085.56,0,0
6341.17,2,167,1,1,5,1,4,1501.26,1,1
1846.03,19,204,0,0,0,1,0,3000.65,0,0
11953.0,22,190,0,1,3,1,10,730.29,0,1
5383.74,18,186,0,1,3,3,9,1766.52,1,1
9635.94,21,44,1,1,3,5,10,3028.58,1,1
1078.81,9,1192,0,0,0,0,3,1149.93,0,0
14289.43,5,226,0,1,1,0,7,1294.73,0,1
4230.14,9,799,0,0,0,1,4,1784.95,0,0
2231.2,22,1378,0,0,2,0,2,2100.78,0,0
2814.03,22,188,0,0,0,3,5,1620.55,0,0
3552.58,17,225,1,1,4,5,8,2313.45,0,1
8468.14,23,198,1,1,4,4,10,946.44,0,1
7852.84,5,77,0,1,5,1,6,3602.05,0,1
3412.11,9,236,0,0,0,0,2,1271.15,0,0
7094.84,2,228,1,1,3,1,5,2091.49,1,1
1062.88,16,574,0,0,0,0,1,1932.34,0,0
1648.85,15,266,0,0,0,0,2,1890.66,0,0
15633.19,0,60,1,0,4,2,12,1701.52,0,1
11085.52,19,30,0,1,2,4,10,3042.16,0,1
1977.13,10,655,0,0,0,0,1,1928.84,0,0
2094.96,18,1304,0,0,0,0,5,2160.12,0,0
4799.93,0,241,0,1,5,5,13,2485.26,1,1
1457.14,13,1430,0,0,0,1,2,2335.07,0,0
1926.3,15,1266,0,0,0,2,2,1124.79,0,0
1166.61,16,1438,1,0,0,0,3,1341.31,0,0
3690.9,1,235,1,1,3,4,10,1192.15,1,1
6172.52,5,239,1,0,1,3,10,861.31,0,1
10299.13,5,218,0,1,5,5,10,4546.07,1,1
1260.58,20,818,0,0,0,0,4,1201.37,0,0
4931.74,5,95,1,0,2,2,11,1193.26,1,1
8025.36,5,187,1,1,4,5,6,1302.48,0,1
9187.37,4,93,1,1,1,2,6,1709.34,0,1
8934.27,0,71,1,1,1,0,9,1966.36,1,1
2261.44,11,606,0,0,0,1,1,2089.58,1,0
2799.79,10,502,0,0,0,1,3,2065.95,0,0
1952.77,15,1326,0,0,0,0,3,1298.51,0,0
1733.56,17,1016,0,0,1,0,1,3086.56,0,0
4273.67,5,88,1,1,3,8,11,2086.45,0,1
2714.29,5,92,1,1,3,3,11,1309.77,1,1
1106.78,17,1460,1,0,0,0,2,2661.6,0,0
4071.02,17,761,0,0,1,0,5,2365.7,0,0
1387.59,9,999,0,0,1,0,2,2481.96,1,0
8726.2,2,210,1,1,3,4,8,2275.2,1,1
1733.84,8,1101,0,0,0,0,5,1514.05,0,0
4950.15,1,187,1,0,4,3,9,1860.74,1,1
721.39,22,490,0,0,0,2,4,1356.04,0,0
7153.21,0,234,1,1,4,4,10,1400.18,0,1
5193.72,12,150,1,1,1,2,8,1641.89,0,1
2229.42,13,1171,0,0,0,1,3,2175.68,0,0
1351.64,10,1424,0,1,0,2,4,2640.66,0,0
9120.76,4,100,1,1,3,1,9,846.21,1,1
1714.16,11,772,1,0,0,0,5,3555.31,0,0
1021.05,13,420,0,0,0,0,3,1448.22,0,0
1896.51,10,102,0,0,0,2,5,1832.0,0,0
3610.16,20,178,1,1,3,4,13,1848.36,1,1
2325.47,8,464,0,0,0,1,1,1724.87,0,0
2571.68,13,653,0,1,0,0,5,1006.11,0,0
2407.35,13,713,0,0,0,1,1,3013.66,0,0
5027.31,1,150,0,1,5,3,9,2160.33,1,1
6706.34,2,72,1,1,1,2,10,1546.7,1,1
5506.74,22,13,1,1,4,1,13,1770.74,1,1
9000.22,11,203,1,1,4,4,11,1167.11,1,1
2117.04,14,921,0,0,0,2,1,1407.57,0,0
1627.34,17,1106,0,0,1,2,2,2037.34,0,0
1208.4,11,771,0,0,0,0,2,2359.72,0,0
508.17,10,167,0,1,0,0,4,1572.02,0,0
8265.24,1,244,1,1,2,4,11,1169.88,1,1
4669.64,2,85,1,1,4,1,8,1898.39,1,1
8279.58,2,26,1,1,3,6,8,1065.37,0,1
3200.32,10,67,0,1,3,3,8,1158.54,1,1
8325.07,0,34,1,1,5,4,7,1941.06,1,1
1295.04,19,1232,0,0,0,1,4,1615.47,0,0
3732.22,13,315,1,0,1,2,2,1697.65,0,0
1288.87,22,708,0,0,0,0,1,2665.82,0,0
5835.66,1,6,0,0,1,3,10,3773.5,0,1
2297.12,13,903,0,0,0,3,5,915.74,0,0
2355.02,8,974,0,0,0,1,0,1501.28,0,0
2895.89,18,419,0,0,0,1,3,1512.48,1,0
3078.11,2,9,0,1,5,5,9,1273.72,1,1
3599.33,8,248,1,1,4,1,4,2185.64,1,1
899.28,12,1382,0,0,1,1,2,1447.42,0,0
7601.05,2,85,0,1,1,5,8,1132.02,0,1
3291.6,2,214,1,1,5,5,6,1026.74,1,1
1741.74,10,1123,0,0,1,0,1,2535.59,0,0
2203.56,21,919,0,0,0,1,3,2386.14,0,0
2994.65,16,1293,1,0,1,0,4,1911.1,0,0
2510.92,13,279,1,0,0,0,2,2191.42,0,0
2750.84,17,1213,0,0,1,0,1,1774.49,0,0
925.18,17,261,0,0,0,0,2,1843.08,0,0
6979.03,3,135,0,1,4,3,5,2025.47,0,1
6410.68,5,70,1,1,3,2,14,2662.68,1,1
5763.56,5,16,1,1,1,3,7,1684.31,0,1
6201.95,7,228,1,1,4,3,7,2150.82,1,1
12375.78,4,3,1,0,2,5,5,1943.51,1,1
1705.45,13,1352,0,0,2,1,2,3953.67,0,0
10689.95,17,118,1,1,4,2,5,3389.38,0,1
4471.27,3,117,0,1,1,2,9,1714.47,0,1
5483.04,0,59,0,1,4,3,2,1812.31,0,1
1305.01,19,1322,1,0,0,0,4,2292.09,0,0
5319.25,0,142,1,1,5,5,9,1536.58,1,1
5501.41,0,232,1,1,5,4,14,1294.74,1,1
9690.74,4,174,0,1,3,5,5,1070.61,0,1
4212.6,20,717,0,0,2,3,5,2374.45,0,0
4233.22,1,71,1,1,4,4,8,1501.06,1,1
3174.82,19,272,0,0,0,1,4,1289.27,0,0
1142.72,11,116,0,0,0,3,2,1855.75,0,0
1944.41,9,890,0,0,0,1,3,1632.06,0,0
8754.99,2,151,0,1,3,4,12,1450.7,0,1
3502.5,5,3,1,0,2,2,6,2154.92,1,1
2427.02,8,753,0,0,0,0,3,1477.76,0,0
2601.75,18,904,0,0,0,0,6,1914.57,0,0
2225.73,12,203,0,0,0,1,5,3424.19,0,0
2629.32,22,1193,0,0,0,0,4,1772.82,0,0
1889.31,11,1456,0,0,1,0,2,2467.27,0,0
2032.3,0,37,1,1,3,3,6,978.52,1,1
2702.08,1,232,1,1,5,1,9,2769.95,1,1
7318.28,3,82,1,0,5,3,8,2293.32,0,1
7044.73,12,132,1,1,5,3,8,1006.92,1,1
6965.31,4,208,0,0,3,3,8,2358.49,1,1
1875.68,0,223,1,1,1,2,5,1631.76,1,1
2575.57,5,196,1,1,1,1,11,2336.84,0,1
2980.55,13,582,1,0,0,2,3,1801.15,0,0
1441.13,21,479,0,0,0,0,2,2033.63,0,0
3239.25,9,365,0,0,0,0,2,1315.53,0,0
6624.71,3,66,1,1,1,6,9,2710.38,0,1
3573.47,21,773,0,0,0,0,3,1060.08,0,0
1136.2,15,1493,1,0,1,0,3,960.04,0,0
1520.24,11,507,0,0,0,2,2,1919.62,0,0
2563.35,22,1130,0,0,0,1,4,1330.12,1,0
9308.83,4,26,1,1,5,5,12,1097.08,1,1
7375.21,12,191,1,1,5,3,6,1439.45,1,1
8395.31,21,85,1,1,3,3,7,1239.08,0,1
1864.9,13,572,0,0,0,1,3,1064.53,0,0
2480.13,19,1411,0,0,0,1,4,2188.01,1,0
3468.61,22,619,0,0,0,1,2,1663.87,0,0
1651.2,13,126,1,1,4,2,9,769.74,1,1
1659.14,22,416,0,0,1,0,2,3593.42,0,0
3754.54,13,511,0,0,0,0,4,1630.23,0,0
2902.32,21,90,1,1,2,0,6,1391.67,1,1
746.53,16,534,0,0,0,0,3,2129.74,0,0
6305.14,3,40,0,1,1,2,2,1844.55,1,1
2677.47,21,1288,0,0,0,0,6,2334.28,0,0
995.36,15,602,0,0,2,0,4,2130.57,0,0
1910.27,8,1464,0,0,0,0,3,3045.35,0,0
10565.36,17,231,1,1,4,1,6,2579.24,1,1
2026.66,20,1150,0,1,0,2,3,1726.99,0,0
2766.5,3,115,1,1,3,1,5,2102.18,1,1
6300.83,3,112,1,0,3,4,9,2079.53,1,1
6592.02,1,210,1,1,4,5,11,1694.9,1,1
7876.5,3,234,0,1,4,2,6,1710.79,1,1
4059.28,15,1488,0,0,0,1,1,1904.8,0,0
1258.17,14,855,0,0,0,0,5,2260.45,0,0
942.83,8,1081,0,0,0,2,3,1459.9,0,0
1857.59,15,437,0,0,0,0,3,1425.08,0,0
1659.58,18,1242,0,0,1,0,4,1284.27,0,0
2440.05,11,642,0,0,0,0,6,1131.79,0,0
9905.09,5,198,1,1,5,1,9,933.91,1,1
1001.71,13,1211,0,0,1,0,2,849.78,0,0
2020.47,10,1355,0,0,0,1,2,1373.36,0,0
1551.89,10,280,0,0,0,0,4,1517.16,0,0
5385.42,21,184,1,1,4,1,7,2036.16,0,1
831.81,12,1360,0,0,1,1,1,2095.67,0,0
2372.08,4,53,1,1,3,5,7,2470.06,1,1
9735.69,0,26,1,0,2,1,4,1265.01,0,1
7575.94,3,58,1,0,4,3,10,1350.71,1,1
4504.1,2,13,1,0,2,5,5,1551.87,0,1
966.01,13,1347,0,0,0,0,0,1166.97,0,0
1436.64,11,472,0,0,0,0,3,1249.04,0,0
1675.74,9,1004,0,0,0,1,2,1110.96,0,0
5701.42,4,117,1,1,3,3,8,1460.83,0,1
5535.61,15,80,1,1,1,2,8,1489.11,0,1
1643.16,22,986,0,0,0,0,4,1843.8,0,0
2822.37,16,1318,0,0,0,0,1,2071.46,1,0
2070.96,20,968,1,0,2,4,1,2222.44,0,0
9367.47,5,218,1,1,1,0,8,1913.78,1,1
4409.64,10,115,1,1,3,3,6,2298.52,0,1
3855.08,0,71,0,1,1,2,7,1425.08,0,1
14602.21,5,10,1,1,1,2,8,1535.17,1,1
1079.65,15,406,0,0,0,0,2,962.64,0,0
8884.46,2,145,1,0,3,6,5,1154.02,1,1
5612.31,22,27,1,1,5,3,7,2032.88,1,1
2411.52,20,1416,0,1,1,0,1,2203.98,0,0
1236.13,13,443,0,0,1,0,5,4035.25,0,0
14025.89,4,10,1,1,1,1,8,2184.37,1,1
5417.29,19,847,0,0,0,1,2,1019.28,0,0
14975.78,2,225,1,1,2,7,11,1902.13,1,1
33170.23,4,119,1,1,4,4,10,2641.31,1,1
1151.41,10,448,0,0,0,0,6,2865.77,0,0
2054.01,10,856,0,0,0,1,2,1800.19,0,0
3927.01,13,240,1,1,3,2,9,1550.46,1,1
1334.98,2,51,0,1,1,5,12,1241.9,1,1
1943.64,14,582,0,0,0,0,1,1819.87,0,0
10035.04,2,186,0,1,2,4,3,1300.14,1,1
1276.15,15,1422,0,0,0,0,4,1825.48,0,0
1947.75,8,959,0,0,0,0,2,1241.1,0,0
1583.15,22,92,0,1,0,0,4,2497.88,0,0
1509.15,16,42,0,0,2,2,9,4241.62,1,1
1942.55,14,1227,0,0,0,0,6,1386.89,0,0
996.64,8,735,0,0,0,0,3,1291.88,1,0
2734.61,17,667,0,1,1,0,3,1693.01,0,0
6116.64,0,52,0,1,3,5,5,1560.86,1,1
9483.3,0,174,1,1,4,4,9,2051.83,1,1
2342.91,15,1193,1,0,0,3,3,1491.71,0,0
4932.18,5,207,1,0,5,1,12,1829.39,1,1
2783.57,8,69,0,0,2,2,5,1983.58,0,0
6156.19,0,34,1,0,4,2,9,1726.71,1,1
1241.72,22,1498,0,0,0,2,4,2342.18,0,0
5902.47,5,216,0,1,5,5,4,1549.41,1,1
8046.89,0,123,1,1,5,2,14,1025.33,0,1
5519.65,1,58,1,1,5,3,9,2553.44,1,1
3943.16,12,51,1,1,1,2,7,2635.11,1,1
2295.73,13,1344,1,0,0,0,4,1290.8,0,0
5747.0,10,785,0,0,1,3,3,2641.19,0,0
10096.62,23,170,0,1,2,3,4,2655.92,1,1
6373.99,0,41,1,1,5,2,8,1993.03,0,1
2721.06,14,699,0,0,1,1,4,1591.39,0,0
2043.12,12,1035,0,0,1,1,3,4177.37,0,0
3396.68,16,1169,0,0,0,2,4,2082.08,0,0
4317.05,1,188,1,0,3,2,8,2288.19,1,1
3086.09,18,656,0,0,0,0,5,1665.07,0,0
4487.15,0,156,1,1,5,3,10,1711.74,1,1
2520.76,15,377,0,0,0,0,5,1419.04,0,0
1195.39,22,1323,0,0,2,0,0,1843.69,0,0
6539.33,3,15,1,1,3,0,6,1576.58,1,1
2001.46,16,1023,0,0,0,1,4,2272.89,0,0
8446.87,2,134,1,1,3,5,6,1933.41,0,1
1191.12,18,407,0,0,0,3,3,1716.79,0,0
9483.12,8,4,1,1,5,1,10,2169.18,0,1
3170.01,11,1096,0,0,0,0,1,918.0,0,0
5416.49,3,211,1,1,4,3,5,2947.2,0,1
2714.92,18,1460,0,0,0,0,3,1675.18,0,0
8536.12,5,132,1,0,3,2,6,2253.52,1,1
3548.91,19,1309,0,0,0,0,6,1512.46,1,0
2557.36,14,1249,1,0,0,0,6,1185.13,0,0
2212.56,18,1360,0,0,0,0,6,1317.46,0,0
10179.14,17,121,1,1,2,6,3,2223.91,1,1
1799.74,14,114,1,1,3,2,7,1834.4,1,1
1873.75,12,481,0,1,1,0,0,1621.51,0,0
2083.76,19,1309,0,0,1,1,6,2023.77,0,0
2672.79,18,1385,0,0,0,0,5,1439.6,0,0
1216.02,8,731,0,0,0,0,3,1908.03,0,0
4690.99,1,189,1,1,3,2,5,2340.3,1,1
2449.98,10,749,0,0,0,0,4,2652.96,0,0
1165.66,8,489,0,1,0,0,4,1555.75,0,0
3070.99,20,958,0,0,0,0,5,1263.11,0,0
807.71,19,364,0,0,0,1,4,1383.76,1,0
1181.19,18,899,0,0,0,1,6,1860.62,0,0
1148.26,21,408,0,0,0,1,3,1921.14,0,0
2271.92,13,871,1,0,1,0,3,1287.4,0,0
3036.75,18,156,0,0,0,0,4,2759.27,0,0
1303.72,19,331,0,0,0,0,3,2545.18,0,0
2722.8,22,1019,0,0,0,0,4,1135.08,0,0
8161.8,14,130,1,1,2,3,7,1100.8,1,1
1343.68,8,768,1,0,0,0,1,2019.16,0,0
2091.43,19,1232,0,0,0,0,2,1679.61,0,0
12097.78,16,33,1,1,1,6,7,1490.64,1,1
3305.59,4,234,1,1,2,3,10,1058.89,1,1
5901.29,4,183,1,1,1,5,10,1661.69,0,1
6835.76,4,194,0,1,5,5,6,1229.98,1,1
2709.64,20,67,0,0,0,0,2,1075.04,0,0
2774.23,16,1099,0,1,1,0,5,955.95,0,0
8366.86,14,7,1,1,5,2,5,875.51,1,1
2561.27,18,1306,0,0,0,0,3,1757.46,0,0
13889.44,13,196,1,1,5,5,9,1031.88,1,1
2363.32,2,58,1,1,5,4,8,2696.96,1,1
1689.13,20,453,0,0,0,0,4,724.85,0,0
2958.26,4,216,0,1,5,4,12,1362.07,1,1
18538.27,18,98,1,0,5,5,9,1735.98,1,1
10305.32,2,248,0,1,5,2,7,1950.73,0,1
7491.68,4,52,1,1,5,1,8,1608.46,0,1
1943.44,10,1223,0,0,0,3,5,1716.39,0,0
7899.94,1,133,1,1,4,2,6,1959.25,1,1
1575.43,15,1464,0,0,0,0,3,1444.86,0,0
4814.9,5,121,1,1,3,1,7,1639.31,0,1
11640.47,10,166,0,1,5,2,13,2512.91,1,1
1217.88,17,603,0,0,1,0,0,1832.27,0,0
6075.04,16,141,1,1,4,4,7,1933.54,1,1
3583.63,14,1472,0,0,0,0,5,1645.47,0,0
6426.0,5,150,1,1,5,6,8,1550.15,0,1
1235.22,12,1498,1,1,0,0,5,1019.56,0,0
11074.73,16,249,1,1,3,2,6,1530.34,1,1
6772.01,13,160,0,1,5,3,6,1718.36,1,1
10840.6,1,124,1,1,3,5,9,1520.91,1,1
2359.65,17,905,0,0,0,0,2,2734.46,0,0
11843.55,0,227,1,1,5,2,7,2188.45,1,1
2275.49,21,71,0,0,0,0,3,1571.06,0,0
2342.55,4,231,0,1,4,0,14,1459.3,0,1
4404.89,18,61,1,0,1,3,10,3643.97,1,1
1799.63,20,743,0,0,0,0,3,2022.98,0,0
13207.64,5,234,1,1,3,6,8,1474.84,0,1
14557.82,9,196,1,0,5,4,8,2287.81,0,1
10165.83,4,176,0,1,2,3,7,1828.66,0,1
2417.25,18,67,0,0,5,7,4,768.52,1,1
3818.74,2,17,1,1,2,3,8,1074.66,1,1
2521.53,1,8,1,1,5,3,2,4081.57,1,1
4371.02,1,13,0,1,4,5,7,1906.53,0,1
3478.32,3,120,1,0,2,4,9,3887.51,1,1
6629.79,1,2,0,1,2,2,7,934.06,0,1
1921.31,11,199,0,0,1,0,4,2549.21,0,0
10085.95,4,39,1,1,4,2,12,3852.21,1,1
2499.92,20,556,0,0,0,0,1,3019.15,1,0
4702.5,10,674,0,0,0,0,3,1895.77,0,0
1009.48,17,958,0,0,0,0,3,1723.52,0,0
15519.54,5,11,1,0,3,3,6,2214.24,1,1
3754.24,13,1197,0,0,1,0,8,1099.49,0,0
1848.58,21,1342,0,0,0,0,4,1100.72,0,0
5686.75,1,15,1,1,5,1,11,1146.21,1,1
10540.59,3,61,1,1,3,0,4,2414.78,1,1
3171.33,5,197,0,1,2,4,8,2429.61,0,1
4397.62,12,1368,0,0,0,0,1,3727.89,0,0
1218.44,15,600,0,0,0,1,7,2034.65,0,0
3528.35,21,410,0,0,0,1,4,1455.35,0,0
2705.63,14,362,0,0,1,0,3,1288.84,0,0
2304.0,11,1392,0,0,0,1,3,1964.78,0,0
4489.67,13,114,1,1,4,4,6,1338.3,1,1
1081.51,8,423,0,0,0,0,2,1286.59,0,0
743.55,15,424,0,0,0,0,3,3341.84,0,0
2834.12,20,350,0,0,0,1,6,1792.76,0,0
4265.09,3,223,0,1,5,1,5,1519.68,0,1
3180.76,3,142,1,1,5,5,11,1309.09,1,1
2737.11,8,955,0,0,0,1,1,2215.24,0,0
1803.51,8,476,0,0,0,0,2,2208.97,0,0
6424.68,11,29,1,1,1,2,8,2357.88,0,1
967.58,16,969,0,1,0,1,2,2189.11,0,0
6393.65,7,33,0,1,3,1,6,1421.95,1,1
1908.26,14,202,0,0,1,0,6,1247.01,0,0
6987.56,17,1287,0,0,0,0,3,2108.72,1,0
3061.23,19,451,0,0,1,0,7,1431.89,0,0
5892.98,4,28,0,1,2,2,13,1497.44,1,1
3049.73,20,238,0,0,0,0,1,1683.03,0,0
2424.75,16,313,1,0,1,0,2,1498.27,0,0
9077.8,18,209,1,1,4,3,5,1833.22,0,1
8212.76,15,94,0,1,4,2,6,3014.47,1,1
2521.94,9,255,0,0,0,1,4,2023.44,0,0
2193.76,8,812,0,0,0,0,5,1571.67,0,0
5113.4,21,5,1,0,3,4,9,1207.5,0,1
1439.39,10,340,0,1,0,0,3,1054.45,0,0
9118.93,1,92,1,1,4,4,11,1744.67,0,1
1972.24,8,1398,0,0,0,0,5,2396.79,0,0
1053.66,10,1474,0,0,1,1,3,1501.65,0,0
1034.77,9,1442,0,0,0,1,2,2247.84,0,0
2237.45,21,1242,0,0,1,0,6,2093.25,0,0
3291.01,19,410,1,0,0,0,4,1361.11,0,0
2444.34,22,229,0,0,0,0,6,1344.0,0,0
1367.04,13,447,0,0,0,0,1,2199.37,0,0
4880.48,6,212,0,1,3,1,13,766.81,1,1
1722.55,12,763,0,0,0,0,5,2887.74,0,0
6057.91,2,102,1,1,3,2,8,1099.54,1,1
6580.14,5,173,1,1,4,1,8,1285.79,1,1
3598.01,22,1475,0,1,0,1,1,1503.99,0,0
8064.06,2,155,0,1,1,7,7,3547.07,0,1
6893.86,0,68,1,1,4,3,8,2440.37,1,1
6270.14,0,82,0,1,3,1,8,2054.19,1,1
28711.87,5,240,1,1,4,1,9,2148.91,1,1
4169.1,1,33,1,0,5,4,8,1137.03,1,1
3165.14,0,168,1,1,5,6,8,2038.85,1,1
7591.48,0,76,1,1,4,3,8,1159.37,1,1
1975.39,13,616,0,0,0,1,2,1232.3,0,0
4650.19,13,110,1,0,4,2,5,2155.19,1,1
1108.1,14,711,0,0,0,0,4,1733.64,1,0
2845.31,19,216,0,0,2,0,3,1930.92,0,0
780.76,14,1037,0,0,1,0,5,2405.02,0,0
6765.78,3,187,1,1,3,3,4,1670.14,0,1
3110.92,4,99,1,1,3,1,5,1588.76,1,1
8446.36,2,143,1,1,4,2,4,3014.8,0,1
3160.13,21,8,0,1,3,3,7,1728.05,0,1
1688.96,13,590,0,0,0,0,4,1603.94,0,0
3044.97,22,249,1,0,3,3,7,783.24,0,1
1901.83,13,1482,0,0,0,1,2,2548.51,0,0
7767.79,0,8,1,1,2,1,3,1651.06,0,1
6865.15,2,81,1,1,1,5,9,1121.32,1,1
8299.14,4,62,1,1,1,1,7,1769.98,1,1
5341.12,18,221,1,1,2,4,6,2636.33,1,1
9736.89,0,222,1,1,4,7,7,2943.44,0,1
2014.47,8,1130,1,0,0,1,4,1898.99,0,0
3911.71,9,1106,0,0,0,0,2,1514.33,0,0
2449.47,22,1062,0,0,0,1,2,1626.1,0,0
10028.59,2,68,1,0,5,4,4,1613.22,0,1
4222.15,3,76,1,1,5,4,6,1076.03,1,1
7390.63,3,50,0,1,3,4,9,2530.68,1,1
3071.15,8,227,0,0,0,2,2,1559.98,0,0
1955.61,15,1255,0,0,1,0,4,1276.96,0,0
1693.61,12,525,0,0,1,0,2,1971.53,0,0
2263.47,13,568,0,0,0,1,5,1105.61,0,0
5592.03,6,50,0,1,2,1,6,1185.7,0,1
9551.47,21,186,0,1,4,3,7,1335.63,1,1
5770.34,0,2,1,1,1,1,8,1113.12,1,1
1472.85,14,1052,0,0,0,0,3,1415.71,0,0
4609.52,10,749,0,0,0,2,6,1933.83,0,0
6761.07,3,199,0,1,1,0,8,735.02,1,1
3971.86,19,501,0,0,2,1,1,1853.54,0,0
1317.52,9,1087,0,0,0,2,1,1248.94,0,0
3097.97,17,1450,0,0,1,0,5,1164.5,0,0
1084.12,12,151,0,0,1,1,3,3923.15,0,0
14772.97,5,164,0,1,3,4,10,2249.57,1,1
1730.81,8,209,0,1,1,0,0,1793.12,0,0
5202.8,8,258,1,0,0,1,2,1389.41,0,0
1357.93,9,1164,0,0,0,1,3,1582.25,0,0
4886.48,4,124,1,1,5,3,5,1894.11,1,1
2741.97,19,92,0,0,0,0,2,3813.25,0,0
1793.08,8,1262,0,0,0,0,2,1369.42,0,0
2788.08,13,1140,0,0,0,2,2,1031.36,0,0
5272.46,17,78,1,1,4,6,8,1917.31,1,1
2480.43,0,179,1,1,5,5,9,2518.45,1,1
2772.48,17,518,0,0,0,0,1,2414.0,0,0
1977.6,18,1338,1,0,2,0,2,2106.03,0,0
4039.12,21,89,1,1,1,6,7,1994.45,1,1
3382.12,5,135,1,1,1,3,7,1400.47,1,1
2287.18,20,132,0,0,0,0,3,4423.43,0,0
3869.37,15,154,0,0,0,1,1,1745.76,0,0
3180.26,3,142,1,1,3,3,9,1356.96,1,1
3844.55,2,233,0,0,4,4,10,2013.26,1,1
3850.08,19,672,0,1,0,1,2,2501.97,0,0
6197.62,1,203,1,0,2,2,8,2606.64,0,1
1652.77,17,564,0,0,1,1,3,997.62,1,0
1450.37,8,960,0,0,0,0,4,1648.74,0,0
1146.92,22,484,0,0,0,0,2,1343.73,0,0
1374.41,10,130,1,0,0,1,3,1949.22,0,0
22655.03,4,58,1,1,4,1,5,1837.6,1,1
13149.35,14,51,0,1,3,2,8,2075.11,1,1
3412.04,11,233,1,0,0,0,2,2294.3,0,0
1223.58,10,658,0,0,0,1,4,1772.23,0,0
3361.08,19,1207,1,0,0,0,3,2766.54,0,0
3422.16,13,208,0,0,0,0,2,2514.42,0,0
9332.48,12,116,1,0,2,2,6,1881.65,1,1
3870.09,8,209,0,0,3,2,9,1220.0,0,1
1285.44,10,666,0,0,0,1,0,1600.05,0,0
10211.28,5,79,1,1,5,4,8,2160.27,1,1
5592.92,7,210,0,1,4,2,7,1837.7,1,1
1829.56,15,1140,0,0,1,1,3,1517.38,0,0
2353.31,20,131,0,0,1,0,4,1635.04,0,0
2322.67,21,591,1,0,0,2,5,1303.04,0,0
13351.68,1,119,1,1,3,1,14,1815.62,1,1
2381.99,11,389,0,0,0,1,5,2415.93,0,0
3249.67,13,1030,0,0,0,0,5,2134.25,0,0
1276.83,11,713,0,0,0,2,6,2002.63,0,0
11721.47,2,48,1,1,2,2,7,1764.48,0,1
1294.35,13,671,0,0,0,0,1,2069.88,0,0
1889.97,9,320,0,0,0,0,6,1120.27,0,0
1890.46,9,1053,0,0,0,0,4,2052.33,0,0
4995.83,3,192,0,1,5,2,5,2139.71,1,1
4705.45,3,153,1,1,2,3,7,1939.71,1,1
6252.06,2,56,1,1,3,4,8,1333.95,1,1
5496.52,5,89,1,0,3,3,12,1762.56,1,1
2172.01,18,1339,0,0,0,0,5,822.82,0,0
1756.37,18,398,0,0,0,0,7,1546.32,0,0
6775.81,5,4,1,1,1,4,12,1293.87,1,1
5445.11,14,123,1,1,3,0,11,1329.34,0,1
4512.29,4,56,1,1,3,1,8,1142.86,0,1
1817.95,22,363,0,0,1,0,2,1535.35,0,0
6969.69,5,86,1,1,3,1,12,2230.39,0,1
1150.99,9,1059,0,0,0,1,3,2302.5,0,0
4880.08,0,111,0,1,4,1,7,2136.88,1,1
6266.11,5,212,1,0,4,3,8,1436.73,1,1
1159.65,11,1216,0,0,0,0,5,2009.73,0,0
10467.3,5,96,1,1,2,6,7,1511.7,1,1
11895.31,2,157,1,1,5,3,7,1181.53,0,1
8848.08,5,190,1,1,2,2,10,2768.11,1,1
3457.29,4,54,0,0,3,3,11,984.08,1,1
4925.99,3,229,1,1,2,2,8,2560.35,1,1
1989.23,18,1178,0,0,0,3,2,1482.79,0,0
2181.87,19,638,0,0,2,0,1,2362.5,0,0
5043.55,5,144,1,1,4,5,8,1453.76,1,1
2796.77,9,266,0,0,2,1,8,1335.29,0,0
8134.41,18,919,0,0,1,0,3,1892.06,0,0
2405.83,16,142,0,0,0,0,2,2069.08,0,0
4477.99,7,109,1,1,3,2,4,1870.85,1,1
1532.02,13,1200,0,0,0,0,5,1417.91,0,0
1278.5,16,498,0,0,0,2,1,1720.63,0,0
4245.27,14,297,1,0,1,0,2,1967.13,0,0
4514.68,8,1115,0,0,0,0,2,2427.94,0,0
2516.84,8,1084,0,0,0,0,6,2446.63,0,0
837.62,13,1380,0,0,1,2,4,1594.41,0,0
649.87,17,307,0,0,1,1,2,3103.62,0,0
1689.05,13,1371,0,1,0,1,2,1743.72,0,0
3234.09,11,912,0,0,0,1,3,2195.95,0,0
1517.58,17,1325,0,0,1,1,2,1894.32,0,0
6059.37,19,1229,0,0,0,0,3,2528.35,0,0
13281.83,9,223,1,1,3,3,9,1674.94,0,1
3334.41,2,237,1,1,5,3,15,2685.62,1,1
3418.41,11,1006,0,0,0,0,1,2021.17,0,0
6223.94,3,87,1,1,4,4,9,1514.44,0,1
3854.75,2,112,1,1,3,3,8,3001.57,1,1
5389.8,10,162,0,1,1,1,10,1304.02,0,1
8064.3,1,66,1,1,3,4,13,1272.01,1,1
4256.75,3,117,0,1,5,5,7,2110.13,1,1
2024.73,21,1476,0,0,1,1,4,1033.05,0,0
1190.36,15,843,0,0,0,1,3,2049.73,0,0
1370.63,11,1075,0,0,0,0,3,1114.37,0,0
1876.49,12,607,0,0,0,0,4,1767.36,0,0
5183.21,3,67,0,1,5,4,10,2567.52,0,1
10935.48,3,24,1,1,4,7,7,1662.46,0,1
10634.86,10,98,1,1,2,2,8,3380.82,1,1
8436.21,2,117,1,1,1,3,12,1549.03,0,1
4017.33,18,228,0,0,0,0,1,1608.9,0,0
4509.47,21,183,0,1,4,2,8,1288.87,1,1
11104.53,1,106,1,1,4,5,6,1222.17,1,1
9774.8,1,236,1,1,4,3,11,2348.12,1,1
11036.63,0,7,1,1,2,1,13,1814.16,1,1
5456.27,5,34,1,1,4,4,7,1547.64,1,1
2351.44,17,184,0,0,0,0,5,1610.7,0,0
1669.38,0,248,1,1,5,4,9,2622.8,0,1
1986.04,9,92,0,0,0,2,2,1513.06,1,0
1871.32,15,376,0,0,0,0,1,1641.59,0,0
1458.29,16,1172,0,0,1,0,3,1437.2,0,0
685.1,17,328,0,0,0,2,2,1318.96,0,0
3809.91,1,178,1,0,4,2,10,1804.31,1,1
1731.54,15,508,0,0,0,0,2,977.6,0,0
10096.02,0,135,1,0,3,2,5,967.21,1,1
4078.69,14,47,1,1,3,3,6,1620.55,1,1
2215.13,9,368,0,0,1,2,0,1911.21,0,0
8638.51,4,109,1,1,3,8,9,1834.38,0,1
1507.82,16,615,0,0,0,0,4,3136.97,0,0
940.95,17,538,0,0,0,1,3,2116.53,0,0
3702.59,15,897,0,0,0,0,3,998.42,0,0
6784.11,0,193,1,1,4,8,8,1144.28,1,1
4896.85,1,211,1,0,4,5,13,1862.63,1,1
4305.12,4,153,1,1,3,8,13,2664.7,1,1
4559.82,7,214,1,1,5,2,9,949.75,1,1
1805.7,9,897,0,0,0,0,3,2882.87,0,0
2211.31,22,235,1,1,5,2,8,1935.2,1,1
2549.87,17,669,0,0,1,0,2,3536.5,0,0
855.89,22,568,0,0,1,1,3,1060.26,0,0
3832.05,4,69,0,1,5,4,8,2375.17,0,1
3139.78,15,1129,0,1,0,0,5,1444.17,0,0
1232.53,10,533,0,1,1,0,3,2195.46,1,0
2784.8,16,809,0,0,0,0,1,1296.17,0,0
2733.95,18,1355,0,0,0,0,3,1527.02,1,0
2275.85,18,858,0,0,0,0,3,1147.52,0,0
2149.78,22,302,0,1,0,0,2,1609.85,1,0
5907.94,22,225,1,1,4,3,7,1725.51,1,1
4579.71,22,180,1,1,2,1,6,1022.35,1,1
6483.96,0,172,1,1,5,4,9,827.92,1,1
4801.37,1,33,1,1,3,1,4,3657.46,1,1
1544.85,22,905,1,0,0,1,1,552.79,0,0
4785.57,2,114,1,1,4,2,8,1778.45,1,1
2238.78,18,1216,0,0,0,1,3,810.69,0,0
4078.67,14,159,1,1,1,0,12,1614.9,1,1
2249.01,10,447,0,0,0,1,0,2864.52,0,0
4019.7,13,782,0,0,0,1,3,3158.27,0,0
1215.57,22,201,0,0,0,0,7,1394.84,0,0
1659.36,21,627,0,0,0,1,2,2256.73,1,0
2868.96,3,87,0,1,5,2,10,1879.8,1,1
1124.05,15,562,0,0,0,1,1,3289.18,0,0
5453.55,2,119,1,1,5,4,7,2019.77,1,1
3152.85,18,1471,1,0,0,0,2,2140.18,0,0
2499.78,19,491,1,1,0,0,3,1476.1,0,0
11672.66,2,121,1,0,5,3,4,2300.23,1,1
9029.99,4,27,1,0,2,4,4,1926.66,0,1
3079.66,20,550,0,0,0,0,3,1454.85,0,0
2889.83,9,589,0,0,0,1,2,3510.15,0,0
1677.77,18,797,0,0,0,0,4,1578.29,0,0
1817.85,9,438,0,0,0,1,8,2208.79,0,0
1566.13,15,318,0,0,0,0,2,1014.72,0,0
2131.7,13,337,1,0,0,0,4,1805.9,0,0
11193.27,0,51,1,1,2,3,10,2227.95,0,1
1110.52,8,1055,0,0,1,0,1,1583.32,0,0
1608.12,19,235,0,0,0,1,3,3086.33,0,0
1583.69,16,410,0,0,1,1,7,581.63,0,0
1761.77,17,999,0,0,1,0,4,1781.51,0,0
2707.25,12,632,0,0,0,1,1,1213.03,0,0
5074.55,5,49,1,1,5,2,6,1648.44,0,1
11228.39,22,164,1,0,3,1,9,1262.83,1,1
7362.01,3,167,1,1,3,1,9,928.28,1,1
5250.44,4,194,1,1,4,4,5,1324.36,0,1
1336.0,21,519,0,0,0,0,0,1645.36,1,0
1319.07,15,65,0,1,0,0,3,2605.03,0,0
1822.13,8,1481,0,0,0,0,2,971.95,0,0
2474.49,0,81,1,1,4,3,10,995.73,1,1
11780.12,7,189,0,1,3,2,11,2597.43,0,1
1716.45,15,116,0,0,1,0,1,2240.74,0,0
4012.94,9,1077,0,0,0,0,6,1946.94,0,0
2113.1,17,1447,0,0,0,1,3,1448.94,0,0
8636.88,4,61,0,1,3,3,8,2097.51,1,1
3289.0,2,111,1,1,3,1,8,1363.37,1,1
1295.62,22,371,0,0,0,1,2,2859.56,0,0
2519.46,15,1455,0,0,1,1,2,1651.24,0,0
2796.21,1,223,1,1,2,2,8,792.8,1,1
1379.56,17,702,0,0,0,0,4,1088.17,0,0
5760.61,3,36,1,1,4,2,10,2072.11,1,1
5812.97,5,72,1,1,5,5,5,1751.62,1,1
834.69,8,471,0,0,1,0,5,1517.3,0,0
1119.26,10,989,0,0,0,0,0,1079.13,0,0
4033.35,4,39,1,1,3,4,3,1621.12,1,1
3237.53,19,1209,1,0,0,2,1,2352.7,0,0
799.31,11,1450,0,0,0,1,0,2765.02,0,0
2878.63,12,1018,1,0,0,1,3,1397.47,0,0
4820.58,3,206,0,1,3,1,5,1706.29,1,1
5958.87,5,4,1,1,1,3,11,1953.21,0,1
1334.87,14,487,0,0,0,0,3,3006.01,0,0
5654.9,4,76,1,1,2,4,13,1348.07,1,1
2744.75,22,816,0,0,0,0,3,3777.94,0,0
666.86,12,1435,0,0,0,0,1,2619.44,0,0
9564.98,8,248,1,1,4,2,6,1601.79,1,1
13199.8,2,228,0,0,3,1,7,1264.49,0,1
5594.49,3,130,1,0,5,4,11,3210.91,0,1
5591.82,16,34,1,1,3,5,12,1836.1,1,1
10307.6,5,56,1,1,4,3,9,2755.99,1,1
2907.58,11,280,0,0,1,1,5,2548.39,0,0
5756.73,0,157,0,1,4,2,10,1398.54,0,1
9481.75,1,71,1,1,1,1,4,2916.46,1,1
1425.84,11,1385,0,1,0,1,2,1933.55,0,0
3931.52,11,539,0,0,0,1,3,1413.12,0,0
7645.07,0,132,0,1,1,0,11,1082.53,1,1
2568.11,15,403,1,0,0,0,4,1998.38,1,0
1611.84,8,1282,0,0,0,0,3,1382.59,0,0
1773.47,11,78,0,0,2,0,4,2403.42,1,0
6561.89,0,214,1,1,4,3,10,3445.12,1,1
1903.26,2,143,0,1,5,2,5,1430.41,1,1
5573.78,13,222,1,0,5,6,14,2023.87,1,1
1541.27,11,173,0,1,2,0,1,1775.56,0,0
6242.46,5,179,1,1,3,2,6,2575.61,1,1
2691.06,11,930,0,0,2,0,6,1868.98,0,0
1523.39,12,643,1,0,0,0,4,1230.58,0,0
13187.23,0,98,1,1,2,4,14,1190.82,1,1
1472.66,18,605,0,0,0,0,4,1689.59,0,0
7247.28,1,106,1,1,2,2,9,1136.36,0,1
1730.87,17,1058,0,0,0,0,2,1588.11,0,0
1740.77,17,360,0,0,1,1,2,1562.98,1,0
1943.15,15,1295,0,0,1,0,0,2115.51,0,0
3272.41,10,193,0,0,0,0,4,2165.35,0,0
1226.94,19,1041,0,0,0,0,4,1057.78,0,0
1216.53,20,835,0,0,1,0,1,1986.79,0,0
2875.14,6,12,0,1,3,2,6,1805.31,1,1
5055.54,22,937,0,0,0,0,1,1813.47,0,0
5222.69,10,1332,0,0,0,1,1,1086.94,0,0
1546.69,8,805,0,0,0,1,3,1298.77,0,0
3734.56,17,239,0,1,5,2,9,2010.28,1,1
2529.73,10,409,0,0,0,3,2,1815.4,0,0
1650.51,19,1114,1,0,0,0,2,1515.93,0,0
4569.48,0,190,1,1,4,3,8,1018.69,1,1
7374.31,23,233,1,1,3,0,12,1280.03,1,1
1292.52,8,567,0,0,0,1,4,1914.22,0,0
4499.24,2,232,0,1,5,3,8,1725.91,1,1
2830.66,15,815,0,0,0,1,3,2631.41,0,0
1012.88,19,1015,0,0,2,0,1,956.14,0,0
3361.19,3,138,1,1,3,2,7,3029.86,1,1
6455.51,0,214,1,0,1,2,8,1189.75,1,1
1225.88,15,1034,0,0,0,1,4,917.05,0,0
4275.38,2,34,1,1,3,6,10,1738.71,1,1
1823.07,21,416,0,0,0,0,2,2805.25,0,0
4368.79,3,243,1,0,1,0,11,2477.12,1,1
2397.99,19,558,1,0,1,0,5,1417.47,0,0
1547.29,13,984,0,0,0,0,3,1186.4,0,0
3130.97,3,46,1,1,5,4,9,2089.19,1,1
2699.02,14,125,1,0,3,5,9,1538.06,0,1
3567.66,16,51,1,1,3,2,6,1033.73,1,1
30139.66,1,174,0,1,4,1,9,1280.36,1,1
1579.51,19,137,0,0,1,2,3,1672.03,1,0
1535.64,8,807,0,0,0,0,6,1441.47,0,0
3552.65,5,88,1,1,3,5,11,1751.72,0,1
2238.64,21,138,0,0,1,1,1,1976.15,0,0
8022.74,1,124,1,0,5,1,7,2359.14,0,1
2028.54,11,524,0,0,0,0,4,1956.12,0,0
1668.23,12,1343,0,0,0,0,2,1864.67,0,0
2974.95,11,1424,0,0,1,3,3,1765.42,0,0
4601.16,3,128,1,1,3,2,9,2099.35,0,1
8024.15,4,171,0,1,1,3,6,2119.24,1,1
3151.31,9,824,0,0,0,0,6,2218.57,0,0
1611.49,11,1225,0,1,0,1,3,1692.11,0,0
13889.82,4,97,0,0,2,1,16,1970.34,0,1
1254.59,14,1165,0,0,0,2,2,2219.09,1,0
2039.84,13,833,0,0,0,0,3,2369.76,0,0
3391.24,9,859,0,0,1,0,1,1650.24,0,0
3269.36,4,54,1,1,1,1,5,2104.34,1,1
3145.0,20,87,0,0,0,1,4,2479.96,0,0
4224.2,3,176,1,1,3,2,10,1910.45,0,1
1336.92,19,1163,0,0,2,0,4,1531.05,0,0
11479.42,3,210,1,1,5,5,8,3461.18,1,1
4502.74,2,120,1,0,5,1,8,1251.19,0,1
5396.7,12,173,1,1,2,0,5,1133.13,1,1
2169.78,19,680,0,0,0,0,7,1593.96,0,0
4654.98,3,164,1,1,3,4,8,2967.64,0,1
5679.4,15,1053,0,1,1,0,3,1947.24,0,0
4824.03,5,2,1,1,5,5,10,1611.74,1,1
1679.61,18,1076,0,1,0,1,2,861.7,0,0
2526.56,19,1352,0,0,0,0,5,1079.81,1,0
5214.13,5,165,1,1,3,6,9,1535.46,1,1
1969.0,15,227,0,0,0,0,2,1836.35,0,0
6189.73,1,144,1,1,1,3,7,966.79,1,1
2728.19,22,134,1,1,3,3,7,2127.26,0,1
4126.13,0,189,1,1,1,2,6,1592.4,1,1
9987.9,11,127,1,1,4,3,5,1411.0,1,1
2958.49,13,60,0,0,1,0,1,1484.0,0,0
4581.76,3,221,1,1,5,1,9,1703.75,1,1
10423.86,2,39,1,1,4,2,9,1470.36,0,1
6400.44,5,239,1,0,2,4,3,1705.92,1,1
9118.64,12,160,1,1,3,4,6,2270.51,1,1
4371.88,4,172,1,1,5,8,5,2676.98,1,1
2562.56,15,1377,0,1,0,0,3,2637.34,0,0
1292.43,14,1172,0,0,0,1,3,1220.1,0,0
1160.45,20,830,0,0,1,2,5,1957.84,0,0
2623.58,14,210,0,0,0,0,2,2118.4,0,0
4871.49,2,215,1,1,2,4,5,1816.82,0,1
3875.52,4,172,1,1,5,5,7,2546.92,1,1
2777.73,22,18,1,1,4,5,12,1870.61,1,1
7594.14,6,242,0,1,2,1,5,1614.89,0,1
4335.63,22,736,0,0,0,2,6,2282.09,0,0
554.68,17,504,0,0,0,2,1,1502.88,0,0
1097.71,22,1087,0,0,0,0,3,1649.33,0,0
3796.35,1,128,1,1,3,1,13,1667.63,1,1
13858.62,3,228,1,1,5,3,10,1549.72,0,1
1761.81,17,406,0,0,1,0,3,701.47,0,0
6311.98,11,69,0,0,4,6,8,2109.81,1,1
1495.5,18,166,0,0,0,0,5,1142.66,0,0
4544.99,3,168,1,1,1,1,6,2789.14,1,1
1164.37,14,928,0,1,0,0,5,1652.36,0,0
3211.99,22,117,0,1,2,2,5,2010.84,1,1
10646.94,5,27,1,1,4,1,9,2484.17,1,1
19690.41,1,51,1,1,3,2,8,3118.05,1,1
4575.58,4,149,1,1,4,2,10,3201.77,1,1
4969.47,9,1490,0,0,0,0,4,1148.92,0,0
3626.1,3,115,1,1,5,1,9,2384.13,1,1
4579.92,13,56,1,1,5,3,6,2427.24,1,1
2129.4,9,309,0,0,0,0,3,1323.65,0,0
8069.75,21,145,1,1,4,1,10,1248.41,1,1
5194.28,4,117,1,1,4,1,7,2054.65,0,1
7575.25,16,233,0,1,2,5,4,1663.65,1,1
2800.24,20,706,0,0,1,0,6,2445.38,1,0
3297.73,1,4,1,1,2,6,7,1679.86,1,1
14480.58,18,92,1,0,1,3,9,1141.32,1,1
3178.69,15,180,0,0,1,0,1,1174.35,0,0
4437.26,4,172,1,1,2,1,7,1834.09,1,1
24793.64,0,21,1,1,3,6,6,1629.63,1,1
985.41,21,261,0,0,0,0,6,1772.23,0,0
3521.06,17,185,0,0,5,5,11,2351.12,1,1
2497.5,17,482,0,0,1,0,0,2455.74,1,0
1708.98,21,386,0,1,0,1,4,2271.54,1,0
8588.57,16,232,1,1,3,5,6,2296.68,0,1
1392.11,12,337,0,0,0,1,1,2966.46,0,0
6717.11,3,198,0,1,4,1,5,1490.87,1,1
1772.67,8,331,0,0,0,1,1,1424.05,0,0
5705.14,5,137,1,1,4,3,7,1440.97,1,1
4741.03,2,238,1,1,4,4,9,2653.66,1,1
2892.96,14,1146,1,0,0,2,3,1483.38,0,0
3254.51,18,1480,1,0,0,1,2,1179.37,0,0
6682.54,14,147,1,1,5,2,3,1052.42,1,1
2051.64,15,829,0,0,0,0,3,2994.61,1,0
7653.89,17,31,1,1,3,1,8,1753.18,1,1
15543.06,8,178,1,1,1,1,14,2085.22,0,1
7643.65,5,117,1,1,1,5,8,731.13,1,1
1790.91,11,1168,0,0,0,0,0,2143.29,0,0
7379.36,14,45,1,1,3,3,13,3060.71,0,1
7128.26,2,55,1,1,4,2,6,2547.34,0,1
3137.49,21,130,1,1,3,2,5,1872.16,0,1
5661.17,1,237,0,1,2,2,3,1733.45,0,1
2328.74,1,13,0,1,5,1,7,2244.2,1,1
11892.87,2,189,1,1,2,5,3,2077.42,0,1
1899.53,19,273,0,0,0,0,0,1255.1,0,0
1015.32,22,1377,0,0,0,0,5,1171.88,0,0
1526.88,21,1211,0,0,1,0,4,4219.4,0,0
2285.97,15,604,0,0,0,0,2,1354.93,0,0
2731.56,17,561,1,0,0,1,1,3047.55,1,0
9713.1,22,116,1,1,4,2,7,1398.97,0,1
1676.48,19,379,0,0,0,0,2,2191.14,0,0
4519.28,1,200,0,1,2,5,9,2231.1,1,1
7466.69,4,202,1,1,3,4,9,1523.24,1,1
5073.94,11,180,1,1,5,1,6,1799.08,1,1
5478.94,5,240,1,1,3,2,7,1409.76,1,1
3276.89,8,953,0,0,0,0,4,1724.5,0,0
15814.42,0,185,1,1,3,3,12,1362.18,1,1
5057.25,15,1065,0,0,0,2,0,1207.5,0,0
2909.75,10,587,1,0,0,1,3,1705.32,0,0
1246.56,0,127,1,0,2,2,10,2327.51,1,1
2699.67,8,379,0,0,0,0,2,2650.95,0,0
8257.91,5,91,0,1,3,3,13,1390.74,1,1
2137.56,14,1436,0,0,0,0,2,4278.84,0,0
2299.11,20,1475,0,0,1,1,4,3503.97,0,0
2309.75,8,7,1,1,4,0,4,1783.72,0,1
9917.2,22,191,1,1,4,11,4,1697.86,1,1
750.86,19,798,1,0,1,0,3,1541.47,0,0
6522.49,2,233,1,1,3,1,8,2390.15,0,1
3997.68,20,45,1,1,2,5,8,762.88,1,1
1270.43,20,813,0,0,0,1,2,1264.07,0,0
11690.48,2,83,1,1,3,3,7,1402.5,1,1
3197.07,1,140,1,1,3,1,10,1127.99,1,1
4827.86,8,1177,0,0,0,0,2,3024.62,0,0
3389.64,1,174,1,1,4,3,10,2048.97,1,1
3511.73,4,242,1,1,4,4,6,1239.21,1,1
9990.89,19,144,1,1,2,0,13,2356.81,1,1
1868.38,21,762,0,0,1,0,2,1907.17,0,0
3239.15,20,321,0,0,0,0,2,1629.74,1,0
8509.13,2,230,0,1,5,1,8,1526.5,1,1
1720.3,12,170,0,0,0,0,3,1754.12,0,0
1163.45,20,852,0,0,0,0,2,2295.52,0,0
5374.35,11,337,0,0,0,1,2,1860.82,0,0
4949.14,2,226,1,1,2,2,6,2998.51,1,1
1442.1,21,166,0,0,1,1,3,1140.31,0,0
16559.61,21,87,1,1,1,4,4,1313.91,0,1
3123.3,5,74,1,1,2,4,4,1503.47,1,1
6751.19,1,19,0,1,1,3,2,1977.71,1,1
1271.13,10,967,0,0,0,0,1,1395.52,0,0
1642.62,12,1317,0,0,1,3,3,959.75,0,0
2552.67,9,328,0,0,0,0,3,1315.74,0,0
1967.35,21,1013,0,1,0,2,3,2631.74,0,0
3170.77,10,1314,0,0,0,0,2,1417.61,0,0
9184.52,4,114,1,1,5,4,7,2065.08,1,1
1897.79,9,788,0,0,1,1,3,1196.38,0,0
7508.54,22,22,1,0,3,4,11,945.93,1,1
10864.49,5,50,1,1,5,4,8,1426.7,0,1
848.68,22,1268,0,0,1,0,4,1663.0,1,0
6441.85,2,140,1,0,2,4,9,1397.62,1,1
1816.84,16,859,0,0,0,2,5,2212.1,0,0
923.3,21,390,0,0,1,1,3,1393.59,0,0
15295.1,1,188,1,1,5,5,4,1945.03,0,1
8672.16,0,211,1,0,4,7,7,1407.4,0,1
2811.45,21,450,0,0,1,0,3,1670.21,0,0
1571.84,15,1482,0,0,0,0,4,2001.85,0,0
12430.38,9,167,1,1,3,1,6,2797.53,1,1
8829.67,4,111,1,0,5,2,6,1495.9,0,1
4335.02,23,144,1,1,1,1,5,2126.97,1,1
5078.6,3,226,1,1,4,4,6,1689.9,1,1
3351.43,3,173,1,1,4,4,6,3968.38,0,1
5551.57,2,175,0,1,3,4,10,1361.19,0,1
1868.36,21,884,0,0,0,2,2,1107.75,0,0
7575.54,2,66,1,1,5,5,11,3331.38,1,1
1004.45,19,855,0,0,0,1,4,1132.32,0,0
1611.67,16,162,1,0,0,0,3,2554.2,0,0
7748.47,5,192,1,0,5,8,5,2172.57,1,1
777.35,13,301,0,0,0,0,4,2005.66,0,0
4199.68,5,57,1,1,1,3,4,2372.8,0,1
2718.35,10,1394,0,0,0,2,4,3180.64,0,0
4036.03,11,286,1,0,0,2,0,1370.91,0,0
8338.98,16,160,0,1,3,2,7,3480.1,0,1
10722.95,10,206,1,1,3,5,10,2759.25,0,1
4099.12,0,89,1,1,4,2,6,2237.83,1,1
5697.14,1,21,1,0,1,1,14,2710.12,0,1
3677.38,17,865,0,0,0,1,5,1725.82,0,0
2387.76,15,369,0,0,0,1,2,1802.59,0,0
2744.4,16,719,0,0,0,2,2,1814.95,0,0
1794.26,21,156,0,0,0,2,2,1821.87,0,0
5430.46,3,169,1,1,5,4,6,3428.11,0,1
4174.22,8,850,0,0,0,1,2,1102.72,0,0
1968.2,1,61,1,1,2,3,14,3104.75,1,1
1525.59,22,1102,0,0,0,1,2,1826.25,0,0
1621.52,9,909,0,0,0,0,4,1580.45,0,0
1237.08,9,321,0,0,0,2,4,1986.51,0,0
3885.66,21,334,0,0,0,1,1,3052.32,0,0
1282.24,11,970,0,0,0,2,3,2026.63,0,0
9560.83,2,38,0,1,5,5,10,1491.15,1,1
1188.21,14,947,0,0,0,1,3,2864.38,0,0
2055.37,14,229,1,1,4,4,11,2448.8,1,1
5880.69,5,124,1,1,2,5,3,1981.22,0,1
19955.9,5,6,0,1,4,1,9,2987.27,0,1
1350.27,10,423,0,0,0,1,4,2453.98,0,0
997.93,9,1438,0,0,1,2,2,2039.8,0,0
2082.27,21,1252,0,0,0,0,4,1317.31,0,0
8519.37,0,5,1,1,4,3,7,3693.09,1,1
2425.69,21,974,0,0,0,2,2,1862.35,0,0
2172.5,8,788,0,0,0,2,2,1650.48,0,0
4236.24,0,155,1,1,4,0,9,1243.36,1,1
1180.36,19,324,1,0,0,1,4,1492.29,0,0
1234.18,2,167,0,0,5,4,7,1715.85,1,1
4172.17,4,243,0,1,1,3,5,2208.13,1,1
6585.09,5,148,0,1,4,4,12,1576.44,0,1
1566.31,15,10,0,1,5,2,11,2377.27,1,1
7518.14,1,23,1,1,4,1,9,2367.72,0,1
4068.61,14,1107,0,0,0,1,8,1141.96,0,0
4204.73,0,146,0,1,5,3,7,1110.12,1,1
6918.21,3,120,0,1,4,3,15,1705.87,1,1
1101.82,8,613,0,0,0,2,4,1952.68,0,0
5489.89,0,38,0,1,5,3,7,1088.82,1,1
4529.96,2,27,1,1,5,2,9,913.18,0,1
5578.78,0,201,1,1,1,10,9,1314.45,1,1
10228.66,1,85,0,1,2,3,9,1755.89,0,1
3003.92,10,306,0,0,0,0,2,1404.58,1,0
2125.44,20,629,0,0,2,0,6,2284.9,0,0
4000.21,21,1250,0,0,1,1,2,1074.11,0,0
1580.79,12,796,0,0,0,1,3,1708.73,0,0
4310.86,14,177,0,0,4,4,8,1779.14,1,1
4663.18,3,185,1,1,1,6,12,5337.18,1,1
2585.36,12,1058,0,0,0,0,3,2313.29,0,0
6572.09,3,221,1,1,2,2,9,1130.18,1,1
1748.36,13,63,0,0,1,1,4,1144.93,0,0
2025.78,19,130,0,0,0,0,2,1081.26,0,0
1742.76,11,440,0,0,0,1,3,2825.7,0,0
2009.34,19,545,0,0,2,1,5,3161.87,0,0
1026.41,13,1011,0,0,2,1,4,2718.86,0,0
3354.56,16,1096,0,0,0,1,3,2467.26,0,0
3535.5,4,95,0,0,1,1,17,1984.71,1,1
4806.17,19,668,0,0,0,1,3,1218.09,0,0
1448.73,19,136,0,0,0,1,4,1773.14,0,0
886.01,21,951,0,0,1,1,3,2333.35,0,0
4779.08,0,97,1,1,2,8,11,1774.33,1,1
3214.68,10,663,0,0,1,0,3,1374.95,0,0
6208.71,21,230,1,1,5,2,7,969.59,0,1
1100.17,22,655,0,0,0,0,2,2834.39,0,0
2389.93,18,1402,0,0,0,1,1,2526.01,0,0
905.57,15,118,0,1,0,2,2,1380.29,0,0
1882.6,4,177,1,1,4,2,9,2193.22,1,1
3634.62,16,212,1,1,4,3,8,1596.57,1,1
2337.28,8,738,0,0,0,0,2,1544.43,0,0
2513.98,10,1089,0,0,0,1,4,1229.04,0,0
12071.19,8,46,0,1,1,2,5,1691.68,1,1
3158.18,19,1205,0,0,0,0,0,1513.07,0,0
1914.13,8,506,0,0,0,1,4,2484.97,1,0
3005.8,3,161,1,0,5,9,15,1633.65,1,1
8705.76,3,120,1,1,4,5,8,1574.69,1,1
2248.92,16,716,0,0,0,1,8,1061.2,0,0
11526.07,2,200,1,1,5,3,5,1288.24,1,1
10503.81,3,153,0,0,1,1,10,2216.74,0,1
8404.5,5,237,1,1,5,1,11,3010.5,1,1
2217.51,2,37,1,1,4,6,9,2040.76,1,1
4783.31,4,11,1,1,4,5,8,930.32,0,1
1811.39,20,890,0,0,0,0,4,1877.49,0,0
944.69,18,1077,0,0,2,0,4,1128.08,0,0
1374.75,10,1358,0,0,0,0,4,1938.56,0,0
3622.48,1,51,1,1,3,2,6,2044.03,1,1
3612.32,10,237,0,0,0,1,2,5074.83,0,0
23067.08,5,249,1,0,5,4,11,2737.97,1,1
1981.28,21,439,0,0,0,1,1,1659.28,0,0
3955.59,5,2,1,1,5,2,9,1302.38,1,1
7494.68,14,780,0,0,0,0,2,2359.21,0,0
4862.53,1,248,1,1,5,3,6,2576.92,1,1
2365.14,14,292,0,0,0,1,1,1551.05,0,0
2415.41,5,215,1,1,5,1,8,546.02,1,1
1230.42,11,722,1,0,0,0,3,1035.09,0,0
15820.95,3,238,1,0,1,2,8,1562.98,1,1
5197.19,11,607,0,0,0,1,4,2285.63,0,0
1955.29,18,744,0,1,0,0,1,1725.74,0,0
7413.62,4,218,1,1,3,2,7,1643.03,0,1
7707.14,2,196,1,1,5,4,13,2005.28,1,1
5005.52,5,96,0,1,5,1,11,3788.83,1,1
2900.92,13,1265,0,0,1,1,4,2760.0,1,0
1537.22,1,122,0,0,4,2,8,1335.69,0,1
1674.27,17,1364,0,0,0,0,3,1603.36,0,0
2397.21,1,81,1,1,4,0,8,1441.98,0,1
4513.35,2,109,0,1,3,3,11,1632.03,1,1
1320.08,17,1140,0,0,1,0,5,2055.13,0,0
15963.43,2,149,1,1,3,2,6,1282.42,1,1
1547.96,11,1377,0,0,1,1,3,1405.66,0,0
1509.8,16,1093,0,0,0,0,1,1285.18,0,0
4381.38,1,61,1,1,4,3,5,1914.48,1,1
2011.74,20,125,0,0,0,1,5,1598.74,0,0
2965.64,4,71,1,1,3,4,14,2376.49,1,1
3059.1,9,1482,1,0,0,0,2,1868.27,0,0
4823.98,16,240,1,1,4,0,5,1028.47,1,1
4254.56,3,41,1,1,1,4,8,1887.49,0,1
2806.91,16,299,0,0,0,0,1,1174.97,0,0
2840.76,8,473,0,0,0,1,3,1539.56,0,0
1029.25,22,618,0,0,0,0,5,2600.75,0,0
1663.02,16,612,0,0,0,0,1,1811.57,0,0
8327.03,1,11,0,1,2,3,7,1880.8,1,1
4835.12,3,35,0,0,4,5,5,908.76,1,1
1527.18,15,345,0,0,0,0,2,2341.28,0,0
4347.54,4,66,1,1,2,1,9,2025.26,1,1
1366.74,22,1454,0,0,0,2,2,1485.23,0,0
12907.19,19,199,0,1,4,3,15,3576.11,1,1
2059.39,22,554,0,0,0,2,2,1786.94,0,0
2680.71,18,277,0,1,0,0,1,1955.72,0,0
3492.13,17,239,1,1,3,6,10,2659.13,1,1
824.08,9,126,1,0,0,0,4,1779.62,0,0
2053.45,11,317,0,0,0,0,2,1730.08,0,0
2469.44,11,967,0,0,1,2,2,1293.88,0,0
1357.38,14,152,0,0,0,0,0,2987.55,0,0
9767.09,2,157,1,1,2,4,9,1530.53,1,1
2914.78,9,762,0,0,0,1,2,1744.15,0,0
4387.92,12,108,1,1,5,1,8,2552.71,1,1
2978.22,9,299,1,0,1,0,3,2228.3,0,0
1996.76,10,433,0,0,0,0,2,3134.19,0,0
1950.63,11,634,0,0,0,1,3,2432.13,0,0
2711.52,17,967,0,0,0,0,5,1293.4,0,0
1726.56,9,321,0,0,0,0,2,1709.66,1,0
11311.48,3,153,1,1,3,2,6,1814.71,1,1
3759.02,23,218,1,1,4,2,3,1660.16,1,1
6852.1,3,122,1,1,2,3,13,2557.66,1,1
1690.68,21,590,0,0,0,0,3,1101.51,0,0
2585.29,5,59,0,1,3,3,6,2801.79,0,1
5161.56,4,176,1,1,3,2,7,1855.39,1,1
4286.54,2,140,1,1,4,2,11,1378.75,1,1
5452.79,0,30,1,1,5,4,7,1580.25,1,1
2835.41,3,117,1,1,5,0,3,1397.68,1,1
2039.82,15,1141,0,0,0,0,5,853.98,0,0
1369.99,17,1071,0,0,0,1,1,1568.17,0,0
8099.88,12,87,1,1,1,1,6,2173.08,0,1
3235.15,11,16,1,1,1,4,7,1381.02,1,1
3719.79,22,22,1,1,2,3,9,1593.86,1,1
3555.34,22,1371,0,0,0,0,4,1656.36,0,0
5405.73,5,121,1,1,2,5,6,1133.67,1,1
5309.72,0,170,1,1,3,1,9,1337.82,1,1
1734.37,16,609,1,0,1,0,5,1407.51,0,0
1869.99,21,1491,0,0,1,2,2,1391.7,0,0
4160.29,5,240,1,1,3,4,16,2102.77,0,1
3129.55,4,120,1,1,5,1,9,2134.02,1,1
2212.2,18,752,0,0,0,2,3,2811.36,0,0
6602.63,3,216,1,1,3,1,9,1454.59,1,1
1788.38,20,345,0,0,0,0,2,1198.93,0,0
2737.08,17,206,1,1,4,3,8,2045.75,1,1
1009.49,13,591,0,0,1,0,8,1318.84,0,0
3834.74,21,816,0,0,1,0,5,1588.9,0,0
7173.85,1,79,1,1,3,1,10,2002.8,1,1
4537.15,1,151,1,1,4,2,3,2410.93,0,1
1706.12,16,86,0,0,1,0,2,1443.79,0,0
2866.28,3,120,1,1,2,3,10,2789.15,0,1
2422.44,15,384,0,0,0,0,4,1468.42,0,0
5578.94,3,126,1,1,3,2,8,1457.35,1,1
6450.5,2,203,1,1,5,4,10,1706.19,1,1
2670.94,19,182,0,0,0,0,1,1544.52,0,0
2566.55,13,142,1,0,5,2,14,2142.45,1,1
1458.27,22,632,0,0,0,1,6,2071.13,1,0
4383.99,1,93,1,1,5,3,6,1244.45,1,1
1272.77,15,1046,0,0,0,0,5,970.74,0,0
3171.25,2,84,1,1,5,4,5,2230.47,1,1
1056.42,20,362,0,0,0,1,1,1020.49,0,0
7900.63,21,227,1,1,1,3,6,2144.15,0,1
14609.53,1,177,1,1,5,4,16,1957.0,1,1
1595.77,22,1455,0,0,0,2,4,3031.89,0,0
1047.95,15,1072,0,0,0,1,2,1305.1,0,0
4695.97,12,1376,0,0,1,0,3,1213.57,0,0
726.8,11,296,1,0,0,0,0,2454.93,0,0
4299.39,2,217,1,1,5,3,10,2125.94,1,1
4299.51,20,221,1,1,2,3,9,1834.72,1,1
1238.93,12,197,0,0,0,0,6,1822.87,0,0
1368.09,14,1246,0,0,0,0,6,2487.23,0,0
4793.73,2,108,1,1,3,5,6,2292.05,1,1
3978.71,17,744,0,0,0,0,2,2243.52,0,0
2777.54,19,1278,0,0,0,0,0,1590.46,0,0
1138.34,18,584,0,0,0,3,4,1268.74,0,0
2308.23,22,920,0,0,0,1,7,1633.84,0,0
2284.89,10,687,1,0,0,1,2,1917.58,0,0
3706.98,4,240,1,0,3,7,10,1686.22,0,1
1816.44,19,1487,0,0,1,0,0,2536.26,0,0
1372.08,22,1411,0,0,0,0,3,1227.97,0,0
3957.25,21,6,0,0,3,2,6,1223.37,0,1
2022.82,19,902,0,1,1,1,2,2001.77,0,0
4851.45,17,112,1,1,3,4,8,1384.2,0,1
1643.13,19,1242,0,0,0,0,4,1789.36,0,0
1544.66,13,1354,1,0,0,0,3,2441.61,0,0
3034.19,21,1436,0,0,1,0,0,1702.15,0,0
7375.88,5,71,1,1,3,4,10,1943.41,1,1
9924.11,4,6,1,1,5,2,5,1263.18,1,1
2571.22,19,239,1,1,4,2,9,1853.88,1,1
1815.6,8,967,0,0,0,0,2,1657.31,0,0
3929.41,8,1469,0,0,1,0,3,2232.39,0,0
6092.4,3,151,1,1,3,4,7,1496.75,0,1
5121.46,19,105,1,0,2,1,4,3291.43,0,0
1221.6,10,868,0,0,0,2,4,1555.9,1,0
4096.29,8,1175,0,0,0,0,4,1277.59,0,0
4102.35,4,42,1,1,1,3,8,1067.96,1,1
10503.72,5,15,1,1,1,4,9,1065.86,1,1
2231.23,10,979,0,0,1,0,2,1335.14,0,0
1574.59,22,1233,1,0,2,0,2,1956.85,0,0
1647.06,15,675,0,0,0,0,3,1123.08,0,0
11620.49,0,96,1,1,1,5,8,1004.68,0,1
1104.0,21,677,0,0,0,0,3,1819.1,0,0
1761.54,9,760,0,0,0,1,7,1643.7,0,0
1906.01,21,144,0,0,0,0,4,1352.83,0,0
8885.75,1,49,0,1,5,3,11,2699.14,1,1
1542.98,8,957,1,0,0,1,2,1650.58,0,0
1598.96,21,1116,0,0,0,1,2,1435.56,0,0
7092.72,1,53,1,1,5,3,13,1338.2,0,1
5260.78,4,11,1,1,1,2,10,1439.4,0,1
7791.68,1,119,0,1,5,4,10,2680.0,1,1
1909.07,4,236,1,1,4,3,5,1432.61,1,1
4413.74,11,91,1,1,2,1,7,1260.38,1,1
2564.81,4,165,0,1,1,6,8,4169.41,1,1
3854.39,1,224,1,1,4,2,3,2025.78,1,1
1388.76,19,1417,0,0,1,0,1,2929.1,0,0
2694.7,11,1170,0,0,0,0,2,1763.34,0,0
13671.79,1,99,1,0,2,2,4,979.71,1,1
7680.2,4,219,1,1,3,5,9,2340.12,0,1
2448.3,19,1416,0,0,0,0,2,2594.61,0,0
4432.91,7,138,1,1,5,2,6,2382.27,1,1
8124.6,5,29,1,1,5,3,8,1877.23,1,1
1799.78,10,1237,0,0,0,0,3,2003.75,0,0
2420.5,12,816,0,0,0,0,2,2180.79,0,0
2487.34,12,1195,0,0,0,0,3,1185.87,0,0
6211.07,11,106,1,1,5,3,12,1923.2,1,1
7554.68,2,189,1,1,3,4,6,2310.78,0,1
2042.23,21,314,0,0,0,0,5,1715.21,0,0
9262.51,19,112,0,1,5,0,6,3096.53,0,1
5950.43,1,135,1,1,2,4,7,826.7,1,1
935.49,14,810,0,0,0,0,4,1095.04,1,0
6910.49,14,36,1,1,2,3,9,1204.61,1,1
5040.42,8,1207,0,0,0,1,2,1665.67,0,0
2133.68,15,19,0,1,1,5,2,2516.25,1,1
4960.22,13,77,1,1,1,5,8,1416.25,1,1
2094.99,17,740,0,0,1,1,1,1413.42,0,0
4201.38,11,451,0,0,0,0,1,1466.72,0,0
6337.99,2,130,0,1,2,3,9,1967.78,1,1
1288.2,13,1328,0,0,1,0,4,1425.55,0,0
7858.01,2,102,0,1,4,4,8,2798.54,1,1
5609.76,12,1123,0,0,0,1,5,1989.21,0,0
2446.38,10,925,0,0,1,0,4,1305.94,0,0
6087.47,2,119,0,1,4,5,11,4149.26,0,1
6729.28,9,236,0,0,4,2,6,1047.29,1,1
1004.77,8,1302,1,1,1,0,1,1387.5,0,0
5507.56,4,101,0,1,2,6,11,1807.83,1,1
5246.32,4,76,1,0,5,2,4,2053.09,1,1
3286.81,19,1298,0,0,0,0,2,2012.73,0,0
6033.65,0,46,1,0,4,4,9,1936.55,1,1
4758.84,4,178,0,1,4,4,7,1229.03,1,1
2650.13,0,41,1,1,3,0,6,1915.63,1,1
2694.39,0,188,0,1,5,1,8,1233.0,1,1
2634.43,20,522,0,0,0,1,4,2055.69,0,0
7689.46,4,209,1,1,5,7,8,1072.47,0,1
10195.29,15,248,1,1,3,4,15,2338.91,1,1
1823.81,15,261,0,0,0,1,2,2254.98,1,0
1103.46,8,720,0,0,0,0,3,2051.35,0,0
8206.01,0,208,1,1,3,2,7,1778.88,1,1
2587.58,20,1242,0,0,0,2,2,773.76,0,0
2001.09,8,99,0,0,0,0,4,974.9,0,0
4141.63,2,13,1,1,1,1,6,1897.78,1,1
8247.37,3,7,1,1,4,3,11,1168.16,0,1
1346.13,14,138,0,1,1,0,4,2105.32,1,0
3433.62,0,71,0,1,5,2,11,2292.64,0,1
6906.84,16,194,0,1,2,2,8,1966.97,1,1
1091.39,14,1174,0,0,0,1,3,4549.7,0,0
9746.89,0,150,1,0,3,3,9,2285.25,1,1
9697.58,5,101,1,1,5,0,6,1658.83,1,1
1667.26,11,989,0,0,0,1,2,1473.17,1,0
4939.04,21,215,0,0,5,4,10,2166.75,1,1
4288.6,0,225,1,1,3,6,10,1383.94,1,1
1444.44,13,161,0,0,0,0,4,1907.64,0,0
1756.86,16,359,0,0,0,0,2,2052.03,0,0
2577.52,2,146,1,1,1,2,10,1751.98,0,1
2330.7,9,128,0,0,0,0,2,2051.78,0,0
6758.66,19,28,0,1,2,3,8,1583.23,1,1
6441.16,17,173,1,1,2,0,7,1646.22,1,1
1553.3,3,173,1,1,4,7,7,1389.6,0,1
24607.94,4,113,1,1,2,2,10,2263.24,1,1
4680.11,16,969,0,0,0,0,1,1872.91,0,0
3229.09,22,216,1,1,2,3,10,1016.78,0,1
8069.93,2,219,0,1,5,2,8,3338.32,1,1
11475.05,0,163,1,0,3,3,6,913.0,1,1
17084.98,3,100,1,0,3,3,9,2028.6,1,1
10156.26,0,85,1,1,2,5,10,1938.54,1,1
6504.56,17,1024,0,0,0,1,2,1392.17,0,0
5957.02,5,160,1,1,5,3,12,2461.46,0,1
3746.68,2,244,1,0,5,4,10,4672.45,1,1
681.65,21,593,0,0,1,0,4,1435.37,0,0
5872.4,4,139,1,0,5,8,7,2131.44,1,1
2673.95,7,94,1,1,4,4,8,1927.63,1,1
3089.14,3,12,1,1,5,4,9,1454.28,1,1
4987.32,5,239,1,1,5,2,7,1020.1,0,1
5661.62,3,218,1,1,3,2,10,1598.83,1,1
1158.88,20,1054,0,0,1,0,2,2464.12,0,0
5547.85,4,244,0,1,3,2,6,749.33,1,1
11741.96,1,54,0,1,4,2,10,1951.7,0,1
1680.07,8,1031,0,0,1,0,1,2222.16,0,0
1091.0,11,1354,0,0,0,0,1,2296.8,0,0
12204.31,3,2,1,1,5,3,9,1721.52,0,1
1985.6,22,1044,1,0,0,0,1,2414.74,0,0
3464.04,1,102,1,1,4,0,8,1304.59,1,1
1317.12,16,348,0,0,0,1,3,1641.51,0,0
1447.08,18,878,0,0,1,1,0,1895.86,0,0
1373.47,14,724,0,0,0,0,7,1149.21,0,0
4982.97,5,7,1,1,4,0,14,1854.63,1,1
8610.59,5,9,1,1,3,5,13,1147.83,1,1
1426.64,10,355,0,0,0,0,2,637.16,0,0
4997.45,21,26,1,0,3,3,3,2631.87,1,1
1943.06,8,175,0,0,0,1,3,1260.16,0,0
6104.94,0,5,1,0,3,5,13,1700.55,1,1
1699.02,14,1061,0,0,0,2,3,1990.75,0,0
6864.02,2,226,1,1,4,3,9,1204.18,1,1
7067.57,2,135,0,1,5,1,7,1723.82,1,1
1600.66,17,774,0,0,0,0,4,931.3,0,0
4288.43,22,1110,0,0,0,0,2,1780.38,0,0
2069.4,17,1243,0,0,1,0,0,1538.12,0,0
1411.38,16,1041,0,0,0,2,2,1086.32,1,0
3013.41,8,1433,0,0,0,0,1,1221.06,1,0
3506.94,17,4,1,1,2,2,8,1080.73,1,1
1441.0,14,1483,0,0,2,2,1,895.45,0,0
3721.81,8,912,0,0,0,1,2,2353.13,0,0
3999.99,9,1439,1,0,2,0,4,2173.54,0,0
10509.73,2,151,1,1,3,3,9,1100.94,1,1
2951.51,18,989,0,0,0,0,1,1810.54,0,0
1918.25,16,40,1,1,2,2,9,1548.49,1,1
5938.34,22,235,1,0,3,3,12,1773.28,1,1
2205.87,9,402,0,0,0,0,4,1398.73,0,0
3172.18,23,122,1,1,5,7,12,1491.08,0,1
1016.9,16,1421,0,0,1,0,2,1577.1,0,0
2413.56,11,363,1,0,0,1,1,1886.89,0,0
3801.69,17,1274,0,0,0,2,3,2365.3,0,0
4814.88,21,226,1,0,3,2,14,1414.66,1,1
2153.47,10,656,1,0,0,0,6,1425.45,0,0
6467.74,1,74,1,1,4,4,10,3918.41,1,1
5366.63,13,1352,0,0,0,0,4,1597.23,0,0
9946.36,3,245,1,1,4,4,6,1397.71,0,1
5297.68,3,82,1,1,5,4,9,1170.11,1,1
2314.3,17,1208,1,0,0,0,4,2045.67,0,0
8732.09,1,162,1,1,4,4,5,1796.89,0,1
8516.92,7,38,1,1,5,2,8,1330.66,1,1
8382.04,6,107,1,1,4,4,8,1333.77,1,1
7792.76,2,43,0,1,3,2,12,1405.43,0,1
9134.55,9,119,1,1,4,1,9,1235.97,1,1
1028.17,8,1458,0,0,0,0,2,1691.84,0,0
2628.13,20,1485,0,0,0,0,5,1266.28,0,0
3101.7,22,1318,0,0,0,1,2,1391.29,0,0
7109.61,2,99,0,1,1,5,12,1382.08,0,1
3434.29,22,22,1,1,3,3,10,1571.75,1,1
1471.4,21,1242,0,0,0,0,2,2038.69,0,0
3421.39,13,592,0,0,1,0,2,1232.08,0,0
4018.17,11,220,1,0,4,2,9,815.07,1,1
12152.1,1,80,1,1,2,3,3,2123.3,1,1
7379.46,4,167,0,1,4,4,5,4264.97,1,1
2416.67,13,1342,0,0,1,0,1,2673.87,0,0
1213.35,21,1144,0,0,0,0,7,2495.41,0,0
5636.59,3,208,1,1,1,1,7,1967.99,0,1
8987.13,20,79,0,1,5,0,9,1335.64,1,1
2539.6,20,1268,0,1,0,0,4,2330.63,0,0
2373.19,19,420,0,0,1,0,1,1591.5,0,0
5242.43,2,219,1,1,5,2,9,2046.95,0,1
1711.04,19,146,0,1,0,0,2,3586.48,0,0
1696.85,8,457,0,0,0,0,1,2195.01,0,0
1732.51,13,406,1,0,1,1,2,1945.43,0,0
4796.65,2,221,0,1,4,1,11,1537.68,0,1
1166.05,15,532,0,0,0,1,1,642.57,1,0
1672.38,13,640,0,0,0,0,4,1244.95,0,0
12147.01,4,120,1,1,2,3,11,1688.43,1,1
5103.77,4,47,0,1,3,2,12,1500.02,0,1
14937.53,5,243,1,0,5,2,8,2802.47,1,1
7697.63,0,137,1,1,5,3,10,2015.82,0,1
4581.37,0,105,0,1,4,6,9,2159.99,1,1
1678.13,22,966,1,0,0,1,3,1591.22,0,0
2267.82,10,114,0,1,0,1,2,2994.7,0,0
2099.37,16,191,0,0,0,1,1,2150.85,0,0
6684.47,12,43,1,1,4,3,8,1628.67,1,1
1082.53,11,252,0,0,0,0,3,1118.67,1,0
11499.15,2,206,1,1,2,3,10,919.8,0,1
4711.51,15,1336,0,0,0,0,2,2077.27,0,0
7469.94,0,159,1,1,5,2,13,1457.81,1,1
3167.31,21,1032,0,0,0,0,1,1775.07,0,0
3712.27,15,638,0,1,0,1,2,2449.68,0,0
4854.11,20,235,1,1,3,5,6,2192.54,1,1
4650.83,0,178,0,1,4,1,11,1395.16,1,1
2808.19,5,126,1,1,3,2,9,1486.85,1,1
4885.45,5,147,0,1,3,1,12,1156.16,1,1
3215.23,21,142,1,1,4,2,5,2230.7,1,1
4655.54,12,81,1,1,3,3,7,1248.63,1,1
2378.55,10,1285,0,0,1,0,0,3081.51,0,0
1159.73,16,1086,0,0,2,0,1,1563.89,1,0
3022.06,0,223,0,0,5,3,10,1724.54,1,1
1543.46,16,855,0,0,0,0,2,2694.07,0,0
1958.26,14,100,1,1,4,4,7,912.7,1,1
2257.21,19,1433,0,0,1,0,2,2185.12,0,0
2863.89,11,873,0,0,1,0,4,1512.44,0,0
1990.04,14,255,0,0,0,0,2,1921.34,0,0
1609.79,10,148,0,0,1,0,1,1396.61,0,0
2126.94,13,283,0,0,1,1,4,3022.77,1,0
4302.36,4,171,1,1,3,2,8,1160.02,1,1
5266.35,2,147,1,1,4,3,9,2155.64,1,1
3425.12,8,1165,0,0,0,1,2,2474.99,1,0
1902.36,15,817,0,0,0,1,3,1200.68,0,0
1549.81,13,962,0,0,0,1,3,2232.45,0,0
8236.89,3,101,1,1,1,2,8,3691.4,0,1
5478.04,3,132,1,1,5,1,5,2111.97,1,1
2018.46,12,1411,0,0,1,1,1,1739.78,0,0
9422.43,0,155,1,1,1,2,11,1274.16,1,1
1869.19,15,399,0,0,0,0,4,2889.05,0,0
3405.92,1,142,0,1,2,3,11,1902.0,1,1
6686.35,3,67,1,1,3,3,9,1832.26,1,1
4233.99,12,1206,0,0,1,0,6,1644.07,0,0
5956.15,5,158,1,1,1,2,6,2481.49,1,1
3437.22,15,236,1,1,5,4,11,2468.26,0,1
18527.76,21,52,1,0,5,2,16,2356.15,1,1
6606.86,1,117,1,1,3,1,7,3059.67,1,1
8100.58,3,97,1,1,1,3,9,2729.95,1,1
2061.21,13,486,0,0,0,2,2,1693.32,0,0
6673.92,2,46,1,1,2,2,5,1162.53,1,1
2879.62,15,955,0,0,1,1,2,2849.12,0,0
1584.1,12,1015,0,0,0,0,1,2372.78,0,0
1846.12,15,640,0,0,1,0,2,1300.48,0,0
1721.32,9,697,0,0,1,0,3,2105.61,0,0
5213.56,0,9,1,1,4,3,5,3264.23,1,1
4242.93,15,1477,0,0,0,1,2,1729.86,0,0
6697.14,2,107,1,0,1,4,8,1601.35,1,1
1525.24,19,652,0,0,1,3,2,3063.65,0,0
7399.23,1,95,1,0,5,2,12,1606.35,1,1
1432.57,13,973,0,0,0,1,4,1426.66,0,0
1510.12,21,1100,0,0,0,0,4,1853.24,0,0
2689.97,19,1247,0,0,0,1,3,2371.61,0,0
2231.92,5,229,1,1,5,1,7,1727.27,1,1
7930.6,5,117,0,1,3,2,4,1636.77,1,1
2098.85,11,285,0,0,0,2,4,1006.2,0,0
1867.38,17,661,0,0,1,1,0,1871.7,0,0
6305.01,5,66,1,1,5,2,7,2242.93,0,1
2622.85,19,286,0,0,0,0,5,3111.01,0,0
1776.43,15,1321,0,0,0,0,0,1313.52,0,0
5794.39,15,839,0,0,0,0,3,1487.96,0,0
10333.5,2,178,0,1,2,1,8,3559.53,1,1
2408.01,16,112,1,0,3,4,10,3935.81,0,1
5869.56,5,227,0,1,3,1,3,2164.35,1,1
2328.15,3,29,1,1,5,6,7,2161.56,1,1
5517.67,2,189,0,1,2,2,12,1254.7,1,1
11213.79,5,128,1,1,1,3,5,2344.13,1,1
1743.16,18,1402,0,0,0,1,5,2260.73,0,0
10184.37,1,85,1,1,3,3,7,2236.69,1,1
12876.84,4,3,1,1,4,5,5,1385.96,1,1
2102.56,17,280,0,0,0,1,3,1254.9,0,0
1345.56,20,938,1,0,1,0,4,1822.9,0,0
5428.0,3,26,0,1,1,3,11,2394.45,1,1
3785.96,5,15,0,1,2,4,8,1784.63,1,1
1805.4,16,401,0,0,0,0,3,2266.63,0,0
2664.64,13,459,0,0,0,0,2,1597.19,0,0
4594.26,13,63,1,1,4,5,8,2742.08,1,1
1746.02,21,1387,0,0,0,2,4,1164.66,0,0
3442.23,10,683,0,0,0,0,2,2188.85,0,0
8883.16,10,87,0,0,3,3,4,1463.2,1,1
998.15,14,1146,0,0,0,0,4,1759.74,0,0
4809.83,3,104,1,1,5,3,11,1151.36,1,1
2209.68,16,1167,0,0,0,0,3,1628.88,0,0
2148.44,1,74,1,1,5,2,10,1468.94,1,1
6681.03,0,2,1,1,4,5,6,1393.09,0,1
2170.86,16,1226,0,0,1,1,3,1930.79,0,0
8956.17,3,87,1,1,1,4,5,2830.19,1,1
2183.9,9,643,0,0,0,2,1,1390.14,0,0
9276.79,1,66,0,1,5,3,7,1114.64,0,1
2067.59,18,923,0,1,0,0,2,1830.86,0,0
13026.1,2,109,1,1,3,2,8,1208.16,1,1
3523.3,1,214,1,1,5,2,4,1227.53,1,1
1717.9,8,742,0,0,0,0,3,2012.24,0,0
6623.02,2,142,1,0,2,1,8,3273.98,1,1
1711.7,19,1202,0,0,1,0,5,2276.22,0,0
1049.1,12,85,0,0,0,1,2,1263.97,1,0
13413.63,5,198,1,1,4,6,8,833.06,1,1
6321.29,4,165,1,1,2,4,12,1151.09,0,1
2506.46,1,152,0,1,5,6,6,1874.99,1,1
1831.33,11,1234,0,0,0,1,4,2320.83,0,0
3405.75,4,183,1,1,4,2,7,3068.36,1,1
2565.27,17,186,0,0,0,0,6,1149.6,0,0
878.42,18,589,0,0,0,0,3,1611.94,0,0
8546.58,10,229,0,1,5,1,11,1346.07,1,1
5418.13,3,157,0,1,4,3,7,1131.86,1,1
1479.34,20,1013,0,0,1,0,0,2047.16,0,0
17596.59,6,195,1,1,5,5,14,3099.6,1,1
3975.75,18,776,0,0,0,1,1,2372.91,0,0
4014.84,15,45,1,1,4,2,4,1274.14,1,1
13320.53,5,37,0,1,4,1,11,1691.01,1,1
3060.29,1,189,1,1,3,3,9,2887.18,1,1
2475.33,16,749,0,0,0,0,4,1697.35,0,0
8353.2,22,102,1,1,4,4,13,911.44,1,1
1366.28,11,1096,0,0,0,0,2,2073.15,0,0
1500.68,20,817,0,0,0,1,1,2034.55,0,0
3829.68,19,561,0,0,0,1,4,2020.21,0,0
7377.39,3,225,0,1,4,4,4,1192.68,1,1
7962.32,1,117,1,1,4,2,11,1256.88,1,1
2543.5,18,1018,0,1,2,0,4,1883.84,1,0
5139.0,3,1,1,1,5,0,7,1414.0,1,1
1737.37,12,755,0,0,0,2,1,1331.21,0,0
10972.64,0,55,1,1,1,10,11,1839.71,1,1
4573.94,0,5,1,1,4,2,3,1679.88,0,1
2412.68,22,1315,0,0,2,0,2,3967.08,0,0
4310.23,4,193,1,1,3,2,8,2416.5,1,1
7366.92,5,86,1,1,5,2,8,1728.91,0,1
4231.55,1,203,0,1,2,0,12,1382.74,1,1
3298.33,2,158,1,1,5,3,6,2430.39,1,1
1066.57,17,951,0,0,0,1,7,2266.34,0,0
12082.95,1,113,1,0,5,5,5,1697.45,1,1
2555.33,2,232,1,1,3,4,7,1525.16,0,1
1108.44,13,1121,1,0,1,1,3,2977.58,0,0
5022.66,2,205,1,0,2,5,3,1525.0,1,1
2476.91,18,1298,0,0,0,0,1,1613.03,0,0
11733.69,14,96,1,1,4,5,9,2569.29,0,1
11695.59,2,115,1,1,3,3,12,1293.83,1,1
3226.61,16,855,0,0,1,1,1,1536.73,0,0
5623.0,1,68,1,1,5,2,10,1589.88,0,1
8047.48,15,29,0,1,2,6,6,2057.06,1,1
2457.54,9,805,0,0,0,1,3,3441.17,0,0
3220.18,8,436,0,1,1,1,4,1919.85,0,0
6629.59,0,242,1,1,2,4,5,2648.75,0,1
4600.01,2,184,0,1,3,1,6,3919.49,0,1
3830.05,0,35,1,1,3,4,7,1249.23,0,1
6823.19,4,186,1,1,1,5,6,717.44,0,1
4255.84,13,143,1,1,3,7,12,1927.19,1,1
1413.8,8,1236,1,0,0,0,4,2637.31,0,0
7254.75,4,63,1,1,5,2,8,1981.98,1,1
2650.27,8,461,1,0,0,0,3,1430.05,0,0
2403.78,19,1159,0,0,0,0,3,1436.18,0,0
1692.15,9,894,1,0,0,0,3,1261.19,0,0
11631.43,23,14,1,1,3,6,10,1606.28,1,1
4968.54,22,829,0,0,0,2,3,1324.78,0,0
10962.05,3,64,0,1,1,2,9,1259.31,0,1
2861.33,12,838,0,0,0,0,1,1225.47,0,0
1419.68,16,192,0,0,1,0,4,1575.12,0,0
1764.12,15,913,0,0,0,1,5,1547.14,0,0
3524.08,2,112,0,1,5,3,6,1458.99,1,1
3127.27,4,9,1,1,2,4,14,3449.43,1,1
1556.29,17,1293,0,0,0,0,2,1854.85,0,0
6380.15,4,5,1,1,5,5,11,1850.28,1,1
2087.79,16,485,0,0,1,0,3,2585.41,0,0
7962.04,12,216,1,1,3,4,3,1109.31,1,1
7321.23,7,32,0,0,3,5,13,3134.24,0,1
1310.55,14,1000,0,0,1,0,4,3244.21,0,0
3380.25,2,182,1,0,5,6,11,1638.45,0,1
7257.97,2,62,1,1,1,2,7,2131.07,1,1
2569.58,8,1001,0,0,1,0,5,3054.17,0,0
2267.57,19,1070,0,0,0,0,3,2892.34,0,0
3277.98,7,87,1,1,3,1,9,1150.77,1,1
3366.61,8,966,0,0,1,1,1,1580.11,0,0
2596.03,9,1059,0,0,0,2,1,2393.27,0,0
14230.47,1,11,1,1,1,4,13,2724.64,0,1
12114.71,1,70,1,1,5,0,5,3041.21,0,1
1364.86,19,904,0,0,2,0,3,1845.54,0,0
1807.53,14,378,0,0,0,1,1,1361.24,1,0
11962.5,15,44,1,1,2,1,9,2725.67,1,1
2067.81,13,563,0,0,0,1,1,1904.39,0,0
1462.77,12,1400,0,0,0,1,3,1525.54,0,0
5457.44,0,2,1,1,5,2,10,1589.78,1,1
4078.69,22,80,1,1,4,0,8,1390.75,1,1
3209.52,3,143,1,1,5,4,10,1088.21,1,1
5972.4,9,161,1,1,3,3,6,2024.72,0,1
1318.78,8,1222,0,0,0,0,4,1622.05,0,0
4309.99,0,244,1,1,5,3,8,2876.0,1,1
4168.66,5,244,1,1,4,3,7,1806.56,1,1
1691.48,21,940,0,0,0,0,8,915.46,0,0
8466.38,11,140,1,0,5,3,11,1511.07,0,1
2465.45,4,168,1,0,5,2,5,4698.33,1,1
9380.58,0,20,1,1,4,4,9,1418.77,1,1
16259.95,0,163,1,1,3,4,10,1264.33,1,1
3211.83,10,60,1,1,4,2,5,2417.17,1,1
2006.64,17,1162,0,0,1,0,5,3565.36,0,0
2495.64,18,1363,0,0,0,0,2,1771.89,0,0
946.92,22,803,0,0,0,2,4,2428.87,0,0
4588.04,21,68,0,1,3,1,12,895.67,1,1
9342.29,3,87,1,1,4,2,12,1879.95,1,1
4377.91,12,946,0,0,0,0,2,2461.71,0,0
3898.69,1,56,1,1,2,2,9,1802.78,0,1
2760.74,12,447,0,0,0,0,1,1403.33,0,0
6515.66,3,149,0,1,4,5,9,2442.26,1,1
6601.49,4,2,1,1,2,1,11,3615.4,1,1
11023.08,0,188,1,1,4,5,9,986.6,0,1
8254.8,13,215,1,1,2,5,9,998.84,1,1
3125.15,6,236,1,1,4,2,6,2385.73,1,1
2833.21,5,104,1,1,3,2,7,2258.51,0,1
3570.77,17,1141,0,0,1,1,0,1157.85,0,0
2104.82,11,300,0,0,0,0,2,1065.45,0,0
6421.3,2,206,1,1,5,2,10,2130.5,1,1
3402.78,8,1426,0,0,0,0,4,1201.37,0,0
2744.83,21,672,1,0,0,0,1,1657.59,0,0
7787.21,0,120,1,1,2,3,6,1508.98,0,1
25880.43,0,173,1,1,4,3,9,2283.2,1,1
2451.54,13,167,0,0,0,0,4,1554.45,0,0
1987.04,14,827,1,0,0,1,3,1083.28,0,0
8595.79,9,235,1,0,3,1,9,1464.51,1,1
6163.61,4,23,1,1,2,2,4,1788.32,0,1
7288.74,5,108,1,1,5,0,3,1634.9,1,1
3524.72,17,137,0,0,0,0,3,4088.16,0,0
2245.97,16,509,0,0,0,0,3,2014.98,0,0
1088.19,21,1138,1,0,0,0,3,2826.48,0,0
2651.51,1,223,0,1,3,3,9,2874.03,1,1
4076.76,5,74,1,1,3,3,7,2056.82,0,1
1514.69,10,887,0,0,0,0,2,1531.82,0,0
1276.23,18,469,0,0,1,0,3,1903.72,1,0
6465.95,0,206,1,1,3,1,5,2904.21,1,1
4320.86,14,242,1,1,5,4,6,1738.9,1,1
3333.7,0,157,1,1,1,3,7,1318.88,1,1
5693.73,2,134,1,1,4,3,11,1399.26,0,1
7140.56,20,167,1,1,2,2,6,1767.18,1,1
739.44,20,1360,0,0,1,0,3,1349.25,0,0
870.6,9,410,0,0,0,2,3,1656.2,0,0
2551.82,18,1324,0,0,0,1,5,2918.4,0,0
4238.58,11,688,0,0,0,0,2,2100.45,0,0
3880.43,17,20,1,1,1,4,4,1474.53,1,1
6542.02,18,202,1,1,5,1,4,1301.32,1,1
3122.77,21,1024,0,0,1,0,2,1905.1,0,0
860.96,18,637,0,0,0,1,4,1433.91,0,0
12677.67,2,52,0,1,1,3,7,2252.38,0,1
1606.31,16,1265,0,0,0,0,5,1982.19,0,0
1802.93,11,760,0,0,0,0,4,1655.08,0,0
2351.96,9,285,0,0,0,0,5,1459.98,0,0
2945.74,12,1494,0,0,0,0,4,1325.15,1,0
1929.81,10,200,0,0,0,0,1,1396.17,0,0
11690.04,10,154,0,1,4,1,6,3852.81,1,1
1883.58,16,775,0,0,1,1,3,1719.03,0,0
1632.31,8,1119,0,0,0,0,2,2858.59,0,0
5492.87,19,99,1,1,4,3,11,1733.1,0,1
1352.83,13,68,0,0,1,0,1,821.75,0,0
1167.97,18,899,1,0,1,0,5,2475.81,0,0
2029.38,14,497,0,1,2,1,5,1167.66,0,0
2345.14,18,160,1,1,0,0,4,1945.87,0,0
6292.6,4,42,1,1,1,3,9,981.16,0,1
4140.9,1,45,1,1,5,2,5,1929.63,1,1
2684.81,9,1360,0,0,0,1,2,1844.76,0,0
4021.16,5,216,1,1,5,0,6,2852.9,1,1
928.18,15,535,0,0,0,1,4,1579.69,0,0
7953.07,16,68,0,1,4,5,6,1195.83,1,1
4252.39,0,199,0,1,1,3,9,2533.08,1,1
11432.96,5,86,1,0,3,5,9,2392.96,0,1
4254.12,9,843,0,0,0,0,1,1684.03,0,0
4353.53,11,8,1,1,4,6,6,3254.58,0,1
12313.32,14,9,1,1,3,1,8,1314.71,1,1
7918.59,19,19,0,1,3,3,7,3270.16,0,1
5452.19,2,227,1,1,1,3,8,1322.33,1,1
1679.81,14,1422,0,0,1,0,3,938.98,0,0
6247.11,2,67,1,1,3,3,5,2968.49,1,1
2512.57,13,112,0,0,0,1,3,3766.5,0,0
2301.53,18,141,0,0,0,1,3,2577.35,0,0
4392.79,14,208,1,1,2,2,11,1881.81,1,1
7691.94,2,45,0,0,3,2,12,1849.22,0,1
1518.7,20,891,0,0,0,0,2,1228.04,0,0
7323.09,1,49,1,1,4,4,10,2103.7,1,1
9878.91,13,5,1,1,5,3,7,1355.88,1,1
5021.42,15,83,1,1,3,5,11,1843.26,1,1
5040.74,4,188,1,1,4,0,8,2106.23,1,1
1661.38,22,567,0,0,0,0,5,2241.77,0,0
1160.86,9,1218,0,0,0,0,2,2400.86,0,0
1830.4,17,1265,0,0,0,0,6,2372.35,0,0
3583.32,8,441,0,0,0,0,3,2268.21,0,0
1508.11,20,1261,1,0,1,0,5,1129.43,0,0
4194.11,5,220,1,1,4,2,4,2451.8,0,1
3896.31,21,314,0,0,0,1,2,1724.33,0,0
5579.14,15,68,1,1,5,1,12,1941.75,1,1
9130.99,0,63,0,1,3,1,7,1112.08,1,1
10874.09,23,182,1,1,4,2,8,3436.79,0,1
2935.51,2,150,1,1,5,2,9,1699.68,1,1
1344.83,18,235,0,0,1,0,5,1456.27,0,0
1587.1,12,907,1,0,0,0,1,1164.23,0,0
5913.02,10,109,1,1,4,5,7,1860.29,1,1
3417.33,13,694,1,0,0,2,3,2977.86,0,0
5919.36,4,100,1,1,5,3,13,1852.16,0,1
6379.52,10,221,1,1,5,0,8,1253.06,0,1
9871.33,5,240,1,1,4,2,9,1006.9,1,1
2491.59,1,169,1,1,1,4,5,2148.84,1,1
6352.66,2,2,1,0,5,4,11,981.32,0,1
5670.01,15,225,0,1,5,2,9,1524.17,1,1
1592.27,19,927,0,0,0,0,3,1141.34,0,0
2469.92,12,1059,0,0,0,0,4,2112.07,0,0
1424.36,15,780,0,0,0,0,2,1621.77,0,0
6391.33,0,122,1,1,3,8,7,1921.23,1,1
1681.9,15,414,0,0,0,0,6,2225.85,0,0
2019.27,8,673,0,0,0,0,3,1685.38,0,0
2125.45,21,193,0,0,0,0,2,1572.61,0,0
6287.58,4,215,1,0,4,3,12,1897.82,1,1
1935.27,18,611,0,0,0,0,4,1608.71,0,0
5658.36,14,70,1,1,1,4,1,1950.73,0,1
12594.41,17,88,1,1,3,3,6,1656.61,1,1
1588.6,13,373,0,0,0,0,4,1958.65,0,0
1733.52,20,1328,0,0,1,1,4,1416.01,0,0
5636.73,5,21,1,1,1,2,7,2603.07,1,1
1517.09,22,625,0,0,0,1,0,1533.27,0,0
1667.46,11,515,0,0,0,0,6,1727.2,1,0
3718.88,3,139,1,1,2,7,13,1916.96,1,1
5180.66,1,91,1,0,4,6,2,1814.01,1,1
1521.63,22,1437,0,0,0,0,4,2975.73,0,0
3944.24,15,1125,0,0,0,2,3,1250.07,0,0
4782.54,0,54,1,1,3,5,7,1563.85,0,1
3361.24,2,194,1,1,3,1,9,1800.81,1,1
4972.17,10,61,0,1,5,4,6,1498.73,0,1
6595.25,4,64,1,1,3,2,5,1244.58,0,1
5435.74,18,225,1,1,1,3,5,2789.84,1,1
1796.78,17,1487,0,0,0,1,4,1746.21,0,0
5587.22,5,135,1,1,2,1,7,1500.48,1,1
7584.24,2,138,1,0,4,2,8,1496.12,1,1
2732.17,15,685,0,0,1,1,3,2368.96,0,0
1065.55,9,1092,1,0,0,1,3,1462.65,0,0
5002.27,21,683,0,0,0,0,2,2183.04,0,0
6435.99,0,120,1,0,4,3,5,1702.33,0,1
1176.6,16,81,0,0,0,1,1,916.54,0,0
8299.18,2,75,0,1,3,2,15,1427.83,1,1
520.55,22,453,0,0,2,1,3,1090.67,0,0
2284.57,11,772,1,1,0,1,3,1310.23,0,0
2414.67,16,1426,0,0,0,0,5,1472.82,0,0
7252.53,11,229,1,1,1,0,5,2088.74,1,1
1872.42,9,979,0,0,2,0,0,2334.45,0,0
3846.78,11,1017,0,1,0,0,1,1082.01,0,0
1541.29,21,1252,0,0,0,0,5,1704.14,0,0
16417.02,1,65,1,1,5,1,8,3121.7,1,1
7784.22,5,138,0,1,3,3,7,2658.59,1,1
5778.41,2,91,1,1,3,6,6,1485.08,1,1
4581.21,22,931,0,0,1,1,2,1606.13,0,0
1460.76,9,278,0,1,0,1,4,2717.18,0,0
1833.09,19,816,1,0,0,0,3,2811.92,0,0
5601.88,8,222,0,0,0,0,2,2295.47,0,0
1859.58,12,1450,0,0,0,0,4,1762.98,0,0
1528.84,19,871,0,0,0,1,5,1873.11,0,0
3600.6,1,4,1,1,2,5,5,1883.15,1,1
5410.08,18,46,1,1,1,2,8,1067.91,0,1
2811.95,12,480,0,0,0,0,0,1850.59,0,0
16441.92,15,124,1,1,5,7,11,1591.43,1,1
5115.69,12,95,1,1,1,3,5,5296.07,0,1
2252.58,13,731,0,0,0,1,4,1160.8,0,0
3699.66,21,1096,0,0,0,2,0,3203.94,1,0
3173.82,12,133,1,1,4,2,6,1196.52,1,1
7562.61,4,192,1,1,3,2,14,1254.11,1,1
3535.01,19,1147,0,0,0,0,4,888.2,0,0
6066.03,4,207,1,1,2,3,13,3919.77,1,1
5461.78,2,177,1,1,2,1,7,2409.75,1,1
3963.49,22,1017,0,0,0,0,5,908.78,0,0
13321.46,5,125,1,1,1,2,11,2017.1,0,1
10181.5,0,199,0,1,3,5,10,2911.21,1,1
2941.11,14,534,0,0,0,0,3,1063.85,0,0
4325.28,3,104,1,0,4,1,8,2098.99,0,1
1874.44,20,936,0,0,0,0,4,1149.78,0,0
1921.88,8,264,0,0,0,0,0,2988.57,0,0
1117.92,12,606,0,1,0,1,3,1226.66,0,0
5723.26,9,86,1,1,5,3,10,1903.55,1,1
715.01,8,1050,0,1,0,1,3,1621.28,0,0
3599.8,18,866,1,1,0,0,4,1962.1,0,0
1978.34,19,1341,0,0,0,1,5,1638.29,0,0
2228.85,8,195,0,0,0,0,6,1316.78,0,0
986.64,9,273,0,0,0,1,5,2089.05,0,0
2623.69,12,942,0,0,0,0,7,930.58,0,0
4313.48,4,116,1,1,3,3,7,1520.16,0,1
1584.33,1,24,1,1,1,2,11,2337.09,1,1
5552.41,0,3,0,1,3,8,8,2893.02,1,1
1862.29,14,696,0,0,0,0,1,1998.51,0,0
2206.48,8,84,0,0,0,0,3,1087.47,1,0
10122.58,17,194,1,1,2,0,8,2072.69,1,1
3258.19,13,1377,0,0,0,0,4,1594.98,0,0
1756.77,18,435,0,0,0,1,3,1002.3,0,0
1340.66,9,505,1,0,0,0,1,1151.4,0,0
10055.67,2,217,1,1,5,1,12,1721.32,0,1
2655.09,11,315,0,0,0,1,2,1770.48,0,0
1244.97,14,190,0,1,1,1,2,1854.97,0,0
1510.94,16,1226,0,0,2,0,2,2185.21,0,0
1061.86,17,1424,0,1,1,1,3,1697.17,1,0
1696.04,11,397,0,1,2,0,3,1651.83,0,0
1146.52,18,884,1,0,0,1,3,1680.85,0,0
1729.41,15,993,0,1,1,1,1,1633.14,0,0
1334.68,15,678,0,0,0,0,5,1845.63,1,0
6499.85,0,119,1,1,1,5,8,1834.14,1,1
8147.16,2,2,1,1,5,2,13,2234.44,1,1
1487.26,16,860,0,0,0,2,3,1566.15,0,0
2312.97,19,1373,0,0,0,1,5,1570.29,0,0
1447.9,10,1308,0,1,0,0,3,1426.8,0,0
2595.69,14,1341,1,0,0,0,3,1483.77,0,0
1619.12,16,513,1,0,2,0,4,3163.36,0,0
16632.49,22,90,1,1,4,4,9,3382.67,1,1
2000.68,19,999,0,0,1,1,1,3374.78,0,0
16156.41,1,60,1,1,3,2,10,1952.55,1,1
2193.04,16,1191,0,0,1,1,3,1955.21,0,0
2842.9,22,245,1,1,3,4,6,1798.55,1,1
3214.73,2,233,1,1,3,1,8,1794.75,1,1
7135.74,1,195,1,1,1,3,9,1933.09,0,1
4550.52,0,112,1,1,5,3,15,2732.47,0,1
2025.41,1,63,1,0,3,4,5,1852.69,1,1
9218.76,4,123,1,1,4,2,13,1586.28,1,1
2506.55,16,173,1,0,1,0,9,1998.35,1,0
5158.94,3,154,1,1,5,3,5,2493.42,1,1
3312.97,0,219,1,1,3,0,11,2426.85,1,1
2600.6,18,322,0,0,0,1,3,1232.62,0,0
1389.74,9,989,0,0,0,0,2,2277.94,0,0
9126.81,1,194,1,1,5,2,7,727.29,1,1
1492.35,18,1112,0,1,0,2,4,1345.85,0,0
10069.25,4,37,1,1,4,2,6,987.44,0,1
8081.42,4,39,1,1,5,1,7,1973.49,1,1
4640.16,17,205,0,1,2,4,7,3737.3,1,1
1595.54,5,99,1,1,5,2,9,1482.44,0,1
3636.56,20,182,0,0,1,0,3,654.32,0,0
1956.59,15,741,0,0,0,1,1,3621.88,0,0
782.1,20,1137,0,0,0,0,2,2259.58,0,0
1579.47,20,1108,0,0,1,0,6,1405.02,0,0
2097.12,20,1157,0,0,0,1,4,1228.38,0,0
6847.91,3,129,0,0,3,5,9,1594.95,1,1
9635.19,4,226,1,1,5,3,3,2134.79,1,1
5018.06,2,84,0,1,3,3,7,1377.17,1,1
4449.65,19,154,1,1,1,3,7,1654.22,1,1
5708.57,19,70,1,1,5,2,6,1916.79,1,1
4506.79,10,482,0,0,0,1,2,2417.72,0,0
7466.44,18,446,0,0,0,0,1,3642.06,1,0
9202.61,4,115,1,1,5,3,11,1388.09,1,1
9028.79,0,80,1,1,3,6,11,1562.25,1,1
652.98,20,199,0,0,1,1,5,3307.15,0,0
5667.96,1,49,1,1,4,5,10,2241.63,1,1
1121.46,21,568,0,0,0,0,2,2027.62,0,0
1762.34,15,1389,0,0,0,2,2,3706.41,0,0
5560.32,14,223,1,1,5,1,11,1686.47,0,1
2846.28,11,1300,0,0,2,0,2,1790.63,0,0
2731.58,0,248,1,1,5,3,5,1196.59,1,1
10188.81,4,159,1,1,3,1,5,1082.54,1,1
6359.51,2,44,0,1,3,1,17,1685.42,1,1
1103.79,19,89,0,1,1,0,6,1610.39,0,0
6650.25,0,47,1,1,3,2,4,1881.09,0,1
2193.73,9,527,0,1,1,1,2,1912.47,0,0
7081.82,1,27,0,1,3,3,6,3097.7,1,1
2176.37,20,917,0,0,0,1,4,2130.7,0,0
3975.21,5,236,1,1,2,1,8,1949.37,1,1
6592.11,2,4,1,1,3,2,4,1373.22,1,1
6125.58,3,141,1,1,5,4,10,1749.08,1,1
1095.02,19,384,1,0,0,0,1,2758.97,0,0
1281.86,20,485,0,0,0,0,3,2207.54,0,0
2965.01,0,18,1,1,2,3,9,1374.64,1,1
6853.59,5,219,0,1,4,2,8,1499.22,1,1
2197.44,2,148,1,1,3,4,10,3045.27,1,1
1756.97,12,219,0,0,0,1,0,1859.11,0,0
981.78,21,962,0,0,0,0,3,1572.24,0,0
1381.07,9,775,0,0,1,1,2,2050.78,1,0
5165.82,1,73,1,1,3,4,11,915.9,1,1
6071.46,2,240,1,1,5,5,7,1578.29,1,1
1261.34,15,1310,1,0,0,1,4,1131.63,0,0
4420.07,1,147,1,1,3,3,8,1557.01,1,1
3183.72,2,87,1,1,2,3,6,1859.48,0,1
3007.78,21,1289,0,0,0,0,1,2963.85,0,0
3488.48,0,220,1,0,2,0,6,1352.46,0,1
22200.86,3,134,1,1,4,4,12,1578.25,0,1
1137.37,10,856,0,0,0,1,2,1938.84,0,0
6283.02,3,181,1,1,2,3,7,2103.56,1,1
3316.5,20,191,0,1,1,4,6,1660.32,1,1
2744.39,21,702,0,1,1,1,4,1294.72,0,0
3825.98,1,122,1,1,4,4,5,1400.76,1,1
26142.81,19,137,1,1,2,4,8,1915.18,0,1
16613.37,4,162,0,1,3,4,6,1187.28,1,1
16915.56,7,142,0,1,4,1,11,2785.93,1,1
1850.25,20,571,0,0,1,0,2,2466.6,1,0
882.55,16,885,0,0,1,1,1,2753.52,0,0
4153.27,21,1098,0,0,0,0,1,1913.42,0,0
5532.33,2,17,1,1,4,6,14,1930.01,1,1
4332.26,1,63,0,1,4,4,6,1367.44,1,1
4182.53,7,75,0,1,4,2,12,1110.68,0,1
6779.75,5,213,1,1,3,3,13,1556.9,1,1
8365.44,6,143,0,1,4,2,5,2175.16,0,1
8461.37,0,106,1,0,3,4,7,2910.73,1,1
4126.06,3,30,1,1,5,5,9,1554.33,1,1
6484.55,2,111,0,1,2,2,9,2219.52,1,1
2538.05,5,68,1,1,5,3,10,1409.94,0,1
4335.13,11,214,0,1,5,3,11,1269.41,0,1
1985.54,12,123,1,1,1,2,4,2434.05,0,1
3635.59,12,546,1,0,0,0,3,1424.43,0,0
1677.2,21,1088,0,0,1,1,5,2319.8,0,0
6083.38,5,99,1,1,3,3,7,1312.87,0,1
6246.82,14,122,1,1,2,4,13,1552.92,1,1
5420.3,3,228,1,1,1,2,4,2519.14,1,1
4938.16,3,85,1,1,4,3,7,1009.78,1,1
7463.68,4,239,0,1,1,1,9,1580.27,0,1
7388.77,21,44,0,1,3,5,5,1890.24,1,1
8753.27,0,51,1,1,5,2,3,1393.22,0,1
4440.59,0,189,1,1,5,6,4,1192.79,0,1
4558.37,3,92,0,1,4,5,6,3308.54,0,1
3316.79,15,533,0,0,0,0,5,1683.56,0,0
1399.55,2,98,0,1,3,2,6,2091.16,1,1
2169.74,13,279,0,0,0,0,3,3100.59,0,0
1714.48,17,1175,0,0,0,1,2,1658.52,0,0
4385.64,21,817,0,0,0,0,2,2167.54,0,0
2981.99,16,1457,0,0,0,3,2,2043.78,0,0
8724.75,5,14,1,1,5,1,8,2676.58,1,1
5312.55,10,729,0,0,0,0,4,951.96,0,0
4939.69,2,246,1,1,3,5,4,2508.21,1,1
2742.77,17,350,0,0,0,0,4,1867.7,0,0
5333.33,0,99,0,1,3,2,6,3116.12,1,1
1006.62,9,135,0,0,0,0,2,2564.08,0,0
1190.15,17,352,0,0,0,3,3,1630.11,0,0
2506.79,20,1294,0,0,0,3,3,602.97,0,0
3566.77,19,889,0,0,0,0,6,1230.52,0,0
10852.92,9,163,1,1,3,4,7,1698.32,1,1
1381.5,19,869,0,0,1,1,1,2474.07,0,0
17832.15,7,26,1,1,3,4,9,1112.23,1,1
2303.89,19,815,0,0,2,1,4,2762.92,0,0
16018.48,5,247,1,1,5,3,15,2185.74,1,1
2541.99,14,1058,0,0,1,0,3,1485.87,1,0
4056.3,0,155,1,1,3,5,6,1556.86,0,1
806.82,12,1097,0,0,0,0,1,1631.62,1,0
6514.9,2,145,1,1,2,5,15,2728.62,1,1
2763.18,2,149,1,1,5,3,13,982.05,0,1
13189.61,0,110,0,0,2,2,15,1023.12,0,1
5649.25,5,3,0,1,4,2,10,1733.89,1,1
1751.05,17,1451,0,0,0,2,1,2809.94,0,0
2833.34,17,436,0,0,0,0,6,2768.36,0,0
2486.54,8,1465,0,0,0,2,1,1693.26,0,0
1514.98,22,503,0,0,2,0,2,1267.69,0,0
2962.11,9,1142,0,0,0,1,5,1591.4,0,0
3709.62,21,1098,1,0,0,0,5,2717.03,0,0
4236.21,2,194,1,1,2,4,4,2439.56,1,1
1764.52,8,950,0,0,1,0,2,2335.38,0,0
4937.99,0,128,0,1,5,2,9,3504.05,0,1
1384.16,17,1056,0,0,0,1,6,1540.27,0,0
18683.35,1,68,0,1,1,1,8,1370.28,1,1
3558.77,5,2,1,0,5,5,11,1565.65,1,1
3046.44,15,22,1,0,2,4,11,1695.7,0,1
2690.97,21,332,0,1,0,0,1,2329.63,0,0
1175.6,13,582,1,0,0,1,3,2707.85,1,0
8437.74,4,47,1,1,5,3,4,2104.94,1,1
3696.92,4,99,1,1,2,1,10,2044.7,1,1
2185.99,11,238,0,0,0,0,0,1720.55,0,0
2224.13,18,1469,0,0,0,1,2,1768.06,0,0
1630.99,11,1327,0,0,0,0,4,2488.45,0,0
3514.93,0,227,1,1,4,3,9,826.06,1,1
2422.02,13,111,0,0,0,1,3,2752.02,0,0
1668.24,14,1294,0,0,0,0,2,2268.7,0,0
3094.81,11,658,0,0,0,0,5,3370.48,0,0
5909.58,0,160,1,1,4,5,5,1239.88,1,1
846.25,18,844,0,0,1,1,0,1772.0,0,0
1259.71,16,1186,0,0,2,0,2,1956.61,0,0
1562.97,22,975,0,0,0,1,2,2401.84,0,0
3194.97,11,874,0,0,0,2,6,2104.11,0,0
6396.53,22,432,0,0,2,1,3,1846.88,0,0
2030.91,10,267,0,0,1,0,2,1787.93,0,0
8478.56,1,59,1,1,4,6,10,2035.22,0,1
1514.68,20,971,0,0,0,2,0,1937.43,0,0
8091.42,15,231,1,1,4,5,5,1078.12,1,1
1918.14,19,78,0,0,0,1,1,1473.2,0,0
6979.19,2,63,1,1,4,4,6,1978.6,1,1
2326.3,19,1082,0,0,0,1,3,2382.57,0,0
3786.67,21,415,1,0,0,0,1,2403.99,0,0
1916.05,11,78,0,0,1,0,4,1604.47,0,0
6935.72,0,104,1,1,4,2,6,2841.17,1,1
3901.25,7,237,1,0,3,2,9,2819.98,1,1
2672.62,2,31,1,1,5,2,7,2256.82,1,1
2809.14,12,1392,0,0,0,0,3,2333.81,0,0
16221.1,5,237,1,1,1,4,8,1975.75,1,1
7461.51,5,220,0,1,5,4,9,1189.15,1,1
1260.38,21,222,0,0,0,2,5,1393.53,0,0
5327.43,0,51,1,1,4,4,6,2782.74,1,1
1508.26,17,884,0,0,0,0,2,1699.19,0,0
3425.09,0,29,1,1,2,5,9,2837.98,1,1
1309.33,17,1134,0,0,0,0,2,1251.13,0,0
9989.76,2,170,1,1,5,4,11,1858.94,1,1
9207.25,1,140,1,1,4,3,7,2024.05,1,1
5132.75,7,131,1,1,5,4,7,1663.92,1,1
15567.58,5,57,0,1,4,0,8,2207.23,1,1
2071.58,19,1075,0,0,0,0,4,1292.02,0,0
7773.49,19,169,1,1,2,2,7,810.92,1,1
12066.64,2,177,1,1,2,3,12,1890.82,1,1
2251.95,5,80,1,0,3,0,3,2229.37,1,1
7947.66,3,149,1,1,1,6,6,979.93,1,1
2089.86,16,1055,0,0,0,0,2,1967.91,0,0
1964.72,19,778,0,0,0,0,3,1724.43,0,0
4607.74,2,63,0,1,3,3,13,6214.79,1,1
4078.41,5,242,1,1,5,3,8,2092.64,1,1
5717.57,3,101,1,1,5,0,12,1619.1,0,1
3850.75,11,354,0,1,0,0,3,2798.22,0,0
5375.39,3,95,0,1,2,4,12,2942.01,0,1
2425.18,10,232,0,0,0,0,1,2449.16,0,0
2178.11,11,759,0,0,0,0,2,1874.01,1,0
5982.45,11,198,1,1,4,4,8,1769.95,1,1
5645.3,9,1089,0,0,0,0,1,1722.37,0,0
1287.51,19,719,0,0,1,0,2,1886.52,1,0
2665.99,16,1128,0,0,1,1,2,1235.15,1,0
2939.23,11,976,0,0,0,0,3,1120.56,1,0
1390.03,22,1207,0,0,0,1,4,2205.44,0,0
13228.53,17,113,0,1,4,3,4,1003.15,1,1
13769.53,1,171,1,1,3,4,11,1620.51,1,1
9057.11,1,13,1,1,3,3,5,707.67,1,1
6165.38,1,140,1,1,3,4,9,2065.87,1,1
2596.29,11,1072,0,0,0,0,3,1689.16,0,0
1188.51,21,366,0,0,0,0,1,2178.24,0,0
1326.42,15,1263,0,0,0,0,2,2372.6,0,0
4102.92,2,155,1,1,4,5,26,1953.46,1,1
11678.26,3,172,1,0,5,1,10,1520.28,0,1
13493.11,11,146,1,1,4,2,9,1878.4,1,1
6414.5,6,222,1,1,3,1,5,1206.07,1,1
11067.64,2,24,1,1,2,2,5,2106.95,1,1
13110.44,23,174,0,1,4,3,6,1122.65,0,1
3719.01,9,768,1,0,2,1,1,2267.34,0,0
3293.55,4,70,1,1,1,2,4,2509.73,1,1
3877.69,3,77,1,1,4,1,11,3981.79,1,1
6524.39,5,249,1,1,4,4,8,1270.86,1,1
11959.88,5,112,1,1,4,4,4,1763.23,1,1
981.23,14,473,0,0,0,0,2,982.73,0,0
2854.59,10,410,0,0,0,1,1,1476.35,1,0
4973.07,0,188,1,1,3,5,11,1216.27,1,1
1405.59,10,594,0,0,1,0,3,1985.41,1,0
1624.19,11,1178,0,0,0,0,4,1511.76,0,0
2221.13,20,896,0,0,0,1,3,3400.26,0,0
5347.07,0,216,0,1,3,4,13,2591.55,0,1
6009.75,5,191,1,1,3,1,11,2054.07,1,1
2434.15,11,325,0,0,0,0,5,1358.62,0,0
613.84,16,185,0,0,0,0,1,942.19,0,0
6201.34,2,190,1,1,3,3,8,2127.17,1,1
4875.05,5,54,1,1,3,6,9,2214.08,1,1
1854.16,18,1134,0,0,0,0,2,2207.54,0,0
7291.94,3,233,0,1,5,4,8,3118.59,0,1
1283.06,20,436,0,0,0,1,3,1518.37,0,0
2812.35,12,718,0,0,0,1,3,2279.38,0,0
5886.56,2,176,1,0,3,0,6,2675.61,1,1
4421.54,21,86,0,0,0,0,3,2293.84,1,0
2724.61,12,920,0,0,1,1,0,3127.46,0,0
4539.1,5,75,1,1,5,0,4,2136.03,1,1
4246.95,8,131,0,1,0,1,1,761.5,1,0
4475.79,23,176,1,0,1,4,11,1763.68,1,1
1254.68,17,399,0,0,0,0,3,1872.93,1,0
2121.51,20,846,0,1,0,1,3,1396.98,0,0
1756.84,22,623,1,0,1,0,3,1867.07,0,0
6822.13,16,25,0,1,3,4,15,1264.37,1,1
6128.15,8,228,1,1,3,2,7,3398.51,0,1
3099.22,22,72,1,1,3,4,9,2407.84,1,1
14691.12,22,243,1,1,5,2,14,944.42,1,1
6675.62,1,178,1,1,2,2,6,1326.44,1,1
1626.75,9,1331,0,0,0,2,3,1408.33,0,0
11170.79,18,4,1,0,4,3,9,2187.15,1,1
5800.48,19,162,0,1,3,6,9,1476.46,0,1
3932.23,19,1377,0,0,1,0,2,2690.85,0,0
5045.98,14,834,0,0,0,0,1,1402.72,0,0
2528.15,21,1320,0,0,1,1,0,1926.56,0,0
2959.39,18,103,0,0,0,0,3,1839.4,0,0
2430.89,5,217,1,1,1,2,10,1237.68,0,1
3689.41,22,83,1,1,5,8,6,1208.34,1,1
8955.22,4,74,1,1,4,1,6,1230.3,1,1
1792.52,21,1014,0,0,0,0,3,1899.61,0,0
1117.59,10,208,0,0,1,1,0,1627.54,0,0
1196.85,8,1255,0,0,0,0,2,2546.23,0,0
1904.25,17,981,0,0,0,0,3,1636.42,0,0
1770.71,3,108,1,1,2,3,11,1075.15,1,1
1376.05,19,1045,0,0,0,1,5,1205.39,0,0
5129.9,9,562,0,0,0,0,7,2073.29,0,0
12521.18,2,48,1,1,5,4,10,2356.67,1,1
5092.24,2,199,1,1,1,3,10,1069.18,1,1
5814.15,11,116,1,1,3,3,7,1543.28,1,1
2139.79,13,357,0,0,1,1,3,1415.76,0,0
2379.09,19,875,0,0,2,0,4,1817.92,0,0
5483.01,23,43,1,1,4,5,4,1162.0,1,1
11404.89,5,130,0,1,5,2,10,972.91,1,1
1867.06,15,95,0,0,0,2,2,1791.4,0,0
11390.54,3,169,0,1,4,4,7,3149.16,0,1
8379.12,15,58,1,1,1,2,5,1936.76,1,1
1628.46,18,348,0,0,0,1,0,929.73,0,0
1338.3,14,915,0,0,0,0,4,1358.68,0,0
3865.76,3,106,0,1,5,4,10,1348.06,0,1
2968.46,13,1140,0,0,0,0,1,2761.59,0,0
2324.71,20,255,0,0,2,0,2,1125.23,0,0
6452.64,4,156,1,1,4,1,9,2105.45,1,1
4505.95,3,186,1,0,4,5,5,1478.21,0,1
1042.42,13,1210,1,0,0,0,4,1906.54,0,0
10571.08,0,72,1,1,4,5,11,1474.65,1,1
4705.53,1,166,0,1,2,1,7,3003.11,0,1
3581.85,4,40,1,1,4,5,4,1199.59,0,1
4493.83,0,199,1,1,3,2,4,1926.06,1,1
1363.98,14,916,0,0,2,0,0,1136.05,0,0
1269.19,11,1433,0,1,1,0,2,1737.92,1,0
3089.05,1,225,1,1,5,2,10,1107.27,1,1
11907.77,5,113,1,0,2,2,7,1721.08,1,1
5323.24,3,247,1,1,5,2,6,5083.4,1,1
1364.48,11,1492,1,0,0,1,2,2497.15,0,0
13257.57,4,152,1,1,2,3,9,2135.13,1,1
1870.32,17,1123,0,0,0,0,5,1454.41,0,0
1638.32,8,406,0,0,0,1,3,1658.49,0,0
3133.69,16,218,0,1,2,0,11,2010.8,1,1
1263.94,20,1271,0,0,0,1,3,3660.4,0,0
2290.92,22,220,0,0,0,1,1,2848.59,0,0
3165.03,19,442,0,0,0,0,6,2333.16,0,0
3275.79,11,197,0,0,0,0,1,1606.06,0,0
8154.72,5,99,0,1,2,0,6,1964.73,1,1
3583.88,4,248,1,0,4,2,9,987.16,1,1
860.87,22,1424,0,0,0,0,5,2613.96,0,0
1557.79,8,995,0,0,0,0,3,1156.2,0,0
1818.73,10,524,0,0,2,0,3,1664.24,0,0
14546.06,4,85,1,1,5,4,10,1876.93,1,1
18983.09,7,138,1,1,4,6,8,3267.14,1,1
1861.11,14,1406,0,0,0,0,3,1856.07,0,0
3913.38,9,864,0,0,0,0,2,1791.41,0,0
6805.77,2,225,1,1,3,2,11,2602.68,1,1
1730.5,9,507,0,0,0,1,2,1022.44,0,0
3329.79,15,1324,0,0,0,0,5,820.22,0,0
6759.15,4,50,1,1,4,0,4,2517.24,1,1
1016.95,9,575,0,0,0,1,4,2129.17,0,0
4420.31,5,237,1,1,2,2,7,1399.35,0,1
2624.4,15,146,1,0,1,1,3,3023.88,0,0
5393.81,2,249,0,1,3,3,8,1547.91,1,1
1960.47,10,521,0,0,0,0,3,1765.3,1,0
3158.76,17,232,0,0,1,0,3,2065.23,0,0
5346.53,4,4,1,1,5,5,6,1173.45,1,1
1617.82,13,153,0,0,0,0,4,1400.73,0,0
1392.24,14,900,0,1,2,0,5,1578.07,0,0
5209.73,2,231,1,1,5,3,6,1551.61,1,1
2097.88,11,801,0,1,0,0,4,764.36,1,0
3039.39,5,13,1,1,4,1,8,1745.93,1,1
4400.33,22,1232,0,0,0,0,3,1971.6,0,0
3592.5,2,215,1,1,3,5,7,1386.79,1,1
4432.27,4,166,1,1,5,1,7,2382.82,0,1
1876.56,0,61,1,1,3,2,7,1287.8,1,1
3780.77,5,95,1,1,3,5,5,2075.75,1,1
1336.75,16,1267,0,0,0,0,2,1207.02,0,0
2090.24,15,451,0,1,0,0,5,1897.34,0,0
2147.46,17,191,0,0,1,0,3,1347.16,1,0
7435.94,19,488,0,0,0,1,4,2370.86,0,0
1720.28,16,697,0,0,0,2,4,2635.79,0,0
6379.8,3,18,0,1,3,0,8,822.31,1,1
1166.34,22,825,0,0,0,0,3,1561.2,0,0
355.81,16,1015,0,0,0,0,1,1721.26,0,0
4059.41,23,172,1,1,3,4,8,939.27,1,1
3585.77,16,176,1,1,1,3,13,1428.62,0,1
4050.12,2,177,1,1,3,4,11,1522.73,0,1
8493.68,1,165,1,1,3,1,5,1033.06,1,1
3184.81,17,723,0,0,0,0,5,1611.17,0,0
3077.89,15,1342,0,0,0,0,2,1868.95,0,0
2581.05,15,545,0,0,0,0,3,1404.85,0,0
1990.24,18,867,0,1,1,0,1,1022.35,0,0
3700.12,0,118,1,1,4,0,10,2314.21,1,1
5623.17,1,234,1,1,1,5,10,2338.94,1,1
3106.92,11,833,0,0,0,1,3,1663.59,0,0
3396.53,3,240,0,0,4,3,8,1691.49,1,1
7803.84,9,76,1,1,3,1,7,1407.08,1,1
2000.61,15,155,0,0,1,0,4,2390.51,0,0
1899.04,9,1399,0,1,0,0,3,1340.82,0,0
2406.93,18,1264,0,0,2,1,5,1406.24,0,0
1671.71,20,319,0,0,0,0,5,2317.62,0,0
3873.02,10,226,0,1,1,2,6,1583.18,1,1
2239.41,8,127,0,1,3,0,7,1214.02,0,1
2855.55,0,234,0,1,5,3,7,2267.34,1,1
3340.41,14,77,0,0,1,0,2,1300.86,0,0
5957.29,21,74,0,0,3,3,7,1652.96,1,1
18851.66,22,197,1,1,3,6,12,1984.55,1,1
5767.18,1,5,1,1,5,2,8,1551.65,1,1
1206.74,17,146,0,0,0,0,4,3515.52,0,0
1366.57,17,248,0,0,0,0,1,1752.29,0,0
1407.24,19,556,0,0,2,1,3,1284.59,0,0
7428.4,1,240,0,1,1,6,7,2008.4,1,1
1983.96,20,1220,0,1,0,0,3,1289.87,0,0
2289.56,9,390,0,0,0,1,4,1545.14,0,0
2357.82,18,689,0,0,0,1,2,1764.25,0,0
1230.16,20,693,0,0,0,2,3,1470.36,0,0
1576.09,17,1443,0,0,0,0,1,2059.04,0,0
6980.59,2,172,1,0,1,2,8,1473.7,1,1
2897.92,13,455,0,0,0,0,1,1710.72,0,0
1135.34,18,682,0,0,0,0,2,1197.19,0,0
4552.51,4,39,1,1,1,1,13,1750.18,1,1
7580.74,5,213,1,1,4,3,12,802.98,1,1
7729.58,0,39,1,1,3,4,9,3504.55,1,1
2300.75,19,1299,0,0,1,0,1,1234.83,0,0
5687.33,5,31,1,0,3,1,13,1191.02,1,1
1939.55,13,692,0,0,0,0,4,1442.86,0,0
4026.86,20,1334,0,0,0,2,2,1605.02,0,0
4231.97,10,1342,0,0,0,0,2,1328.58,1,0
9861.63,5,195,1,0,5,2,6,865.24,1,1
1018.21,20,1138,0,0,1,0,0,1471.98,0,0
4255.08,16,489,0,0,0,1,3,2254.13,0,0
1959.46,9,1096,0,0,0,1,3,1096.87,0,0
3704.0,5,4,0,1,2,3,11,1090.43,0,1
5458.81,3,216,1,1,5,4,10,1229.34,1,1
920.29,10,1315,0,0,1,0,3,2942.29,0,0
1885.57,15,593,0,0,1,1,0,1864.72,0,0
1221.74,19,471,0,0,0,0,5,866.92,0,0
1660.8,22,521,1,0,0,0,1,3254.78,0,0
2202.89,18,1122,0,0,0,0,6,2244.36,0,0
6524.25,5,83,1,1,1,5,3,1558.88,1,1
3365.99,12,502,0,0,1,0,3,1280.76,1,0
1923.89,16,449,0,0,1,1,1,1250.0,0,0
3539.59,21,1329,0,0,2,1,2,4305.51,0,0
1098.06,21,969,0,0,2,0,4,1324.79,0,0
10730.21,5,163,0,1,1,2,8,1375.2,1,1
7335.53,19,37,0,1,4,6,7,2243.94,0,1
7678.52,5,143,0,1,5,6,13,1984.8,0,1
2632.35,4,36,1,1,5,2,13,1761.4,1,1
1523.5,12,941,0,0,0,0,3,1957.44,0,0
3400.84,8,1350,0,0,0,0,3,1491.1,0,0
5999.62,13,641,0,0,0,0,4,2292.08,0,0
7089.84,18,64,0,1,5,4,10,1322.77,1,1
4957.96,3,211,1,0,5,2,9,2910.87,1,1
1800.0,9,1431,0,0,1,0,6,1077.56,0,0
1418.71,2,43,1,1,5,4,4,2465.41,1,1
2007.92,22,336,0,0,0,0,1,1586.49,0,0
13691.96,1,83,1,1,5,2,4,1308.32,1,1
7587.25,4,42,1,1,4,3,3,855.21,1,1
2692.19,19,114,0,0,0,0,2,1602.31,0,0
6420.11,13,176,1,1,5,1,11,2344.46,1,1
3860.16,3,67,1,1,5,2,7,1859.07,1,1
5339.69,2,129,1,1,3,2,5,2373.08,1,1
6996.95,11,199,0,1,4,6,4,1427.8,0,1
1767.48,13,662,0,1,0,1,4,2073.6,0,0
4947.85,3,80,1,1,1,4,8,698.1,1,1
7374.47,17,207,1,0,4,4,11,1654.26,1,1
12132.21,5,231,1,1,3,5,8,3777.28,0,1
892.16,22,1087,0,1,0,0,6,1445.52,0,0
4194.06,3,180,0,1,3,1,6,1916.92,1,1
3260.08,13,1385,0,0,1,0,5,2751.35,0,0
1205.4,12,396,0,0,2,1,3,1533.53,1,0
8826.71,4,216,1,1,4,5,6,1215.32,0,1
1321.14,20,1355,0,0,0,0,5,2666.32,0,0
7986.35,15,182,0,0,0,0,6,2714.82,0,0
2231.11,20,929,0,0,0,0,2,1800.89,0,0
4261.71,0,74,1,0,2,2,8,1866.6,0,1
9715.55,4,49,1,1,2,6,10,2067.97,1,1
2258.73,9,79,1,0,5,2,15,1479.9,1,1
580.87,13,1437,0,0,0,0,2,1897.6,0,0
3154.51,19,1398,0,0,1,1,5,2403.67,0,0
2454.15,3,8,1,0,5,4,13,1053.96,1,1
1745.72,16,710,0,1,0,2,2,2106.47,0,0
6082.15,11,167,1,0,4,4,10,1050.29,0,1
2277.96,18,61,0,0,2,1,1,2434.21,0,0
7100.27,5,123,1,1,5,7,7,4234.02,0,1
2448.06,22,1117,0,0,0,1,4,1796.23,0,0
14663.4,15,164,1,1,5,3,7,831.25,1,1
3170.05,21,138,0,1,4,3,10,1868.65,1,1
2232.0,21,906,0,0,0,1,0,1585.09,0,0
10155.56,5,227,1,1,3,3,3,2234.67,0,1
8623.37,13,248,1,1,1,6,9,1897.07,1,1
6259.7,3,178,1,1,3,4,5,1473.72,0,1
2080.3,22,1337,0,0,0,1,3,1493.66,0,0
1980.97,8,1192,0,0,0,1,1,1837.26,0,0
1676.89,12,630,0,0,0,0,2,1241.41,0,0
1887.49,14,81,0,0,0,0,7,2337.62,0,0
8079.0,1,184,1,1,4,2,13,3600.3,1,1
3624.06,22,901,0,0,0,1,3,2090.42,0,0
861.82,9,1434,0,0,0,0,2,882.49,0,0
3820.46,5,89,1,1,3,3,6,1208.74,1,1
12748.78,3,125,1,0,1,2,10,2782.17,1,1
1374.05,13,84,1,0,1,1,1,3724.31,0,0
15545.4,19,111,1,1,3,4,8,3475.96,1,1
3747.11,5,1,1,1,2,4,6,1351.67,1,1
5952.43,4,107,1,1,3,2,6,2012.45,1,1
4539.63,3,150,0,0,5,1,9,3130.04,1,1
13164.49,5,178,1,1,4,3,7,2350.79,1,1
1966.19,21,638,0,0,0,0,1,2028.06,0,0
4791.17,23,160,1,0,5,3,10,2113.59,1,1
3792.84,0,28,1,1,1,6,3,1917.98,0,1
1703.16,14,410,0,0,2,0,3,2637.47,0,0
3905.59,21,746,0,0,0,0,5,2105.71,0,0
7822.98,0,83,1,0,5,3,6,954.85,1,1
7271.3,4,57,1,1,3,6,13,855.16,0,1
4873.76,22,15,0,1,3,5,9,2025.76,0,1
2485.21,14,665,0,0,0,0,5,1597.36,0,0
1176.54,11,930,1,0,1,0,2,788.04,0,0
1020.94,16,931,0,0,0,0,1,1674.3,0,0
2998.85,5,70,1,1,5,1,10,2500.74,1,1
1887.59,15,1449,0,1,0,1,2,721.26,0,0
6162.93,18,424,0,0,2,0,5,3490.71,0,0
6697.53,9,213,1,1,3,3,10,2029.57,1,1
3538.1,14,810,0,1,1,0,4,1885.86,0,0
3644.97,5,107,1,1,4,4,15,2910.0,1,1
1040.91,11,643,0,0,0,1,2,2832.16,0,0
18322.44,9,189,1,1,5,4,11,2034.28,1,1
3375.35,21,1280,0,0,0,1,2,3546.24,0,0
2878.81,11,96,1,0,5,1,8,1554.14,1,1
7263.63,15,1,1,1,5,3,5,1471.45,1,1
10625.81,5,177,0,1,1,1,9,2527.78,0,1
1994.14,13,479,1,0,0,0,1,4171.05,0,0
7620.21,5,196,0,1,5,3,9,2198.19,1,1
4694.55,8,283,0,0,0,0,4,1764.87,0,0
6998.38,1,226,1,1,3,3,7,1572.79,1,1
1835.91,13,665,0,0,0,1,3,1175.21,0,0
5349.02,18,156,1,0,5,4,8,1197.58,1,1
2808.3,21,1398,0,0,0,1,6,1541.31,0,0
4028.58,21,194,1,0,5,2,9,1989.54,1,1
2547.42,18,1435,0,0,0,0,3,1551.82,0,0
1968.18,16,132,1,0,1,0,1,2253.98,0,0
2056.29,9,703,1,0,1,0,2,2595.68,0,0
3464.65,19,749,0,0,1,0,2,1241.96,0,0
8062.07,10,10,0,1,3,4,13,1931.39,1,1
1425.95,14,718,0,0,1,1,4,2199.42,0,0
3892.77,9,943,0,0,0,1,6,2489.23,0,0
2161.2,11,623,0,0,0,0,2,2651.99,0,0
5841.15,15,204,1,1,4,3,12,2068.79,1,1
1836.78,21,393,0,0,0,1,2,1370.59,0,0
1347.07,12,1081,0,0,0,0,3,1318.91,0,0
3982.8,9,72,0,0,2,2,6,2080.41,0,0
1683.78,21,958,0,0,0,0,2,2702.46,0,0
957.69,18,928,0,0,0,0,8,1984.75,0,0
1336.7,13,1328,0,0,1,2,7,1880.96,0,0
13457.82,16,148,1,1,1,2,13,1897.59,1,1
6444.22,2,74,1,0,2,3,9,862.57,0,1
1879.14,12,314,0,0,0,0,4,2107.2,0,0
4746.05,13,592,0,0,0,0,5,1682.29,0,0
977.83,22,993,0,0,0,0,0,2110.17,0,0
12057.56,3,31,1,1,3,3,9,1314.39,1,1
7703.97,4,197,0,1,5,1,10,1956.31,0,1
1555.68,19,75,0,0,1,0,1,1811.33,0,0
7386.83,15,209,1,1,3,4,5,966.94,0,1
2647.01,8,582,0,0,0,0,3,1873.04,0,0
2075.06,11,758,0,0,0,0,2,2798.39,0,0
2195.85,8,632,0,0,2,2,4,2106.88,0,0
2590.24,0,165,1,1,2,3,5,1202.85,1,1
1238.05,16,290,0,0,0,1,4,2006.48,0,0
2529.43,1,131,1,1,2,1,12,1096.69,1,1
9241.93,0,191,1,1,4,1,13,2022.3,0,1
1590.6,9,1435,1,1,0,0,2,1313.29,0,0
1978.2,21,376,0,0,0,0,0,1148.0,0,0
4526.35,16,187,0,1,4,1,8,1565.88,0,1
9335.44,1,118,0,1,3,6,8,1309.69,0,1
4169.0,16,65,1,1,4,3,5,2436.97,1,1
4169.23,18,1133,1,0,0,0,1,1694.98,1,0
4886.17,1,217,1,0,2,4,9,2254.66,0,1
4249.43,5,39,1,1,4,5,11,2532.93,0,1
6230.08,14,189,1,1,4,6,7,2874.25,1,1
2490.66,15,715,0,0,0,1,2,1840.91,0,0
2528.14,2,228,0,1,3,0,8,2202.65,1,1
3086.44,18,92,0,0,0,0,3,2362.76,1,0
3029.77,11,1045,0,0,0,0,4,1678.26,0,0
4793.34,21,26,1,1,1,4,9,2181.4,0,1
2039.55,20,1313,0,1,0,1,5,1109.39,0,0
1862.95,20,1245,0,0,0,0,5,2360.23,0,0
3284.55,0,106,0,1,1,4,4,2937.63,1,1
1321.6,20,1326,0,0,0,0,2,1188.94,0,0
5737.83,0,56,1,1,3,2,9,1823.0,1,1
2065.17,21,1220,0,0,0,1,4,958.34,0,0
2270.64,13,904,0,0,2,1,2,1969.3,0,0
5144.26,17,608,0,0,0,0,1,1340.85,0,0
1915.9,23,117,1,1,3,3,10,2559.26,0,1
5604.08,15,190,1,1,3,3,15,3084.75,1,1
2706.14,22,200,0,0,0,0,8,2126.68,0,0
3771.78,0,226,0,1,2,2,7,3024.37,0,1
2919.54,19,1215,0,0,0,1,3,2179.11,0,0
15400.48,4,247,1,1,2,2,11,1263.41,1,1
3940.3,6,174,1,1,4,2,4,1090.33,1,1
3705.79,23,10,1,1,5,4,8,1332.07,1,1
8458.75,2,217,1,0,4,1,7,1928.76,1,1
4169.04,5,154,1,1,3,1,10,1264.48,1,1
8796.6,22,71,0,1,4,3,7,3850.42,1,1
10636.73,5,60,0,1,1,7,8,2195.6,0,1
1353.32,17,319,0,0,1,3,5,935.68,0,0
10971.41,18,165,1,1,5,4,8,2430.43,0,1
1054.23,20,568,0,0,0,0,4,1924.2,0,0
1128.57,20,581,1,0,0,1,4,2265.96,0,0
5178.91,4,193,1,1,5,5,6,2478.31,1,1
3074.12,9,1321,0,0,1,0,4,2385.42,0,0
4351.49,2,159,1,1,5,4,7,2377.38,0,1
1873.78,13,510,0,0,0,0,5,836.32,0,0
1525.42,19,454,0,0,0,0,2,2395.56,0,0
2595.18,8,82,0,0,0,0,7,1672.22,0,0
1076.99,11,1244,0,0,0,0,5,2877.41,0,0
17434.18,0,28,0,0,2,1,8,2085.04,1,1
4537.86,1,144,1,0,3,3,7,1213.18,1,1
1159.88,20,1235,0,0,0,0,1,2183.92,1,0
7935.15,2,23,1,1,3,2,8,1663.46,1,1
11138.67,4,223,1,1,3,3,7,1862.91,0,1
1359.19,19,434,0,0,2,1,0,1651.61,1,0
3929.11,1,226,1,1,5,2,7,985.16,1,1
3817.18,9,1007,0,0,0,0,3,2269.11,0,0
7732.42,14,186,0,1,2,5,7,1218.79,1,1
5339.29,5,35,1,1,3,4,8,1451.75,0,1
5639.44,10,187,0,0,1,2,4,2461.86,0,0
5987.28,2,24,1,1,4,6,12,1890.72,1,1
5649.72,21,32,0,1,4,1,8,1708.1,0,1
2518.27,1,45,1,1,2,4,8,1007.8,1,1
5817.21,2,236,1,1,4,3,3,1603.7,0,1
10097.14,4,79,1,1,5,5,8,2032.85,1,1
2077.53,8,785,0,0,0,0,2,2767.68,0,0
6449.08,3,122,1,1,3,3,9,2039.21,1,1
1727.1,18,1308,0,0,2,0,0,1773.15,0,0
4739.42,16,832,0,0,0,0,4,1387.71,0,0
2677.99,15,428,1,0,1,1,6,2423.91,0,0
7998.14,1,98,1,1,4,2,8,1522.15,1,1
1468.32,19,598,0,1,1,0,1,1996.04,0,0
2955.74,0,204,1,1,2,3,11,1945.56,1,1
1886.51,17,1046,0,0,0,0,1,1836.74,0,0
20218.45,14,202,1,1,3,6,8,1649.86,0,1
3523.96,0,102,1,1,3,5,11,1586.38,0,1
2589.54,20,543,0,0,1,0,1,1633.53,0,0
1572.25,18,428,0,0,0,0,1,1567.54,0,0
2991.39,15,1429,0,0,0,0,3,2667.73,0,0
2810.07,0,90,1,1,5,2,11,928.06,1,1
3704.51,11,91,0,1,4,3,7,1219.8,1,1
7676.83,1,21,1,1,3,4,7,2064.33,1,1
15530.58,3,195,1,1,4,4,7,1839.78,0,1
1716.79,13,339,0,0,1,0,1,1953.7,0,0
5517.54,5,20,1,1,1,1,4,1998.22,1,1
1614.52,13,1113,0,0,0,0,3,2495.14,0,0
7424.01,3,229,0,1,1,3,1,3728.28,0,1
11571.89,5,153,1,0,3,3,7,1865.42,1,1
2390.04,13,1143,0,1,0,1,5,2182.16,0,0
2795.56,16,228,0,0,0,1,3,2215.51,0,0
2239.47,22,489,1,0,0,1,0,1642.35,0,0
2412.93,12,367,0,0,0,0,3,1445.76,0,0
1857.43,11,724,0,0,0,1,2,612.74,0,0
1526.47,8,641,1,0,0,1,3,1622.22,0,0
7098.42,12,172,0,1,5,4,7,2901.33,0,1
1235.66,9,980,0,0,0,0,4,2628.73,0,0
3452.3,16,1431,0,0,0,2,3,2036.18,0,0
1540.55,11,580,0,1,1,0,0,3709.02,0,0
4323.79,1,206,1,1,4,4,12,1962.83,1,1
6715.5,5,59,1,1,2,3,9,1857.13,1,1
7161.13,3,146,1,1,4,6,4,1859.36,1,1
1943.33,10,945,0,0,0,1,8,1396.38,0,0
3642.7,22,85,1,1,2,5,8,1441.3,1,1
2638.59,20,171,1,1,5,1,7,3113.09,0,1
8378.38,5,71,1,1,5,6,13,1464.93,0,1
8261.96,2,212,0,1,3,4,9,1484.31,1,1
4130.37,0,162,1,1,4,4,9,1619.64,1,1
5574.22,0,178,1,1,3,5,4,2593.9,1,1
2189.04,16,330,0,0,0,2,6,1852.57,0,0
14666.67,7,138,1,1,3,6,4,1782.54,1,1
1926.94,17,1398,0,0,0,1,4,1401.51,0,0
5541.23,1,147,0,1,5,6,9,2180.53,1,1
1628.88,16,1044,0,0,0,1,2,1126.71,0,0
1265.1,12,151,0,0,2,2,7,1138.92,0,0
2168.64,9,845,0,0,1,0,4,3176.39,0,0
2633.01,19,1325,0,0,0,0,2,1193.07,0,0
15605.47,21,40,1,1,3,1,11,2213.73,0,1
3404.16,9,991,1,0,0,0,4,1543.83,0,0
4507.11,8,253,0,0,0,0,2,1805.71,0,0
3033.86,11,747,0,1,0,1,1,3591.16,0,0
1571.85,11,315,0,0,0,0,2,2003.95,0,0
1411.97,2,94,1,1,3,3,9,1272.77,0,1
2707.64,21,1036,0,0,0,1,2,2911.9,0,0
1272.8,14,386,0,0,0,0,1,1458.0,0,0
2013.57,9,1189,0,0,0,0,3,3038.9,0,0
886.9,19,226,0,0,0,0,2,1605.26,0,0
11442.0,0,150,1,1,1,1,8,1302.56,1,1
6073.07,0,83,0,1,4,3,9,1289.96,0,1
3418.28,20,224,1,0,0,0,0,2269.23,0,0
2966.53,0,29,0,1,2,1,10,3369.46,1,1
17815.57,8,234,1,1,3,4,8,2233.38,1,1
10082.32,2,180,1,1,4,5,8,984.48,0,1
2165.27,19,868,1,0,0,1,2,2570.37,0,0
2173.31,8,139,0,0,0,1,5,2894.28,0,0
2761.72,12,7,0,1,4,2,8,2034.4,1,1
2372.66,20,362,0,0,0,0,2,1485.49,0,0
2931.38,10,1015,0,0,0,0,5,1675.16,0,0
5177.09,18,203,1,1,5,4,7,1246.95,0,1
2593.59,10,187,1,1,5,2,12,746.95,1,1
5611.02,0,74,0,1,2,5,12,1304.63,1,1
1731.48,11,1344,0,0,0,1,2,2369.79,0,0
6534.01,2,136,1,1,5,1,8,1531.46,0,1
6297.81,19,1287,0,0,1,1,1,1802.64,0,0
4394.0,4,198,1,0,5,3,10,3006.76,1,1
2575.68,3,14,1,0,5,2,11,900.95,0,1
4673.41,5,193,1,1,4,4,9,2040.86,1,1
11664.51,0,237,1,1,2,4,8,2141.96,1,1
10041.87,4,73,1,1,4,3,11,3022.88,1,1
2481.49,22,1259,0,0,1,2,3,1062.81,0,0
3336.55,19,1222,0,0,0,0,4,2197.69,0,0
3796.05,11,148,0,1,5,1,5,1981.51,0,1
16979.12,2,40,1,0,3,4,10,2954.14,1,1
7519.65,12,592,0,0,0,0,3,3766.58,1,0
2781.74,16,1274,0,0,2,0,6,1187.74,0,0
4368.53,18,173,1,0,2,3,9,1250.22,1,1
6660.01,2,180,1,1,4,0,7,2070.27,1,1
2452.79,8,182,0,0,0,0,2,1575.1,0,0
1308.65,13,1078,0,0,0,3,2,1650.72,0,0
3192.32,13,307,0,0,0,1,3,3581.52,0,0
2380.87,10,723,0,0,0,0,4,1498.69,0,0
1844.06,11,170,0,0,0,0,3,2204.95,0,0
3277.31,0,152,1,1,3,3,4,2006.25,0,1
2694.12,19,228,0,0,1,0,3,1738.15,0,0
7355.09,3,138,1,1,5,4,3,2911.5,0,1
2001.62,9,79,1,0,0,0,3,1427.27,0,0
3559.82,0,103,1,1,1,5,11,3525.26,1,1
2017.04,18,419,1,0,0,0,3,1652.42,0,0
2034.08,8,1464,0,0,2,0,1,1711.91,0,0
4586.0,15,30,0,1,3,2,16,1891.85,1,1
1743.03,14,1073,0,1,0,0,1,2512.31,0,0
2806.66,12,118,0,1,2,3,8,2107.67,1,1
1373.12,19,840,0,0,0,0,1,2355.59,0,0
3312.1,18,840,0,0,0,2,3,1276.59,1,0
2096.16,14,148,0,0,0,1,1,2370.15,1,0
2212.79,14,359,0,0,0,0,1,2771.27,0,0
2601.5,22,1301,0,0,0,1,7,1437.4,0,0
5376.76,5,226,1,1,2,1,6,1774.15,1,1
4992.46,10,144,1,1,5,4,12,1118.77,1,1
2200.93,18,1048,0,0,0,0,1,629.21,0,0
1875.14,11,1425,1,0,1,1,2,3106.87,0,0
1608.85,12,403,0,0,0,0,3,2349.81,0,0
5045.89,2,166,1,1,5,4,5,2665.46,1,1
8220.3,2,39,0,1,1,6,9,1374.65,1,1
7805.68,2,179,1,1,2,0,6,1599.75,1,1
1576.83,15,1346,0,0,0,1,1,4394.58,0,0
5928.82,19,137,1,1,1,2,5,2216.19,0,1
13943.56,11,157,1,1,3,1,10,1801.76,0,1
826.68,14,186,0,0,1,0,2,2512.66,0,0
2351.49,4,110,0,1,4,3,10,2989.47,1,1
1478.27,17,200,0,0,0,3,2,2376.66,0,0
3346.3,1,8,1,1,5,3,7,2586.1,1,1
2199.6,12,621,0,0,0,0,1,2520.56,0,0
5647.68,3,17,1,0,3,3,9,1466.37,1,1
3504.69,5,173,1,1,4,3,8,3172.52,1,1
6238.34,23,24,1,1,4,4,8,1540.76,1,1
1927.03,12,625,0,1,0,0,4,3290.79,0,0
1753.14,15,1043,0,0,0,1,7,1406.31,0,0
1575.26,19,65,0,0,0,0,5,1051.96,0,0
2368.39,22,1148,0,1,0,0,3,2380.24,0,0
2562.46,5,216,1,0,3,1,5,2241.27,0,1
12177.03,3,92,0,1,5,1,12,1872.0,0,1
1916.45,19,416,0,0,1,1,0,2144.16,0,0
8082.73,5,105,0,0,3,4,9,1184.36,1,1
1740.23,20,862,0,0,1,0,5,1528.76,0,0
6368.35,14,102,1,1,4,2,9,2056.59,1,1
5444.05,4,166,1,1,3,2,8,2043.22,1,1
8106.74,19,51,1,1,3,4,4,2684.34,1,1
3769.48,0,225,1,1,5,4,9,2024.43,0,1
1964.39,15,72,0,0,1,0,1,1538.21,0,0
5622.3,14,131,0,1,5,3,6,2515.69,0,1
2116.27,19,96,0,0,0,0,1,998.85,0,0
7733.56,3,135,0,1,2,4,14,1316.3,1,1
2333.1,17,196,0,0,0,0,4,1291.75,0,0
6882.55,2,185,1,1,4,3,12,2154.42,1,1
10310.64,22,23,1,1,2,6,13,3779.94,1,1
1811.47,12,440,1,0,1,0,3,1845.98,0,0
5448.75,1,82,1,1,3,2,12,3092.44,1,1
3105.51,22,836,0,0,0,0,1,2315.29,0,0
2990.83,17,1189,0,0,0,0,4,1569.11,0,0
1288.74,14,511,0,0,1,0,4,2145.84,0,0
1900.71,21,1315,0,0,1,0,9,1289.81,0,0
3741.59,8,927,0,0,0,1,2,1600.09,0,0
2873.21,4,4,1,1,4,3,7,1956.72,1,1
5728.85,2,72,1,1,1,2,6,3716.47,1,1
1348.02,18,959,0,0,0,0,7,1694.85,0,0
3738.37,10,98,0,0,4,1,7,1544.34,1,1
2311.51,22,683,0,0,0,1,2,2103.76,0,0
1583.96,17,378,0,1,0,0,6,2202.61,0,0
12313.23,2,38,1,1,2,4,7,1421.87,1,1
1007.74,13,282,0,0,0,0,4,2261.91,0,0
18544.93,3,20,1,1,3,1,7,1524.69,1,1
4393.41,3,205,1,1,4,3,10,1278.3,1,1
11380.1,19,78,1,1,4,1,14,1620.12,1,1
2847.16,23,234,1,1,4,3,9,1471.61,0,1
3219.51,10,619,0,0,0,0,3,2196.71,0,0
7000.53,16,126,1,1,4,4,7,2097.45,1,1
12020.11,3,86,1,1,3,3,7,2337.45,1,1
7546.19,9,123,0,1,3,2,6,1492.6,1,1
3102.68,12,1334,0,0,1,1,5,1323.9,0,0
2539.11,19,1310,0,0,0,0,2,2205.51,0,0
4208.09,20,129,1,1,3,3,13,2150.86,1,1
1515.76,15,86,0,0,0,0,0,3380.9,0,0
1063.48,17,767,0,0,0,0,2,2941.59,0,0
4357.28,4,155,1,1,5,0,7,1420.67,1,1
12694.93,4,75,1,1,5,5,12,1903.41,1,1
6214.74,3,133,1,1,4,1,11,1080.44,0,1
1701.17,17,1316,0,0,0,0,1,915.33,0,0
8409.74,3,190,1,1,3,3,5,2777.0,0,1
8969.5,0,246,1,1,4,2,6,2169.77,1,1
10728.99,15,41,1,1,2,1,6,1554.91,1,1
6872.97,4,233,1,0,1,3,12,1717.88,1,1
4119.27,12,1174,0,1,0,0,2,2127.01,1,0
3970.66,2,220,1,1,1,4,9,2124.19,1,1
1698.45,8,475,0,1,0,0,1,2034.25,1,0
912.93,11,212,0,0,1,0,5,2071.75,0,0
5165.5,2,78,1,1,4,4,9,1786.82,0,1
1994.97,10,1489,0,0,0,0,1,2100.65,0,0
11026.39,4,9,1,1,5,3,7,3176.95,1,1
3116.23,0,12,1,1,3,2,11,1599.69,0,1
1089.15,10,1331,0,0,0,0,2,1811.18,0,0
3434.16,2,46,1,0,3,3,9,1814.04,0,1
2784.19,11,519,1,0,0,0,1,1499.37,0,0
4318.71,0,218,1,0,5,3,6,1184.49,1,1
1504.1,15,307,0,0,0,0,0,1461.21,0,0
9281.74,2,42,1,1,4,3,4,1585.44,1,1
6554.78,13,559,0,0,0,2,4,2897.39,0,0
2424.59,12,478,0,0,1,2,0,1483.66,0,0
2942.48,19,712,0,1,0,0,1,2121.81,0,0
2266.51,15,736,0,1,0,1,3,1183.97,0,0
2128.29,5,163,1,1,2,6,12,2538.18,1,1
1236.98,16,1324,0,0,0,0,1,1309.29,0,0
3464.76,6,58,0,1,5,4,10,1410.61,0,1
9319.03,4,187,1,0,5,2,6,1580.1,1,1
5278.55,5,40,1,1,3,2,8,1500.36,0,1
1726.63,14,1088,1,0,0,0,4,1929.47,0,0
2801.97,15,901,1,0,1,2,3,2177.16,0,0
4641.7,2,233,1,0,3,0,9,1154.05,1,1
3224.68,0,116,1,0,2,1,17,2871.47,1,1
4772.61,23,97,1,1,3,2,8,1990.19,1,1
6278.48,4,13,1,1,4,6,6,1547.54,1,1
980.72,14,500,0,0,0,0,4,2098.14,0,0
3692.49,11,562,0,0,1,0,4,1814.07,0,0
1006.62,20,822,0,0,0,1,7,1910.41,0,0
9005.7,4,24,1,1,3,1,6,1826.57,1,1
3340.81,9,591,0,0,0,1,3,1739.0,1,0
4420.34,4,144,1,1,3,1,5,1827.83,0,1
782.94,20,234,0,0,0,0,0,2104.29,1,0
3729.87,8,13,0,1,2,4,14,2051.81,1,1
12662.66,4,202,0,1,4,6,8,1236.3,1,1
5471.12,3,177,1,0,2,3,10,2113.0,1,1
11569.43,0,57,0,1,3,3,8,1032.75,1,1
4026.21,1,88,1,0,1,3,7,2325.27,0,1
10317.63,5,198,1,1,2,5,6,1033.33,1,1
6185.02,2,150,1,1,3,2,5,2188.33,1,1
4484.82,19,858,0,0,0,0,6,1546.71,0,0
9822.98,8,20,1,1,4,2,7,1001.97,1,1
3712.74,3,164,1,1,4,5,4,1690.85,0,1
1266.11,14,516,0,0,1,0,1,1538.42,0,0
1288.56,21,887,0,1,0,0,7,2101.0,0,0
3747.07,5,123,1,1,4,1,11,2282.81,0,1
3662.69,11,175,1,1,3,2,11,2222.07,1,1
2211.39,10,442,0,0,1,1,1,2288.45,0,0
1623.73,8,1381,0,0,2,0,2,2426.57,0,0
3209.12,19,1090,0,0,0,0,2,2268.73,0,0
3878.35,3,48,1,1,5,2,8,1672.95,0,1
1026.99,19,941,0,0,0,1,2,1962.17,0,0
4796.08,5,32,1,1,1,2,6,1924.09,1,1
3935.3,5,206,1,1,5,3,12,1481.31,1,1
983.9,12,391,1,0,0,2,1,1459.98,0,0
1991.32,20,705,0,0,0,1,4,1183.9,0,0
10922.71,5,119,0,1,4,1,13,1653.98,1,1
5937.58,10,158,1,1,3,4,9,2065.14,1,1
5295.39,1,204,1,1,2,2,10,1452.38,1,1
2591.28,14,1043,0,0,0,0,2,1380.25,0,0
942.09,19,130,0,0,0,0,6,1419.12,1,0
3162.75,2,141,1,1,3,6,9,1991.21,1,1
1229.58,9,710,0,0,0,0,3,2067.45,0,0
1843.14,17,474,0,1,1,1,2,2357.13,0,0
2011.3,15,853,0,0,0,1,1,1726.07,0,0
20086.56,0,244,1,1,5,5,7,1644.21,1,1
2340.95,22,1314,0,0,0,0,0,2889.67,0,0
10831.65,13,28,1,1,3,1,8,1861.84,1,1
6424.2,2,176,1,1,5,3,12,1563.49,1,1
5515.94,1,228,0,0,4,3,14,1532.03,1,1
4467.57,20,77,1,1,3,4,14,1207.37,0,1
9524.37,1,19,1,0,5,4,10,1406.35,1,1
2178.24,14,1050,0,0,0,1,1,2860.47,0,0
3183.06,10,651,0,1,0,0,2,1731.98,0,0
9834.76,4,149,1,1,5,2,4,2280.17,1,1
1536.04,9,724,0,0,0,0,3,2116.18,0,0
8360.21,0,64,1,1,2,6,13,1105.3,0,1
1965.64,9,1178,0,0,0,0,3,2312.46,0,0
7956.28,1,91,1,0,3,1,6,1445.34,1,1
3458.62,12,1419,0,0,0,0,4,2435.89,0,0
3659.67,11,220,1,0,0,0,7,1025.58,0,0
2379.37,17,573,0,0,0,0,1,1888.45,0,0
7420.34,3,230,1,1,4,6,8,1305.3,0,1
1939.62,19,598,0,0,0,1,7,1929.65,0,0
1672.38,18,676,0,1,0,0,2,2305.27,0,0
3087.4,9,315,1,0,1,0,9,1716.32,0,0
7496.22,5,135,1,1,3,3,6,2340.29,1,1
3427.64,22,255,0,0,0,1,6,2324.32,0,0
1147.54,19,387,0,0,0,2,6,1199.52,0,0
11471.75,2,133,1,0,5,1,10,2854.35,0,1
1104.22,9,581,0,0,0,0,1,1253.41,0,0
5252.16,0,203,1,1,2,6,11,2266.3,1,1
3583.73,0,219,1,1,1,1,11,1801.27,1,1
5176.99,11,236,1,1,3,4,8,3390.83,0,1
2108.68,19,1188,0,0,0,2,3,2069.32,0,0
1459.84,11,257,0,0,1,0,2,1748.88,0,0
4651.17,15,142,1,1,1,2,8,3202.86,1,1
2001.0,20,1292,0,0,0,5,0,946.26,0,0
1964.93,19,836,0,0,0,0,4,1621.04,0,0
3960.76,13,184,0,0,0,1,4,2297.31,0,0
2131.58,14,909,0,0,2,0,1,2271.55,0,0
11353.29,0,24,1,1,1,1,4,1668.25,0,1
2306.6,10,1265,0,1,0,2,3,1692.39,0,0
9092.53,2,25,1,1,3,1,14,1934.05,1,1
8723.88,5,62,1,0,3,1,6,1343.9,1,1
5976.51,13,169,1,1,4,1,16,1059.7,1,1
1195.79,20,738,0,0,2,0,4,1966.05,0,0
1295.97,22,751,0,0,0,1,2,1845.37,0,0
11177.48,0,156,1,0,4,4,6,1392.0,1,1
2328.14,15,1088,1,0,0,0,4,1632.16,0,0
4795.77,20,523,0,0,0,1,1,3377.78,0,0
2220.14,12,847,0,0,1,1,1,1203.99,0,0
10196.93,14,45,1,0,1,3,4,2605.08,1,1
11101.22,4,246,0,1,2,3,6,1162.22,1,1
11789.57,6,65,0,0,2,2,4,1642.56,1,1
1991.66,8,824,0,0,0,0,2,1656.77,0,0
2012.89,10,587,0,0,0,0,2,2008.98,0,0
860.19,15,1421,1,0,0,0,4,2138.39,1,0
1343.76,19,644,0,0,0,1,0,2464.79,0,0
769.03,16,1252,0,0,1,0,2,1201.02,1,0
2329.07,16,940,0,0,1,1,1,1674.87,0,0
1134.37,16,115,0,0,1,0,1,1096.64,0,0
1059.1,14,1370,0,0,0,0,4,1952.89,0,0
2829.24,15,782,0,0,0,0,4,1592.16,0,0
2889.76,10,32,1,1,4,3,11,1718.4,1,1
2106.25,15,720,0,0,0,0,3,4252.02,0,0
3460.23,15,1195,0,0,0,0,4,1127.72,0,0
3571.35,9,1398,0,0,1,0,5,1682.65,0,0
1322.8,22,1322,1,0,0,0,3,1572.86,0,0
2232.21,12,1341,0,0,0,2,5,3107.6,0,0
3959.22,2,165,1,1,5,7,10,1603.57,1,1
8269.36,4,59,1,0,3,0,10,3946.56,1,1
8687.46,4,192,1,0,2,2,9,1651.58,1,1
4388.85,13,864,0,0,1,0,1,2296.6,0,0
1449.26,20,1085,1,0,1,0,2,2327.55,0,0
8202.45,17,119,1,0,1,3,6,1707.6,0,1
7218.16,21,232,1,1,2,1,7,1171.14,0,1
1937.25,15,842,0,0,1,0,1,1720.36,0,0
2526.55,22,1053,0,0,0,0,1,1699.62,0,0
2490.9,15,1227,0,0,0,1,2,1774.93,0,0
2777.48,21,1076,0,0,0,1,3,2511.37,0,0
21522.96,22,11,1,0,3,2,6,2426.29,1,1
1511.24,22,1248,1,0,0,1,4,1286.67,0,0
5730.74,4,4,1,1,1,3,3,1443.71,0,1
3838.08,18,368,0,0,0,1,3,1598.49,0,0
6959.61,1,125,1,1,4,3,7,2115.32,1,1
1383.31,8,70,0,0,0,3,5,1637.96,0,0
4273.58,1,59,1,1,3,4,5,2000.82,0,1
12559.45,0,162,1,1,4,3,10,2909.22,1,1
2077.48,19,346,0,0,0,0,5,2417.59,0,0
7900.64,5,52,1,1,4,2,9,1152.69,1,1
2210.77,4,62,1,1,5,2,3,2334.88,0,1
1157.76,8,776,0,0,0,1,2,890.97,0,0
3361.24,13,239,1,0,4,5,8,3225.95,1,1
1391.6,15,980,0,0,0,0,1,1977.22,0,0
3175.65,14,118,0,0,1,1,1,3416.46,0,0
7281.4,0,226,1,1,3,5,13,1375.66,1,1
1676.02,20,997,0,0,0,0,3,1309.29,1,0
7090.53,3,145,1,1,1,6,3,1980.36,1,1
3673.35,22,521,0,0,0,1,4,1654.68,0,0
5641.45,2,200,1,1,5,2,10,2164.51,1,1
828.9,9,935,0,0,1,1,1,4490.12,0,0
1235.61,8,402,0,0,0,0,2,1816.95,0,0
6047.04,3,54,1,1,2,3,11,3218.53,0,1
8439.32,1,245,1,1,5,1,7,2397.62,1,1
3499.74,9,1120,0,0,0,1,5,1658.36,0,0
9247.61,4,32,1,1,3,4,9,2275.48,0,1
1469.02,11,829,0,0,0,0,2,2293.16,0,0
4623.3,1,11,1,0,1,3,6,1649.63,0,1
2724.0,21,114,0,1,2,0,1,2295.21,0,0
3632.62,3,193,1,1,2,3,11,4376.72,1,1
1799.08,16,1375,0,0,0,1,4,1108.09,1,0
1410.58,16,956,1,0,1,0,3,3779.96,0,0
22474.73,0,43,1,1,5,3,4,1409.83,1,1
1979.98,8,184,1,1,2,2,6,2822.02,1,1
2072.92,14,1115,0,0,0,0,4,1770.98,0,0
2452.87,15,996,0,0,0,0,4,1142.42,0,0
4346.38,4,235,1,1,3,1,8,1882.01,0,1
2449.59,11,943,0,0,0,0,2,4575.01,0,0
2922.03,21,390,1,0,0,1,4,2260.75,0,0
4487.48,22,1379,0,0,0,1,3,2212.62,0,0
2359.8,8,543,1,0,2,1,2,2103.31,0,0
4155.44,3,201,1,1,1,8,4,1273.01,1,1
4428.8,23,205,1,1,3,3,7,1056.08,0,1
2111.57,21,1049,0,0,0,2,4,1614.78,0,0
2081.17,8,432,0,0,0,3,5,1152.41,0,0
781.91,11,159,0,0,1,1,5,2109.54,0,0
14680.67,4,85,1,0,4,2,5,1322.09,1,1
12599.94,3,184,0,1,4,2,9,1261.21,1,1
10424.5,1,128,1,1,1,3,11,2343.81,0,1
2218.8,10,1472,0,0,0,0,5,1729.82,0,0
2445.11,11,284,0,0,0,1,5,2886.23,0,0
1905.01,17,372,0,0,0,0,5,3395.04,1,0
2296.99,15,1266,0,0,0,1,2,1431.92,0,0
1120.09,22,563,0,0,2,0,4,1897.77,0,0
3268.05,3,97,1,1,4,2,13,1678.65,1,1
5073.39,2,92,0,1,5,2,8,1444.71,1,1
4056.88,2,27,1,1,3,4,12,1434.07,1,1
4611.89,21,1381,0,1,0,0,3,840.59,0,0
1693.76,18,964,0,0,1,1,4,2139.03,0,0
17968.91,11,205,0,1,4,2,5,2509.71,1,1
2789.89,21,1373,0,0,1,0,1,2408.56,1,0
13698.06,1,46,1,0,3,0,4,1779.96,1,1
2085.62,9,132,0,0,1,1,3,1114.09,0,0
4890.65,11,1071,0,0,0,0,0,2962.68,0,0
13346.49,3,44,0,1,4,1,8,1215.89,1,1
1061.59,18,472,0,0,0,0,2,2386.69,0,0
1894.54,18,1336,0,0,0,1,4,3473.02,0,0
3643.37,1,114,1,1,1,2,7,1260.89,0,1
2500.8,5,39,1,0,3,5,5,2266.83,0,1
2924.58,18,1098,0,0,1,1,4,1866.52,0,0
1852.49,12,394,0,0,0,1,2,2200.04,0,0
1713.69,12,273,0,0,0,0,5,1421.53,0,0
15155.07,3,212,1,1,2,2,11,2787.89,1,1
2276.06,14,1276,0,0,0,0,1,1775.27,0,0
3076.1,15,1440,0,0,0,2,3,1231.64,0,0
4100.31,1,213,1,0,3,2,8,2194.01,1,1
777.58,20,1342,0,0,0,0,2,1630.45,0,0
3981.89,4,106,1,1,3,0,5,3160.26,1,1
8234.4,4,189,1,1,5,3,11,885.25,0,1
3796.84,12,1189,0,0,0,1,4,1241.11,0,0
1695.38,22,853,0,0,0,0,2,1452.19,0,0
1596.89,16,165,1,0,0,0,2,3203.79,0,0
7599.53,1,153,1,1,5,4,7,2094.5,1,1
10041.26,1,155,1,1,1,2,6,2630.29,1,1
1911.0,3,2,1,1,2,3,19,1396.8,0,1
3475.01,22,303,0,0,0,2,2,2142.58,0,0
8557.37,10,46,1,0,1,4,10,1506.39,1,1
7993.37,5,111,1,1,3,1,4,2052.2,1,1
6053.59,12,172,1,1,3,3,7,1393.51,1,1
3651.6,1,1,1,1,4,1,6,2091.56,1,1
1982.74,20,965,0,0,1,0,1,1668.49,0,0
1569.36,8,673,0,0,0,0,4,1077.06,0,0
10654.25,1,12,1,0,1,2,9,2703.77,1,1
12275.3,0,165,1,1,1,5,10,1968.05,1,1
2563.9,9,197,0,0,2,1,3,1646.96,0,0
2585.39,12,1162,0,0,1,0,6,2228.32,0,0
3951.91,21,1211,0,0,0,0,3,1078.43,0,0
7843.79,4,168,1,1,5,3,10,3891.48,1,1
2102.79,11,602,0,0,0,4,0,1963.84,0,0
2195.93,18,547,0,0,2,1,2,1705.79,0,0
1312.05,20,359,0,0,1,0,1,1831.3,0,0
946.51,14,324,1,0,1,0,4,2605.61,0,0
2168.81,14,284,0,0,1,0,1,1112.08,0,0
1730.7,11,467,0,0,0,0,1,1228.53,0,0
7685.33,1,209,1,1,3,1,6,2043.73,0,1
1787.28,10,827,0,0,0,1,3,2647.45,0,0
758.92,12,401,0,0,0,0,0,1965.57,1,0
1081.19,13,587,0,0,0,0,4,2105.77,0,0
9815.06,2,58,0,1,3,4,6,1443.88,0,1
10979.12,5,202,1,1,3,5,9,1458.8,0,1
8486.57,21,131,1,0,4,1,11,1332.49,1,1
4214.35,5,122,1,1,5,4,10,2469.89,1,1
3099.76,9,287,0,0,0,0,0,1174.6,0,0
1866.71,11,814,0,0,0,0,4,1102.69,0,0
2602.33,11,680,0,0,1,0,1,2040.33,0,0
7178.16,1,32,0,1,1,2,8,886.27,1,1
1578.06,15,218,0,0,2,0,4,1484.8,0,0
5571.04,1,227,1,1,2,7,10,893.43,0,1
1190.95,19,1034,0,0,0,3,4,2156.1,0,0
8260.19,5,42,1,1,1,3,5,2009.34,0,1
2571.77,2,46,0,1,5,7,4,2150.23,0,1
4638.27,4,66,1,1,1,4,13,2284.29,1,1
4324.89,2,44,1,1,4,2,11,2237.21,1,1
1242.56,13,821,0,0,0,1,2,1276.19,0,0
992.71,15,1022,0,0,0,1,4,1664.12,0,0
3279.19,22,621,0,0,0,1,2,3904.54,0,0
15764.44,1,102,1,1,3,3,7,1854.06,1,1
4670.64,0,161,1,1,2,3,10,2186.03,1,1
2641.32,16,1304,0,0,0,0,4,2007.99,0,0
4935.71,18,122,1,0,3,4,15,2155.45,1,1
2300.94,19,368,0,0,0,2,3,2347.12,0,0
2242.31,20,1120,1,0,1,1,4,1644.83,0,0
1386.16,17,182,1,0,1,1,2,1567.52,0,0
12649.86,3,80,1,1,3,2,8,2033.45,1,1
3058.1,2,222,0,1,3,0,5,2845.17,1,1
1836.09,5,23,1,1,2,6,8,2911.82,1,1
2935.1,12,1436,0,0,1,0,2,1910.12,0,0
1840.95,15,1475,0,0,0,1,2,1877.3,0,0
3343.22,3,30,0,1,5,3,5,1517.24,1,1
1011.38,16,122,0,0,1,0,5,1582.12,0,0
2598.85,7,160,1,1,5,4,7,2360.68,1,1
3700.63,14,203,0,0,1,4,6,1597.06,1,1
1435.23,8,536,0,0,1,0,3,1979.55,0,0
5745.64,22,4,1,1,3,2,9,2429.39,1,1
3575.08,15,383,1,1,0,0,2,1499.96,0,0
2226.46,14,1323,0,0,0,2,4,2755.1,0,0
4196.15,3,19,1,1,4,2,9,2236.72,1,1
10016.72,2,235,1,1,4,4,6,1479.75,1,1
1372.89,21,452,0,0,0,0,4,1775.77,0,0
1498.79,16,698,1,0,0,1,6,1894.17,0,0
10352.08,3,199,1,1,4,0,13,1164.07,1,1
3299.36,0,122,1,1,5,2,9,1365.03,1,1
15433.17,15,61,1,1,5,1,11,569.38,1,1
4351.59,14,1420,0,1,0,1,3,2574.55,0,0
2768.81,18,985,0,0,0,0,1,1965.54,0,0
3025.95,3,74,1,1,3,2,7,2363.54,1,1
4712.7,3,39,0,0,2,7,9,2293.21,1,1
1658.41,10,292,0,1,1,0,0,1123.72,0,0
6291.56,5,246,1,1,2,1,8,1782.53,1,1
5873.21,0,119,0,0,5,2,15,3175.5,1,1
4947.45,1,147,1,1,4,6,9,2209.39,1,1
3295.35,17,536,0,0,0,0,1,2221.39,0,0
10088.77,3,119,0,1,3,2,9,3280.41,1,1
1181.61,8,1337,0,0,2,0,0,1652.63,0,0
2157.12,9,1298,0,0,0,0,3,3309.54,0,0
3181.62,21,568,0,0,0,0,6,1020.5,0,0
1083.53,13,1170,0,1,0,1,4,2140.51,1,0
1902.09,1,178,1,1,3,2,6,2255.75,1,1
912.2,12,74,0,0,0,0,4,2825.08,0,0
12292.17,10,133,1,1,4,2,4,2774.99,1,1
1292.74,11,279,0,0,1,0,2,2039.06,0,0
5107.5,3,162,1,1,5,4,8,2511.53,0,1
8598.64,4,81,0,1,1,6,10,1086.47,1,1
3938.33,2,207,1,1,3,3,4,2161.82,1,1
4245.83,16,863,0,0,1,1,2,2246.47,0,0
16456.94,2,143,1,1,5,4,12,1643.86,1,1
3032.91,14,1180,0,0,1,0,2,1533.58,0,0
808.01,20,1024,0,0,0,1,4,2214.93,0,0
11041.85,9,54,1,1,3,6,14,991.64,0,1
1491.91,5,41,1,1,4,2,9,1264.97,1,1
3793.71,5,63,1,0,5,2,7,984.0,0,1
1615.01,11,240,1,0,0,1,1,1463.68,0,0
651.41,16,534,1,0,1,0,2,2561.35,0,0
5090.06,9,143,1,0,2,5,3,2752.15,0,1
3584.58,5,175,1,1,2,4,7,1691.36,0,1
2133.3,22,849,0,0,0,1,2,1284.28,0,0
2763.33,9,669,0,0,1,0,2,2487.83,0,0
1282.71,16,1104,0,0,0,1,6,2560.26,0,0
5022.3,1,51,1,0,4,2,6,1514.5,0,1
2269.12,4,173,1,1,4,4,14,1389.14,1,1
4493.24,11,1092,0,0,0,1,2,1174.58,0,0
1175.52,15,791,0,0,0,1,4,1322.53,0,0
8502.96,14,77,1,1,2,3,9,2081.36,1,1
6796.96,11,155,1,1,4,4,10,1655.78,0,1
2287.84,11,1066,0,0,1,0,3,1230.56,0,0
1166.57,15,394,0,0,0,2,4,2027.07,0,0
8367.43,5,107,1,1,5,5,9,1616.47,1,1
2020.32,19,994,0,0,0,0,1,1625.09,0,0
5792.97,5,235,1,1,4,5,8,3137.23,1,1
1478.41,19,513,0,0,0,1,2,2180.65,0,0
6640.95,19,261,0,0,0,0,1,1286.51,0,0
2511.69,14,506,0,0,0,0,6,2149.73,0,0
2403.34,17,1271,0,0,0,0,2,2119.65,0,0
9640.24,2,126,1,1,5,4,7,2084.65,0,1
3178.46,11,186,0,0,0,0,5,2027.86,0,0
4505.29,2,182,1,1,4,2,8,1231.23,0,1
2896.85,17,1189,0,0,0,0,6,2128.54,0,0
817.7,13,509,0,1,1,0,6,1800.73,0,0
4334.97,13,208,0,0,2,2,4,3299.7,0,0
1936.59,13,1024,0,0,0,1,7,1659.6,0,0
2728.79,9,513,0,0,0,0,4,1623.51,0,0
5214.3,12,237,1,1,2,4,11,1331.2,1,1
1474.66,8,836,0,0,0,1,2,1774.27,0,0
6217.27,2,199,1,1,4,3,10,1327.01,1,1
2206.8,11,400,0,0,0,0,5,4017.12,0,0
4092.22,5,131,1,1,2,3,6,2572.71,1,1
4944.6,15,91,1,1,3,1,7,1578.25,1,1
9305.76,4,188,0,1,4,4,9,1131.84,1,1
7500.84,1,186,1,1,3,3,9,1696.93,1,1
2163.97,3,163,1,1,5,3,8,2845.84,1,1
1648.7,16,334,0,0,0,0,2,1978.0,0,0
5241.71,4,154,1,0,5,3,7,1305.38,1,1
2736.88,15,1264,0,1,0,0,2,3030.77,0,0
3032.62,18,225,1,1,5,1,7,1956.94,0,1
1160.18,8,791,0,0,1,0,9,1181.01,0,0
3576.05,0,111,0,0,4,2,11,2739.6,1,1
9772.76,19,217,1,1,2,4,4,1801.59,1,1
1418.48,13,214,0,0,0,0,7,2717.88,0,0
2626.55,16,215,0,0,1,0,3,1609.75,0,0
5093.83,1,244,0,0,5,2,7,1738.84,0,1
10084.73,5,92,1,1,5,6,12,1534.84,1,1
5519.42,1,164,1,1,3,3,5,1835.27,1,1
4323.76,3,188,1,1,2,4,11,1888.05,1,1
1171.93,19,1356,0,0,1,0,2,2298.7,0,0
1735.47,15,805,0,0,1,0,3,1184.61,0,0
4044.55,5,23,1,1,1,5,6,2170.55,0,1
13356.26,1,168,1,1,4,5,6,1405.21,1,1
1947.23,19,118,1,1,4,1,6,2098.25,0,1
7005.98,1,108,1,0,4,2,12,1313.4,1,1
9875.98,12,13,1,1,5,5,11,3604.8,1,1
8365.3,13,140,1,1,5,5,6,2850.94,1,1
1253.33,15,696,0,0,0,1,2,1161.33,0,0
5398.16,21,557,0,0,0,1,0,1717.26,0,0
1629.58,13,98,0,1,0,0,4,1863.37,0,0
1838.85,10,1236,0,0,0,0,1,1758.81,0,0
4673.61,22,1428,0,0,0,0,0,1323.12,0,0
1398.08,14,1470,0,0,0,0,3,3208.33,0,0
6832.67,5,32,1,1,5,3,5,1999.11,0,1
2433.51,22,1132,0,0,1,0,3,1995.43,0,0
2219.7,10,1127,0,0,0,0,3,1367.81,1,0
1916.01,11,1387,0,0,0,0,4,1737.01,0,0
1272.92,20,538,0,0,0,0,3,2140.22,0,0
3015.68,18,332,0,0,0,0,4,1411.27,0,0
2271.68,12,1325,1,0,0,0,1,1714.39,0,0
1397.89,19,416,0,0,0,0,2,1883.12,0,0
1054.58,18,953,0,1,0,2,7,1806.39,0,0
9737.96,19,92,1,0,4,2,6,1166.07,1,1
2984.01,11,203,0,0,1,0,1,2127.09,0,0
9223.5,3,243,1,1,5,3,11,2299.66,0,1
8353.37,14,6,1,1,4,4,9,1441.23,1,1
1605.07,16,526,0,0,0,0,5,1758.9,0,0
2577.66,3,72,1,1,2,4,8,2527.77,0,1
874.43,9,878,0,0,0,1,3,1291.27,0,0
3823.63,14,899,0,0,0,0,2,774.56,0,0
1849.75,18,448,1,0,0,0,1,1989.59,0,0
769.75,21,148,0,0,0,0,3,993.5,0,0
1399.84,16,360,1,0,0,1,5,2466.36,0,0
12560.77,5,105,1,1,2,0,9,2333.37,1,1
4729.68,14,1056,0,0,0,0,1,1622.75,0,0
7402.58,23,79,0,1,4,2,5,1441.43,1,1
5786.65,23,92,1,1,2,1,8,1884.45,1,1
2167.31,14,614,0,0,2,1,0,3070.67,0,0
3280.0,2,24,1,1,3,7,6,1516.89,1,1
2425.85,17,787,0,0,0,0,3,1983.26,0,0
4998.98,2,44,0,1,1,2,9,1047.25,1,1
5613.07,1,18,1,1,4,4,5,1867.27,1,1
5084.38,1,27,1,1,3,1,3,2505.53,1,1
9258.62,2,141,1,1,5,3,16,1221.43,1,1
7403.2,4,54,0,1,5,8,10,2809.22,1,1
7258.08,4,103,1,1,4,4,9,1180.77,1,1
9414.37,21,245,1,1,4,5,8,1375.84,0,1
1974.23,17,1032,0,0,0,1,3,1349.69,0,0
1937.79,15,1181,0,0,0,0,1,1722.77,0,0
3394.68,1,85,1,0,2,4,8,2152.24,1,1
4683.01,2,218,0,0,3,1,6,2876.55,1,1
4463.41,14,459,0,0,0,0,3,1380.18,0,0
11672.24,4,42,1,1,4,5,7,1826.85,1,1
3675.76,1,9,0,1,1,3,9,954.03,1,1
2246.88,22,1018,0,0,0,0,5,2486.45,0,0
5680.04,6,119,1,1,5,5,5,1073.51,1,1
12333.9,0,246,1,1,4,4,7,1224.31,1,1
1275.87,19,693,0,0,0,0,4,1337.95,0,0
2331.86,9,356,0,0,1,1,3,1806.62,0,0
8483.31,4,199,1,1,3,1,6,1328.05,1,1
1871.93,10,258,0,0,0,0,0,1392.62,0,0
1362.94,14,1439,0,0,0,1,3,1032.67,0,0
1278.21,9,504,0,0,1,1,7,1797.55,0,0
6086.02,12,145,1,1,2,4,10,2131.16,1,1
9908.83,18,209,1,1,4,2,12,2225.87,1,1
4670.24,20,127,0,0,0,0,2,2023.35,0,0
3490.92,18,127,0,1,0,1,2,1421.99,0,0
10953.93,18,69,0,1,4,2,8,2477.12,1,1
1098.92,15,751,0,0,0,1,2,1765.83,0,0
1062.0,16,157,0,0,0,0,1,3304.29,0,0
1950.59,16,1239,0,0,0,0,0,1150.11,1,0
19039.17,14,37,1,1,5,2,9,1225.17,1,1
11577.62,3,240,1,0,3,4,4,1013.35,1,1
3441.01,19,901,0,0,0,0,9,1212.19,0,0
17464.11,4,69,1,1,2,5,5,1200.01,0,1
907.74,8,1187,0,0,1,0,4,1023.82,0,0
4248.51,17,571,0,0,0,0,5,2156.63,0,0
4498.71,19,920,1,0,0,0,1,1175.54,0,0
7054.0,4,30,1,1,1,4,8,1067.91,1,1
7684.28,22,103,1,1,5,3,7,2185.22,1,1
3461.44,8,362,0,0,2,1,3,1270.56,0,0
4935.66,7,74,1,0,2,3,16,1805.17,1,1
4447.51,0,17,0,1,4,4,10,2680.29,0,1
2125.29,7,23,1,1,5,5,4,1781.6,0,1
2990.11,17,547,0,0,2,1,1,1903.3,0,0
9932.67,15,223,1,1,3,3,7,2193.19,1,1
2875.86,11,518,0,0,0,1,0,1848.1,0,0
3476.87,15,880,0,0,0,0,2,2069.71,0,0
1720.51,10,1112,0,0,0,0,5,1841.98,0,0
8947.6,2,219,1,1,4,4,6,2113.27,1,1
7846.7,22,150,1,1,4,4,3,981.36,0,1
8536.92,13,121,0,1,5,0,3,995.64,1,1
16556.94,2,87,1,1,5,2,5,1966.66,0,1
2534.35,18,170,1,1,4,2,4,1426.35,1,1
8310.73,22,26,1,1,5,2,11,1802.54,1,1
4831.56,4,2,1,1,1,3,8,2026.19,1,1
12488.06,20,136,1,1,2,5,8,2133.22,1,1
7238.36,23,161,1,0,3,3,6,1054.06,0,1
12978.53,0,127,1,1,5,3,15,1676.16,1,1
1627.61,17,1414,0,0,1,0,0,2778.78,0,0
7793.1,5,58,1,0,5,4,8,1022.44,1,1
2438.31,9,664,0,0,0,1,4,2499.0,0,0
6441.49,6,131,1,1,2,4,9,1519.31,0,1
1189.89,1,160,1,1,5,3,7,1029.59,1,1
1498.29,13,71,0,1,1,2,3,2214.09,0,0
5038.09,2,115,1,1,3,3,7,1975.85,1,1
671.82,11,1333,0,0,0,0,3,2623.62,0,0
6841.95,17,193,0,1,1,2,9,1782.43,1,1
7080.51,0,74,1,1,3,2,7,2410.44,1,1
9742.54,2,16,1,1,4,1,9,1110.35,0,1
2478.47,13,876,0,0,0,0,4,1808.64,0,0
12553.35,23,82,0,0,1,7,14,1234.63,0,1
1342.56,10,480,0,0,0,0,4,2356.68,0,0
1380.47,20,819,0,0,2,0,6,2574.1,0,0
1632.15,21,967,1,0,0,0,4,1602.41,0,0
4235.06,11,159,0,0,0,0,6,1998.31,0,0
2324.22,10,844,1,0,0,1,4,3057.0,0,0
4604.1,5,27,1,1,3,3,8,2235.45,1,1
21932.48,2,232,1,1,5,3,11,2395.81,1,1
7625.03,3,213,1,1,5,3,5,1926.26,1,1
7519.02,5,60,1,1,3,3,8,2769.97,1,1
9622.16,17,28,1,1,5,3,12,1985.71,1,1
2525.01,20,472,0,0,0,1,2,1412.89,0,0
8121.99,11,41,1,1,3,4,10,1273.95,0,1
6104.25,2,41,1,1,3,3,6,1014.78,1,1
9567.89,5,188,1,1,1,2,4,2460.91,1,1
4179.95,4,10,1,1,4,2,4,1593.08,1,1
2116.58,10,443,0,0,2,0,1,3578.04,0,0
2830.65,7,34,1,1,5,0,8,2497.36,0,1
4907.68,1,247,1,1,2,5,5,968.7,0,1
1215.67,18,825,1,1,1,0,2,2008.27,0,0
12998.19,2,116,1,0,3,2,8,1406.37,0,1
7760.98,0,185,1,1,3,7,7,1117.84,1,1
2614.62,8,1429,0,0,0,1,2,2035.4,0,0
2114.94,8,1224,0,1,1,1,2,1961.16,0,0
1631.84,12,1040,0,0,0,0,2,2871.78,0,0
1094.59,22,1048,0,0,0,2,1,3432.12,0,0
4750.48,3,35,1,1,4,3,11,1225.75,1,1
1081.69,10,1158,0,0,0,0,3,2825.23,0,0
1406.48,17,290,1,0,0,0,1,2175.75,0,0
4535.76,5,37,1,1,3,1,7,1290.45,1,1
2732.49,18,717,0,0,0,0,2,1962.63,0,0
7149.53,15,63,1,0,5,2,8,1448.18,1,1
6330.45,19,197,1,1,5,3,5,1757.66,1,1
7185.94,2,107,1,1,3,6,9,2138.96,1,1
5891.3,0,208,1,1,5,1,7,2098.46,1,1
1891.21,10,1379,0,0,0,1,1,1638.23,0,0
2255.81,8,1174,0,0,0,1,2,1655.48,0,0
6795.15,1,235,1,1,4,3,9,1168.94,1,1
4939.7,3,65,1,1,5,1,7,1349.37,1,1
6614.42,5,82,1,1,3,3,13,1135.69,1,1
6325.58,21,153,1,1,4,1,8,1136.02,1,1
6862.7,4,217,0,1,5,2,8,1315.04,0,1
5066.15,10,188,1,1,1,2,5,2022.3,1,1
4486.84,2,90,0,1,4,8,4,1455.23,1,1
4967.03,1,78,1,1,2,5,3,2233.97,1,1
7303.2,1,96,1,1,4,2,11,1788.24,1,1
1349.53,14,1407,0,0,0,0,1,1480.84,0,0
6142.91,4,110,1,1,5,1,6,2228.0,1,1
1969.13,10,1333,0,1,0,0,3,1702.44,0,0
2780.11,15,994,1,0,0,0,3,1781.12,0,0
6627.3,12,105,0,1,5,1,5,1691.66,1,1
1586.94,11,1208,0,0,1,0,3,3104.45,0,0
8653.52,5,86,1,1,1,3,4,1752.33,0,1
4635.1,16,218,1,1,5,5,6,2158.46,0,1
3518.65,11,367,1,0,0,0,1,1757.25,0,0
2351.69,16,244,1,1,3,3,3,3728.12,1,1
1776.41,10,1279,0,0,1,0,1,2249.81,0,0
11800.81,5,3,1,0,4,2,13,859.36,1,1
7202.93,12,114,1,1,4,3,9,1907.9,1,1
1824.28,21,1066,0,1,0,1,3,2848.11,0,0
7084.27,3,94,1,0,3,3,13,1751.28,1,1
2598.91,16,1389,0,1,0,0,6,1083.76,0,0
7419.7,20,120,1,1,5,5,8,2581.87,0,1
1815.47,18,1049,0,0,1,0,4,3426.53,0,0
1146.7,21,751,0,0,0,0,7,2567.61,0,0
5159.15,2,50,1,0,3,5,4,2447.79,1,1
2856.78,19,35,1,0,3,1,7,2111.67,1,1
2686.57,0,108,1,1,5,4,4,2059.63,0,1
2628.02,18,520,0,0,0,0,0,2368.73,0,0
6197.35,22,42,1,1,1,3,7,1157.87,1,1
2624.79,8,1329,0,0,0,0,6,1255.1,0,0
5157.58,4,21,1,1,5,5,8,1851.89,1,1
3920.78,20,36,1,1,5,1,10,2104.84,1,1
1730.2,20,398,0,0,0,2,4,3153.94,1,0
8471.77,19,12,0,1,2,3,9,2472.49,1,1
7744.75,11,132,1,1,3,2,12,1986.24,1,1
1729.97,14,263,0,0,0,0,4,1092.93,1,0
5894.34,5,225,1,0,3,3,8,1529.43,1,1
3932.06,11,91,1,1,3,1,7,2050.78,1,1
5544.9,3,159,0,1,3,4,3,2640.79,0,1
1603.12,8,673,0,1,0,0,0,1659.04,0,0
1614.21,14,1499,0,0,1,0,4,1724.37,0,0
6111.44,5,48,1,1,2,3,7,1999.76,1,1
5055.05,2,157,1,1,1,3,5,1164.13,1,1
4909.62,14,970,0,0,0,2,1,3804.34,0,0
7322.84,9,18,1,1,3,2,11,1852.1,0,1
1294.83,17,1014,1,0,0,0,3,1118.65,0,0
3363.79,1,208,1,1,3,4,6,2876.42,1,1
1643.85,15,1160,0,0,0,0,6,1367.66,0,0
7377.29,2,203,1,1,4,0,5,1191.61,0,1
2980.74,1,95,1,0,3,2,9,2991.11,0,1
1647.4,15,1218,0,0,1,0,1,3468.33,0,0
7869.77,20,71,1,1,5,3,7,2126.24,1,1
2192.24,17,256,0,0,0,1,2,1550.7,0,0
1767.36,11,570,0,0,0,0,1,2512.84,0,0
5069.49,0,240,0,1,5,1,13,1076.62,1,1
10761.63,5,61,1,1,1,3,5,1183.71,0,1
2105.37,12,1264,0,0,1,0,1,2878.0,0,0
4143.75,14,877,0,0,0,0,6,1562.31,0,0
5776.21,4,220,1,0,4,5,9,1651.79,1,1
1780.13,19,461,0,1,0,0,2,1376.02,0,0
8641.79,16,188,1,1,5,3,11,1459.65,1,1
2134.13,14,474,0,0,0,0,0,3059.19,0,0
1609.42,8,1245,0,0,0,0,6,980.92,0,0
4574.96,5,234,1,1,1,1,4,2285.75,1,1
5183.83,3,146,1,1,5,6,9,1573.39,1,1
6016.61,6,8,1,0,5,1,8,2259.06,1,1
901.38,14,514,0,0,0,0,1,1368.54,0,0
6093.58,3,3,0,1,4,6,8,2031.53,1,1
1952.07,16,1102,0,0,1,2,2,1974.09,0,0
2269.78,11,1032,0,0,0,0,3,1955.32,1,0
8771.54,2,12,1,1,4,4,3,1791.99,0,1
2456.3,20,1302,0,0,0,3,4,1754.43,0,0
5851.67,3,3,1,0,3,3,9,4273.0,0,1
30286.77,3,133,1,1,4,1,13,1895.42,1,1
10850.6,3,98,1,1,4,3,4,1184.0,1,1
3678.26,1,114,1,1,5,1,5,1602.48,1,1
9073.18,4,2,1,1,4,4,5,1892.96,1,1
2925.0,17,164,0,0,0,0,6,1245.49,0,0
5531.77,2,45,1,1,4,4,9,1131.72,1,1
17574.28,1,116,1,1,2,6,11,3186.33,1,1
1333.6,14,135,0,0,0,0,2,1530.98,0,0
2780.46,12,1310,0,0,0,0,1,1721.12,1,0
3152.13,3,34,0,1,5,5,4,2357.62,1,1
9519.04,5,195,1,0,4,3,7,1244.75,0,1
8415.25,20,716,0,1,1,1,8,2236.87,0,0
2607.98,14,177,1,0,4,3,5,1970.46,0,1
1933.04,22,520,1,0,0,0,6,2299.44,0,0
2079.57,19,139,0,0,0,1,4,1807.81,0,0
3079.9,19,201,1,1,4,1,5,1423.25,1,1
2730.2,9,293,0,0,0,0,1,1912.05,0,0
6698.8,1,233,1,1,4,7,12,1248.51,1,1
2018.8,14,235,0,0,0,1,5,2643.14,1,0
6358.24,0,150,1,1,5,2,6,1263.98,0,1
6517.27,0,210,1,1,5,5,7,2871.4,1,1
1012.05,13,699,0,0,0,1,4,746.53,0,0
4565.57,5,160,1,1,2,5,9,1537.5,0,1
4816.74,4,112,1,1,3,3,4,1997.48,1,1
24975.68,3,97,1,1,3,3,7,1396.64,0,1
696.83,18,1172,0,0,0,0,3,1196.69,1,0
3489.84,2,163,0,1,5,4,3,2475.36,1,1
2399.64,8,158,0,0,0,0,1,2012.79,0,0
4637.74,9,1343,0,0,0,2,4,1057.64,0,0
2883.84,10,789,0,0,0,1,6,1995.82,0,0
1982.6,9,503,0,0,0,0,5,2654.7,0,0
10383.41,6,49,1,1,3,3,7,1715.04,1,1
2658.42,22,664,0,0,1,0,3,1621.95,0,0
2336.34,8,1243,0,0,0,0,1,1475.84,0,0
5982.89,4,169,1,1,4,2,6,2443.4,1,1
2420.81,10,50,0,1,4,1,8,2125.68,1,1
1010.16,20,340,0,0,0,1,2,1288.26,1,0
12503.73,2,116,1,1,4,3,9,2558.41,1,1
9029.19,5,38,1,1,4,7,7,2593.62,1,1
3000.94,10,519,0,0,1,1,4,1529.26,0,0
3400.41,8,125,0,0,0,0,0,1039.86,1,0
5514.19,4,137,1,1,3,3,2,1653.1,1,1
3729.17,12,895,0,0,0,0,6,1757.24,0,0
5032.83,1,185,1,1,5,3,8,1548.98,1,1
727.64,12,993,0,0,0,1,4,1857.99,0,0
20502.51,3,218,1,1,4,1,10,1793.15,0,1
1681.35,8,850,0,0,0,0,3,3385.83,0,0
1470.37,14,1436,0,0,0,1,3,734.09,0,0
3023.9,1,195,0,1,4,3,6,1403.21,1,1
1971.83,8,1347,0,0,0,1,3,1557.33,0,0
7783.14,0,18,1,1,4,5,8,1899.88,0,1
1887.68,2,218,1,1,3,1,8,2798.17,1,1
3305.39,3,169,1,1,5,2,6,2048.11,1,1
9326.17,0,68,1,1,5,1,7,1349.64,0,1
1423.58,20,1132,0,0,0,0,3,870.0,0,0
2040.5,18,470,0,0,0,1,2,1472.06,0,0
1777.76,16,1490,0,0,0,0,3,1671.93,0,0
2936.98,10,201,1,1,2,2,9,2214.59,1,1
1603.05,13,694,0,0,0,1,1,1758.38,0,0
4003.95,2,56,0,0,5,5,9,1153.02,1,1
4729.11,8,3,1,1,4,7,5,1987.31,0,1
2964.24,12,1333,0,0,1,0,3,975.53,0,0
10743.13,2,155,1,1,2,4,9,1144.24,1,1
7600.14,22,122,1,1,3,1,9,1859.11,1,1
6749.09,21,200,1,1,5,2,7,824.49,1,1
1710.63,21,1336,0,1,0,0,1,1544.29,0,0
4796.4,11,57,1,1,5,3,5,3693.74,0,1
24762.92,0,159,1,1,4,2,4,1725.39,1,1
1744.63,16,261,1,0,0,0,3,1749.58,0,0
6590.46,18,215,1,1,4,4,11,2543.48,1,1
3940.98,5,185,0,1,4,3,5,2557.09,1,1
3228.52,10,1286,0,0,0,0,4,2980.04,0,0
6502.39,5,214,1,1,2,1,6,1047.89,1,1
1396.42,22,479,0,0,0,0,2,2312.85,0,0
2484.51,17,883,0,0,0,1,2,1071.86,0,0
2734.36,2,165,0,1,1,3,13,1521.19,0,1
2078.37,19,101,1,1,3,3,10,1538.44,1,1
3372.95,2,228,1,1,1,2,5,2299.25,0,1
3446.5,11,249,1,1,5,5,8,1856.92,1,1
1884.52,15,1381,0,0,1,0,3,3049.01,0,0
4094.45,4,138,1,1,3,4,10,2844.37,1,1
3502.81,2,106,1,1,2,1,8,2113.94,0,1
2085.13,22,900,0,0,0,0,1,1930.86,0,0
3387.77,12,1310,0,0,0,0,1,1314.92,0,0
6074.46,3,36,1,1,5,4,6,1607.72,1,1
5678.83,5,138,1,1,4,2,7,1133.67,1,1
1501.63,21,1379,0,0,0,0,3,2105.76,0,0
10202.69,0,69,1,1,3,6,12,4013.38,0,1
1528.47,13,85,1,0,0,0,3,1798.29,0,0
1713.8,12,1016,0,0,1,0,3,1723.28,0,0
4341.05,16,550,0,0,1,0,4,3069.84,0,0
7315.41,4,158,1,0,3,4,7,1236.11,1,1
1260.07,17,265,0,0,0,0,3,1238.91,0,0
16225.64,3,221,0,1,3,0,6,1280.15,1,1
3812.29,3,154,1,1,1,1,9,2088.35,1,1
1679.19,21,1049,0,0,0,0,1,1770.75,0,0
2447.42,17,1001,0,0,0,1,1,2076.71,0,0
16540.08,22,201,1,1,3,6,6,1935.62,0,1
5845.39,4,23,1,1,4,3,6,1887.77,0,1
2512.86,20,189,0,0,1,1,4,2518.6,0,0
2462.29,15,1393,0,0,0,0,5,2331.45,0,0
8768.75,1,166,0,1,3,3,7,2095.14,1,1
1375.43,8,74,0,0,1,0,2,2310.83,0,0
5478.23,8,233,1,1,4,4,7,805.69,1,1
1924.69,13,98,1,1,4,2,12,2756.44,1,1
2509.81,10,1045,0,0,0,0,3,1674.02,0,0
2511.12,12,1141,0,0,0,1,2,3782.75,0,0
3419.23,15,1109,0,0,1,0,2,3358.96,0,0
1714.85,9,702,0,0,0,0,4,1732.86,0,0
7213.82,0,23,0,1,2,6,9,2030.86,1,1
7823.32,3,200,0,1,2,2,10,2335.53,1,1
6184.66,1,182,1,1,2,3,10,971.54,0,1
2041.8,19,307,0,0,0,1,1,1592.55,0,0
10851.79,4,43,0,0,5,1,4,1928.48,0,1
1488.17,10,1178,0,1,0,0,6,1648.39,0,0
3867.81,12,81,0,1,0,1,4,1640.19,0,0
1029.07,10,554,0,0,1,0,5,1762.33,0,0
2343.42,2,96,0,1,5,3,7,2790.65,1,1
5804.53,8,64,0,0,3,4,1,727.86,1,1
7753.92,0,114,1,1,4,2,8,1108.93,1,1
1825.72,16,272,0,0,1,1,2,1489.39,0,0
7818.48,2,133,1,1,2,2,15,1608.36,1,1
13038.01,4,63,0,1,4,4,5,1505.73,1,1
4446.14,15,1480,0,0,0,0,2,1818.43,0,0
2003.81,11,1175,0,0,0,1,4,2586.06,0,0
1074.31,8,481,0,0,0,0,3,1633.67,0,0
32316.47,1,204,1,1,4,1,12,2766.26,1,1
2556.79,8,644,0,0,1,2,6,1316.64,0,0
1506.25,20,88,0,0,0,1,1,1257.42,0,0
6646.66,2,68,1,1,3,1,6,1006.28,0,1
1234.19,22,1013,0,0,1,0,2,1151.88,0,0
3774.3,0,69,1,1,4,2,11,2456.15,0,1
5567.93,1,134,1,1,4,3,6,1945.78,1,1
4306.99,23,238,1,1,1,4,8,1357.27,1,1
1016.92,21,141,0,0,0,1,4,1762.18,0,0
4640.5,13,133,1,1,5,5,5,1341.71,0,1
3417.95,0,78,1,1,5,2,9,1383.91,0,1
2495.67,21,1139,0,1,1,0,5,2502.78,0,0
5631.49,7,4,0,1,5,0,9,2023.68,1,1
14513.29,4,127,1,1,3,3,6,2875.91,1,1
4016.61,0,44,1,1,5,1,6,2595.42,1,1
3783.06,17,1442,0,0,2,0,2,1788.22,0,0
1604.66,11,864,1,0,0,0,2,2215.22,0,0
5587.46,3,218,0,1,1,2,7,1480.84,1,1
4858.98,16,245,1,1,3,2,11,1533.52,1,1
5795.24,5,47,1,1,4,2,7,1536.04,0,1
6231.75,2,197,1,1,1,5,5,1261.12,1,1
21233.91,0,118,0,1,5,2,8,1009.14,0,1
2710.03,17,1121,0,0,1,0,6,2416.55,0,0
1954.17,14,256,0,0,2,0,8,1620.24,0,0
7890.17,18,75,1,1,5,3,9,2803.94,1,1
6284.22,0,167,0,1,3,2,10,1677.1,1,1
1792.78,17,625,0,0,0,1,4,2454.21,0,0
4598.69,2,72,1,1,5,2,9,2868.83,1,1
7172.43,6,224,0,1,3,1,10,1879.94,1,1
1246.8,14,242,0,0,0,1,7,1367.09,0,0
2267.54,12,561,0,0,1,0,2,1728.6,0,0
6906.08,3,137,1,1,4,2,10,2208.05,0,1
7400.67,14,167,1,1,2,4,13,2064.91,0,1
1988.96,10,313,0,0,0,0,2,2552.93,0,0
4238.28,14,234,1,1,4,2,15,1299.55,0,1
2069.28,19,957,0,0,0,0,3,1097.87,0,0
6117.6,1,24,1,1,1,2,10,1289.22,1,1
1706.01,14,22,1,1,4,3,8,1350.2,0,1
1316.36,21,727,1,0,0,0,4,4096.25,0,0
11313.72,0,77,1,1,3,2,11,1767.75,0,1
1529.74,14,535,0,0,0,0,2,1612.5,0,0
1993.09,10,89,0,0,1,0,1,2877.85,0,0
7927.73,0,217,0,1,5,5,9,1827.36,1,1
846.31,8,693,0,0,1,1,1,1866.94,0,0
942.82,16,560,0,0,0,0,4,1599.48,0,0
1908.17,10,257,0,0,0,1,4,1399.36,0,0
2937.7,17,400,0,0,0,3,3,2686.12,0,0
9714.45,5,47,0,1,5,7,11,1785.76,1,1
6812.05,4,81,1,1,3,1,5,1156.49,1,1
1815.51,2,131,1,1,3,3,5,1754.56,0,1
1255.19,14,1254,0,0,0,0,2,1999.09,0,0
886.4,18,1232,0,0,0,0,4,1439.59,0,0
5319.2,22,103,0,1,1,4,11,2301.21,1,1
2031.65,22,929,0,0,0,1,2,3837.35,0,0
5513.92,3,193,1,1,5,8,7,1864.24,1,1
2778.48,4,97,1,1,2,6,6,2710.8,0,1
1025.26,12,1377,0,0,0,1,3,1179.1,0,0
1167.49,17,967,0,0,0,0,4,1801.29,0,0
5352.55,2,47,1,1,3,2,4,1953.24,1,1
4650.08,5,28,1,1,4,4,19,1622.48,1,1
4363.59,3,212,1,1,4,1,6,1829.91,1,1
6787.91,1,55,1,1,5,3,9,3478.13,1,1
1596.84,19,526,0,0,1,0,2,1227.95,0,0
2031.24,15,1005,0,0,1,0,3,2681.75,0,0
736.97,12,105,0,0,0,0,0,1594.67,0,0
10110.28,0,221,1,0,3,5,9,1353.79,1,1
3739.44,18,570,0,0,1,2,0,2204.3,0,0
4195.36,13,205,1,0,4,3,9,1677.89,1,1
12585.01,5,231,1,1,5,3,16,1661.54,1,1
1667.42,19,503,0,0,1,0,3,1269.62,0,0
3948.95,1,69,1,0,3,3,4,1100.73,1,1
2390.52,17,1443,0,0,0,1,2,1030.56,0,0
2600.22,4,73,1,1,1,3,8,1817.34,1,1
2579.58,18,406,0,0,0,2,6,2554.25,0,0
6818.01,3,228,1,1,5,4,5,1216.17,1,1
8859.46,1,52,0,1,4,2,12,3384.42,1,1
1136.94,8,1355,0,1,1,2,1,1694.18,0,0
12537.9,18,1,1,1,5,2,11,1549.22,1,1
3353.55,5,167,1,0,3,3,7,1697.41,1,1
3008.43,2,192,1,1,2,3,5,2291.77,1,1
1447.05,16,392,0,0,0,1,4,3865.48,0,0
3678.11,2,248,1,0,5,6,8,1220.62,1,1
3613.04,20,1372,0,0,0,0,3,1910.44,0,0
1839.7,16,1123,0,0,0,1,2,1665.64,0,0
1361.44,1,46,1,1,2,2,8,2754.19,1,1
1800.33,16,1418,0,0,1,1,3,904.04,0,0
1392.16,21,224,0,0,1,1,2,1500.53,0,0
1886.77,21,643,0,0,1,0,4,4125.25,0,0
5902.19,14,1173,0,0,0,2,5,2747.51,0,0
5373.17,7,54,1,1,3,2,11,1654.63,1,1
8605.11,18,54,1,1,2,1,7,1147.6,1,1
5046.47,22,73,1,1,3,4,4,1716.85,0,1
2321.95,1,189,1,1,3,5,3,1635.75,0,1
2859.7,8,724,0,0,0,2,3,888.27,0,0
7264.21,10,195,1,1,3,2,10,1013.0,1,1
14641.51,0,89,1,1,3,5,4,1715.7,0,1
2418.61,12,1115,0,0,1,2,2,1379.33,0,0
1353.35,21,905,0,0,0,0,0,2532.07,0,0
1650.45,20,1030,1,0,0,0,1,1718.59,0,0
2029.37,17,216,0,0,0,0,7,1662.06,0,0
2227.34,15,1141,0,0,1,1,4,2870.69,0,0
4799.11,3,86,0,1,2,3,16,2704.4,1,1
1738.85,13,1225,0,0,0,0,5,1691.32,0,0
3664.96,20,1321,0,1,0,0,3,1737.94,1,0
917.69,16,466,0,0,1,0,5,3543.63,0,0
2925.47,5,223,1,1,5,2,8,1186.53,1,1
5014.35,3,111,1,1,3,2,4,1396.57,1,1
7451.68,1,147,1,1,4,1,7,1503.96,0,1
10915.39,4,78,1,1,3,2,7,1570.82,1,1
7488.96,0,217,1,1,4,4,7,889.92,1,1
2669.79,12,396,0,1,1,4,5,1083.45,0,0
8904.11,5,219,1,0,4,2,6,1985.96,1,1
1451.6,11,1067,0,0,0,1,2,1533.83,0,0
4619.75,1,67,1,1,1,2,12,1136.99,0,1
2074.5,12,827,0,1,0,1,3,1820.38,0,0
5314.52,4,204,1,1,4,3,6,1022.63,1,1
1630.87,21,416,0,0,0,2,4,1134.57,0,0
3470.16,1,95,0,1,3,5,8,969.51,1,1
1355.75,19,370,0,0,1,0,6,751.46,0,0
5066.33,0,248,1,1,5,4,5,1836.18,1,1
2590.62,3,222,1,0,3,2,13,1057.69,1,1
1126.16,12,338,1,0,2,0,6,2469.73,0,0
6401.83,1,175,1,1,4,2,6,2344.89,0,1
2883.04,0,220,1,0,1,3,11,2065.29,1,1
1798.72,19,631,0,0,0,0,4,1527.52,0,0
3548.2,3,35,1,1,3,2,6,1994.73,1,1
1503.86,16,752,0,0,0,1,3,1295.5,0,0
2512.34,17,144,1,1,2,4,10,2562.35,1,1
2010.98,20,714,0,0,0,0,2,1770.57,0,0
5830.35,3,134,0,1,3,1,9,2673.08,1,1
1451.73,13,798,1,0,0,0,1,1173.41,0,0
1530.54,20,645,0,0,1,0,3,539.36,0,0
1875.88,9,1475,0,0,0,0,4,1654.96,0,0
1153.83,8,766,0,0,0,0,2,3583.7,0,0
1094.09,13,1096,0,1,1,0,2,1671.57,0,0
8633.53,0,48,1,0,1,3,10,2921.22,1,1
3077.61,14,996,0,0,0,0,5,1760.35,0,0
1480.65,19,1370,0,0,0,0,2,1924.41,0,0
1269.68,20,913,0,0,0,0,4,2253.36,0,0
10664.94,3,164,1,0,4,3,5,1528.73,1,1
1100.92,21,107,1,0,5,6,6,1795.99,0,1
5252.84,16,1257,0,0,1,0,3,1504.53,0,0
1340.26,17,1284,0,0,0,2,1,2352.07,0,0
2672.94,11,245,0,0,1,0,2,3635.76,0,0
1522.05,19,906,0,0,0,1,3,978.49,0,0
1474.77,21,629,0,0,0,1,5,1664.05,0,0
6701.29,1,98,1,1,3,4,6,2098.14,1,1
5281.44,18,17,1,1,2,3,3,1179.69,1,1
3464.72,1,136,0,1,2,4,6,1417.35,0,1
1731.85,11,601,0,0,0,1,0,1259.21,0,0
13677.24,3,218,1,0,1,2,7,1575.53,1,1
4743.13,5,78,0,1,1,2,6,1409.01,1,1
2005.65,20,801,0,1,1,1,7,2597.66,0,0
18234.1,1,204,1,1,4,4,8,1311.12,1,1
5767.05,2,153,1,1,3,1,9,2187.08,1,1
4063.14,0,84,1,0,3,4,10,3549.17,0,1
2288.34,19,1372,0,1,0,2,5,1547.65,0,0
1327.0,11,724,0,0,0,0,3,1752.31,0,0
1912.95,18,360,0,0,1,2,5,1107.76,0,0
2492.7,9,948,0,0,0,0,4,2084.85,0,0
7681.25,6,234,0,0,5,4,9,871.73,1,1
11549.01,4,173,0,1,3,6,7,3477.46,1,1
3103.44,22,153,0,1,5,2,6,1579.26,0,1
13740.25,0,187,1,1,5,1,5,2226.25,1,1
10591.38,1,7,0,1,3,2,6,1392.53,1,1
5345.5,2,71,0,1,5,5,8,1237.42,1,1
6790.01,11,180,1,1,1,5,9,2028.97,1,1
2105.57,10,1076,0,0,2,0,4,2201.03,0,0
3544.32,18,588,0,0,0,1,6,1517.7,1,0
3357.31,3,123,1,0,4,2,7,1799.37,1,1
3444.96,15,455,0,0,1,0,5,2414.6,0,0
1850.81,15,82,1,1,3,3,5,1459.32,0,1
3050.71,14,1406,0,0,1,0,5,2518.52,0,0
13629.92,19,125,1,0,2,1,9,2457.91,1,1
1423.65,11,1180,0,0,1,2,4,2067.82,0,0
2157.96,3,35,1,1,4,3,9,1978.82,1,1
2869.41,13,1347,0,0,0,0,2,1794.28,0,0
4152.09,8,199,0,1,1,3,5,3005.88,0,0
4126.79,2,8,1,0,4,5,7,1767.32,1,1
1539.13,22,178,1,0,0,0,2,1981.27,0,0
3900.09,9,920,0,0,1,0,3,1431.84,0,0
1557.61,22,1456,0,0,0,0,4,2104.98,0,0
4987.57,0,61,1,1,4,2,12,1051.46,1,1
2065.46,12,404,0,0,0,1,2,1439.78,0,0
13703.89,6,16,1,1,5,4,7,4523.04,1,1
1944.19,8,1018,0,1,0,0,4,1125.72,0,0
1868.01,19,816,0,0,0,0,3,1339.83,0,0
3820.32,1,243,1,1,3,2,4,1630.01,0,1
6323.9,14,980,0,0,0,0,4,1301.83,0,0
5699.81,1,33,1,1,5,2,10,2595.75,0,1
10978.73,14,184,1,1,4,3,9,1429.09,1,1
8028.11,15,15,1,1,4,2,4,1832.5,1,1
2505.68,12,1137,0,0,0,0,3,2671.97,0,0
10117.27,21,76,1,1,4,3,5,1550.14,0,1
1422.75,11,1052,0,0,0,0,2,1936.38,0,0
1383.72,15,1286,0,0,0,1,3,4518.4,0,0
9390.12,5,202,0,1,3,1,9,1729.91,1,1
2184.93,12,752,1,0,0,0,6,2318.24,0,0
7519.4,18,37,1,1,4,2,9,3433.26,1,1
4360.88,5,159,1,1,3,5,6,1536.52,0,1
7876.67,5,224,1,1,1,3,5,1959.13,1,1
2462.32,10,243,1,1,1,4,6,1707.02,0,1
3999.52,3,174,1,1,2,3,11,1255.75,1,1
7428.52,1,104,1,1,1,3,13,1586.38,1,1
4941.1,5,239,1,1,1,3,11,3441.1,0,1
4340.08,2,224,1,1,3,1,4,710.55,1,1
1723.91,17,1217,1,0,0,0,5,1728.01,0,0
2959.51,1,57,1,1,3,2,12,1439.16,1,1
5989.15,10,92,0,1,2,3,7,2791.8,0,1
1167.3,9,1162,0,0,0,2,8,2285.23,0,0
1287.19,15,957,0,1,0,1,4,1592.49,0,0
4534.21,12,992,0,0,0,0,1,1737.88,0,0
2630.49,4,248,1,1,1,0,6,1481.27,0,1
592.53,9,1187,0,0,0,0,4,1645.23,0,0
1996.97,22,931,0,0,0,0,4,1689.79,0,0
1807.71,21,401,0,0,1,0,3,1280.8,0,0
1204.15,13,325,0,0,2,0,3,1559.97,0,0
2605.79,0,157,1,1,2,3,8,1715.52,1,1
5847.91,4,65,0,0,2,4,10,1438.46,1,1
6301.36,0,166,1,1,1,3,9,2308.21,1,1
3474.21,5,156,0,1,5,5,6,2283.41,1,1
7001.92,22,112,0,1,4,1,6,1595.91,1,1
2698.14,14,516,0,0,0,0,2,1962.83,0,0
1908.25,13,936,0,0,0,0,3,2292.88,0,0
3877.2,15,389,1,0,0,1,2,1646.65,0,0
1668.53,0,249,1,1,4,3,8,1777.27,0,1
1977.46,8,661,0,0,0,1,8,1440.89,0,0
2622.43,19,1116,1,0,2,1,0,2044.04,0,0
3081.29,3,43,1,1,4,3,10,2163.99,1,1
1278.46,11,594,0,0,0,3,3,1998.05,0,0
10635.71,1,78,1,1,4,2,4,1317.2,1,1
5740.1,18,124,1,1,5,5,7,738.95,1,1
2476.81,11,1177,0,0,0,0,0,1266.57,0,0
12479.41,1,94,1,0,5,4,6,1581.22,0,1
9852.52,20,140,1,1,5,1,6,1597.47,1,1
7280.0,4,124,1,1,5,3,9,1266.48,0,1
8257.84,2,129,1,1,3,1,8,1532.6,1,1
1636.68,13,1368,0,0,2,2,4,2403.83,0,0
7809.18,3,137,1,1,5,1,11,1912.53,1,1
3803.94,0,72,1,1,4,1,6,2757.36,1,1
5149.83,3,111,1,1,3,3,9,1150.5,0,1
4670.53,4,19,1,1,2,2,4,1146.26,1,1
3675.58,21,658,0,0,0,1,2,2195.93,0,0
2975.9,17,1302,0,1,2,0,3,3661.06,1,0
1070.33,8,136,0,1,0,0,4,2038.93,0,0
1443.34,9,315,0,0,0,0,2,1000.55,0,0
8964.01,0,232,0,1,3,0,8,1096.33,0,1
2031.57,9,436,0,0,0,1,2,1759.79,0,0
1810.03,14,1422,0,0,1,0,5,2473.95,0,0
13103.28,21,132,1,1,5,3,6,2590.82,1,1
902.45,14,1201,0,0,0,0,1,1993.61,0,0
1318.98,11,1384,0,0,0,0,3,1154.35,0,0
4302.27,21,125,0,0,1,0,0,1277.27,0,0
1777.5,3,201,1,1,4,5,8,2250.32,1,1
863.47,16,90,0,0,0,0,3,1380.06,0,0
826.93,14,1453,0,0,0,0,5,1913.69,0,0
2593.04,12,63,0,0,1,1,2,2183.9,0,0
13560.87,2,202,1,1,2,5,6,3101.51,1,1
1403.43,14,1402,0,0,1,1,5,1212.33,0,0
3680.08,3,210,1,1,5,1,11,1319.05,0,1
1810.73,10,1146,0,0,0,0,1,1238.04,0,0
2553.62,9,1455,0,0,2,1,3,2842.15,0,0
2138.58,3,27,1,1,3,6,14,2348.58,1,1
5197.56,20,102,1,1,5,2,10,1072.0,1,1
4667.5,19,217,1,1,1,3,6,2848.31,1,1
1317.63,22,428,0,0,1,1,3,2229.41,0,0
2432.4,18,142,1,1,5,2,6,1121.06,1,1
1468.13,11,416,1,0,0,1,4,2694.14,0,0
1807.53,22,299,0,0,0,0,1,2051.99,0,0
1640.94,15,683,0,1,0,0,3,2864.93,1,0
2689.87,14,229,0,0,1,1,4,2020.38,1,0
12844.32,0,210,1,1,5,4,5,1733.5,1,1
4993.77,2,103,1,1,4,1,11,1666.31,1,1
2724.28,1,201,1,1,2,5,12,1835.44,1,1
9397.47,4,1,1,1,3,4,6,2113.37,1,1
11466.61,1,16,0,0,4,6,8,1229.37,1,1
962.4,22,531,0,1,0,1,2,1964.46,0,0
6809.69,3,179,1,1,5,5,8,1023.68,1,1
1357.14,16,443,0,0,2,1,1,1177.5,0,0
10651.63,1,219,1,0,2,5,8,2200.52,1,1
12704.72,11,223,1,1,3,3,7,2268.95,1,1
5841.24,3,100,1,1,2,2,9,2428.8,1,1
1132.94,19,555,0,0,0,1,4,1203.86,0,0
3513.02,4,72,1,1,4,3,6,2232.46,0,1
8264.28,3,50,1,1,3,0,9,1861.67,1,1
9427.05,3,170,1,1,3,1,11,1573.88,0,1
2418.87,3,45,1,1,3,9,6,1113.53,1,1
7207.57,0,91,0,0,1,3,14,2041.63,0,1
1453.4,12,1176,0,0,1,0,4,1586.26,0,0
25307.77,20,62,0,1,3,3,6,956.65,1,1
5461.34,3,73,1,1,2,3,2,1470.73,1,1
4931.74,3,50,1,0,5,6,6,1696.49,1,1
3080.04,1,159,1,0,3,2,5,1871.12,1,1
5443.07,4,208,1,0,4,5,8,2606.97,1,1
1539.33,13,534,0,1,0,1,5,2572.45,1,0
2696.05,12,1356,0,0,0,0,3,1912.88,0,0
15236.1,0,63,1,1,2,2,7,1832.08,0,1
9538.26,5,6,0,1,5,4,5,2478.58,1,1
2245.81,18,477,0,0,0,0,1,2544.52,1,0
2030.75,21,1118,0,0,0,1,3,2119.99,0,0
1597.65,14,276,0,0,0,0,3,2227.25,0,0
6863.32,0,116,1,1,3,0,14,2618.95,1,1
3889.5,8,675,0,0,2,0,0,2012.4,0,0
3868.12,2,142,1,1,2,2,5,1606.34,1,1
2317.91,17,962,1,0,1,0,5,1649.98,0,0
2298.41,8,1354,0,1,0,0,4,1384.78,0,0
3080.24,3,134,1,1,5,2,14,2207.21,1,1
2149.17,21,1085,0,0,0,0,2,1305.37,0,0
3990.35,20,169,1,1,4,3,8,2386.41,1,1
5698.12,4,4,1,1,3,2,9,2440.25,1,1
1979.7,1,207,0,1,3,3,7,1965.49,1,1
8154.61,5,216,0,1,3,3,8,2416.7,1,1
6429.25,5,236,0,1,5,4,10,1999.62,0,1
9954.7,1,51,1,1,4,2,12,3247.51,1,1
10972.9,0,200,1,1,4,4,6,2103.66,1,1
1346.94,17,1184,0,0,1,0,3,1401.09,0,0
2966.01,2,77,1,1,4,2,11,2585.7,1,1
2062.44,20,1125,0,0,0,0,6,2413.9,0,0
3042.69,9,733,0,0,0,0,2,3159.08,0,0
5809.71,3,197,1,1,4,3,9,2997.21,1,1
3009.3,0,217,1,0,4,4,5,1045.48,1,1
15987.1,16,61,1,1,3,6,9,1161.76,1,1
5244.35,2,171,1,1,1,2,7,2280.55,0,1
3626.91,22,1240,0,0,2,0,3,2028.8,0,0
2554.98,17,487,0,0,0,1,2,3510.77,0,0
3842.27,12,459,0,0,1,1,7,1788.21,0,0
1469.59,13,810,0,0,0,1,7,2119.06,0,0
1642.41,18,1466,0,0,0,0,3,1974.3,1,0
2971.03,4,78,1,0,5,2,4,1876.55,1,1
2417.76,15,1110,0,0,2,1,1,2177.44,0,0
728.06,22,1459,0,0,0,2,5,2095.15,0,0
1670.9,4,190,0,1,3,2,12,1248.98,1,1
3373.64,21,624,0,0,0,0,3,1617.36,0,0
2030.86,9,673,0,0,0,0,2,3019.9,0,0
7064.09,1,128,1,1,3,2,7,1155.42,1,1
22714.84,0,94,1,1,4,8,7,2144.12,0,1
1775.56,15,520,0,0,0,1,2,1798.94,0,0
2420.86,13,66,0,0,0,1,4,1722.44,0,0
2500.86,1,231,1,0,2,2,8,2207.9,1,1
8037.44,20,15,1,1,4,2,12,2853.97,1,1
2820.14,1,206,1,1,4,4,11,1847.7,0,1
13741.46,1,197,0,0,3,3,8,2051.95,1,1
10899.83,10,185,1,1,3,2,12,1006.71,0,1
10159.93,3,174,1,1,5,4,9,1685.09,1,1
4504.01,0,53,1,1,3,2,3,1978.42,1,1
1223.46,21,912,0,0,0,0,4,1623.54,0,0
2510.95,22,545,0,0,0,1,1,1439.16,0,0
1691.89,19,1198,0,1,0,0,4,2650.23,1,0
10952.39,1,65,1,1,5,2,7,1741.87,0,1
1753.98,13,1159,1,0,0,1,3,2015.4,0,0
943.57,15,1451,0,1,0,0,4,2930.92,0,0
1385.25,12,928,0,0,0,0,6,1081.71,0,0
9724.01,5,167,1,1,5,4,5,2815.98,1,1
2548.25,5,199,1,0,5,3,6,1881.19,0,1
3849.02,17,1262,0,0,0,0,2,1872.35,0,0
2062.67,12,1188,0,0,0,1,2,1971.55,0,0
15453.54,4,221,1,0,4,7,6,1061.4,1,1
3736.72,8,1346,0,0,0,0,4,2187.26,0,0
1360.42,17,942,0,1,0,0,2,2565.17,0,0
1891.69,18,431,0,0,0,1,3,1787.35,0,0
3300.53,17,13,1,1,4,5,6,1954.87,0,1
6962.66,20,156,1,1,4,5,6,1547.22,1,1
3643.75,4,113,1,1,2,3,3,1237.87,1,1
8705.65,5,144,0,0,5,1,11,2129.35,0,1
2077.52,14,392,0,0,0,2,3,1038.61,0,0
7270.39,1,242,1,1,5,4,9,1802.94,1,1
2328.01,12,365,1,0,1,2,2,1968.81,0,0
1845.01,9,492,0,0,0,1,2,3221.94,0,0
15198.61,13,103,1,1,1,3,10,1494.72,1,1
4103.87,0,80,1,1,2,1,5,2269.17,1,1
2402.05,11,651,0,0,0,0,2,1587.18,0,0
1284.11,8,196,0,0,0,0,1,3636.95,0,0
14369.07,5,150,0,1,4,5,5,1935.05,1,1
16391.24,23,73,1,1,3,5,16,1533.68,1,1
1394.42,9,647,0,0,0,1,2,2138.9,0,0
2726.37,12,1466,0,0,0,1,3,2544.26,0,0
12562.31,5,143,1,1,3,1,11,1017.28,0,1
5820.3,1,31,1,1,4,2,11,1857.69,1,1
9978.54,18,45,1,1,5,5,6,1583.98,1,1
26706.5,0,23,1,0,3,3,12,1507.6,1,1
7923.81,4,205,1,1,5,1,12,2130.02,0,1
3146.71,13,833,0,0,0,0,5,3720.32,0,0
20041.16,5,183,1,1,2,1,7,4057.8,1,1
19724.32,5,34,1,1,1,2,8,1856.34,1,1
1835.36,19,627,0,0,0,2,0,1036.8,0,0
1274.9,22,1312,0,0,2,0,7,1644.13,0,0
1388.93,9,262,0,1,0,1,5,1863.82,0,0
3251.68,15,602,0,0,0,0,3,2213.84,0,0
970.77,11,996,0,0,0,0,3,1099.3,0,0
6372.57,2,215,1,0,4,6,7,1832.17,1,1
1223.7,9,730,0,0,0,1,1,3364.13,0,0
3769.53,19,58,1,1,4,2,8,1618.15,1,1
4607.63,0,7,1,1,3,0,13,1541.64,1,1
3794.23,1,105,1,1,4,1,5,2472.35,1,1
14668.08,3,55,1,1,5,3,6,3153.17,1,1
3593.23,3,246,1,1,2,2,3,2402.98,1,1
11462.11,1,81,1,1,5,2,4,1517.82,1,1
6956.44,3,85,1,1,4,6,14,1615.09,0,1
5884.85,16,176,1,1,1,3,9,749.48,0,1
4384.55,22,985,0,1,0,0,3,1961.18,0,0
1618.19,17,366,0,0,1,0,0,1703.7,0,0
10280.31,0,148,1,1,5,4,11,1674.35,1,1
908.99,10,744,0,0,0,0,3,1988.8,1,0
2445.29,19,866,0,0,0,1,7,2458.37,1,0
10291.77,15,113,0,0,2,3,4,2063.48,1,1
1396.96,14,1032,0,0,0,1,1,895.82,0,0
1989.66,11,178,0,0,0,0,1,1217.23,0,0
2028.46,10,863,0,0,0,2,5,2430.43,0,0
1502.07,15,187,0,0,0,1,1,2103.68,0,0
2831.85,11,1322,1,0,1,0,2,2554.44,0,0
4577.42,3,16,0,1,4,2,12,1535.11,1,1
6032.93,3,189,1,1,1,4,7,1160.86,1,1
1830.77,18,750,0,0,0,1,5,1801.14,0,0
3067.42,14,1302,0,0,0,1,1,1872.17,0,0
1490.26,13,1095,0,0,0,1,2,1394.72,0,0
5601.03,0,202,0,0,3,2,8,1541.52,1,1
3757.71,11,66,1,0,3,1,3,2459.45,1,1
7243.73,4,231,1,1,4,6,8,2638.87,1,1
9550.75,5,217,1,1,5,6,10,1505.12,0,1
6066.81,23,230,1,1,5,3,14,1675.24,0,1
2018.99,20,323,0,0,1,0,2,1918.89,0,0
853.01,21,898,0,1,0,0,4,3037.76,1,0
4147.07,1,213,1,1,4,7,3,1664.72,1,1
3554.1,16,815,0,0,0,0,3,1143.9,0,0
3997.97,14,1445,0,0,1,1,2,1414.36,0,0
3204.7,1,192,0,1,4,5,7,1090.69,0,1
3833.31,4,244,1,1,5,4,6,2171.81,1,1
795.22,16,250,1,0,0,0,2,3778.93,0,0
1739.28,11,1019,0,0,1,1,2,722.44,0,0
3174.95,10,157,0,0,2,0,5,1986.54,0,0
1485.4,9,1357,0,0,0,0,3,1810.23,0,0
2729.89,5,185,1,1,2,3,7,1926.53,1,1
1900.0,8,101,1,1,4,1,8,2011.3,1,1
4653.9,16,1447,0,0,1,0,2,1976.63,0,0
1552.89,13,1380,0,0,0,0,0,1599.51,0,0
2687.88,18,1299,0,0,0,2,1,2846.44,0,0
1478.78,6,140,1,1,5,5,10,2158.51,1,1
888.22,10,268,0,0,0,0,6,2088.64,0,0
6931.57,5,141,1,0,5,4,6,2099.11,1,1
5683.6,1,87,1,1,4,2,3,1309.83,1,1
5021.98,17,208,1,1,5,3,4,1535.17,1,1
2651.28,17,565,0,0,0,0,5,4250.76,0,0
3427.76,14,743,0,0,1,1,4,1922.86,1,0
5344.09,10,696,0,0,0,0,2,1731.6,0,0
5541.17,14,68,0,1,5,3,5,1820.11,1,1
1826.06,13,61,0,0,1,2,4,824.0,0,0
825.18,11,98,1,0,0,0,2,1484.7,0,0
1670.81,19,679,0,0,0,0,3,1992.08,0,0
2366.64,15,961,0,0,0,0,1,1605.05,1,0
1142.11,18,661,0,0,0,0,1,1277.62,0,0
3003.05,2,239,1,1,3,3,4,2832.11,0,1
2037.17,9,686,0,0,0,0,8,865.39,0,0
2948.49,21,603,0,0,0,0,3,1921.44,0,0
1366.17,22,1223,0,0,0,0,1,1934.05,0,0
1209.67,19,139,0,0,0,0,4,2293.25,0,0
736.73,17,599,0,0,0,0,4,1927.36,0,0
3800.91,10,213,1,1,2,4,7,2775.85,1,1
1627.73,15,820,0,0,0,0,1,3230.03,0,0
1828.86,5,99,1,0,4,0,15,2543.4,1,1
2759.55,9,633,0,0,1,0,4,953.19,0,0
1456.73,9,991,0,0,0,0,1,1762.94,0,0
1973.84,18,1425,1,0,2,0,3,1179.07,0,0
2179.42,18,780,0,0,0,1,4,1243.4,1,0
1942.62,13,1358,0,0,0,0,2,2404.89,0,0
3106.97,17,1188,0,1,1,0,1,1538.73,0,0
3572.04,13,113,0,0,0,1,6,3295.77,0,0
1366.46,19,1139,0,0,0,1,5,1468.3,0,0
8638.89,1,165,1,1,3,2,10,2051.36,1,1
2508.29,15,972,0,0,0,0,5,1672.88,0,0
2205.58,13,699,0,0,0,0,1,864.03,0,0
3486.08,5,141,1,1,2,0,5,1346.31,1,1
1905.72,16,268,0,0,0,0,2,2715.98,0,0
3998.05,8,24,1,0,2,4,4,2205.32,1,1
2067.09,9,319,0,0,1,1,3,1311.1,0,0
4426.47,20,1480,0,0,0,0,2,2466.89,0,0
1114.42,22,157,0,0,0,2,3,974.57,0,0
6426.62,3,103,1,1,5,2,10,1542.25,0,1
4919.22,3,74,1,1,5,7,10,1489.49,0,1
1301.57,22,1162,0,0,1,1,5,1357.03,0,0
2316.15,22,1027,0,0,0,0,1,1652.23,0,0
3319.42,12,11,1,1,1,4,11,1748.32,1,1
1389.34,15,1440,1,0,0,1,5,2907.7,0,0
10331.94,2,63,1,1,4,4,6,1287.8,0,1
6445.59,10,212,1,1,5,7,8,2030.77,0,1
863.47,11,1395,0,0,1,0,7,2489.41,0,0
13186.63,3,57,1,1,4,4,8,2434.09,1,1
3894.36,5,236,1,1,3,6,8,2620.94,1,1
3311.8,4,106,1,1,4,4,7,2145.54,1,1
3191.59,21,1401,0,0,0,0,4,1682.18,0,0
1108.44,18,596,0,0,0,2,4,1156.69,0,0
2645.27,19,220,1,1,4,0,6,1394.52,1,1
787.44,18,974,0,0,0,0,6,785.49,0,0
2353.2,21,1336,0,0,1,0,2,1706.93,0,0
5790.48,3,42,1,0,3,1,11,1670.56,0,1
12397.98,2,161,1,1,1,5,10,1365.85,1,1
2193.35,15,170,0,0,0,1,3,2232.39,0,0
1281.82,8,617,0,1,1,0,3,1890.7,0,0
2183.83,18,584,0,0,1,1,4,1288.63,0,0
2509.76,14,39,0,0,3,4,5,1374.03,1,1
8646.19,3,120,1,1,5,1,7,2065.39,1,1
2005.79,16,913,0,0,0,0,2,2253.27,0,0
3380.47,21,309,0,0,1,0,3,1420.13,0,0
11490.46,0,94,1,1,4,2,7,2450.01,0,1
970.2,13,242,0,0,0,0,2,1366.94,0,0
3445.17,0,162,1,1,5,0,11,1539.91,0,1
2252.87,2,179,0,1,1,3,11,1593.44,1,1
3892.59,2,222,1,1,5,3,8,3468.72,1,1
2515.59,15,1406,0,0,1,0,1,1342.75,0,0
3960.85,5,63,0,1,2,4,5,2075.41,1,1
7130.86,5,219,1,1,5,4,6,1572.27,0,1
5574.72,2,241,1,1,3,4,6,1586.09,1,1
3701.67,9,1141,0,0,0,3,4,1623.61,0,0
2670.28,22,500,0,0,0,0,6,1312.19,0,0
5348.68,1,216,1,1,2,4,8,2309.12,1,1
3844.94,10,291,0,0,1,0,1,2569.95,0,0
3415.53,3,156,1,1,4,3,15,2753.23,1,1
12221.08,1,150,0,1,4,1,5,1478.56,1,1
2251.83,22,740,0,1,0,0,5,1766.34,0,0
1055.91,9,1362,0,0,1,2,4,1273.64,0,0
3887.46,0,69,1,1,4,2,5,2352.79,1,1
4513.87,4,197,1,1,3,3,9,1918.95,1,1
1798.04,14,754,0,0,0,1,3,1955.75,0,0
1701.89,15,238,1,1,4,6,8,1632.25,0,1
3477.54,5,198,1,1,3,4,8,1253.9,1,1
2762.24,14,1068,0,0,0,2,1,4135.69,0,0
1956.36,19,1336,0,0,0,0,5,2376.93,0,0
5092.07,19,185,0,0,1,0,3,2111.17,0,0
1702.42,14,563,0,0,0,0,2,1844.12,0,0
10006.9,2,198,1,1,5,1,9,1650.47,0,1
2590.96,5,68,1,1,3,1,14,1006.25,1,1
2208.67,15,1315,1,0,1,0,5,2973.52,0,0
1521.51,19,832,0,0,0,0,1,2269.25,0,0
2075.03,18,617,0,0,1,1,1,1846.17,0,0
2571.71,10,66,0,0,0,0,1,1750.58,0,0
5275.16,22,124,1,1,3,1,3,2119.65,1,1
1562.09,21,1452,0,0,0,0,5,1325.63,0,0
4591.17,22,981,0,0,1,0,5,1928.37,0,0
3219.28,19,234,0,0,0,0,3,1692.37,0,0
3051.81,15,24,1,1,3,4,9,1928.56,1,1
5966.94,20,17,1,1,4,0,12,1702.35,1,1
5035.84,16,318,0,0,0,0,5,1888.97,1,0
4400.27,4,167,0,1,4,4,6,2356.32,1,1
4232.02,21,206,1,1,4,2,10,1637.49,1,1
1942.17,3,140,1,1,4,5,9,1859.68,0,1
7859.31,4,18,1,1,4,1,6,2480.17,1,1
1378.14,14,525,0,0,0,0,0,1879.9,0,0
3041.94,3,146,1,1,3,5,4,2008.24,1,1
6174.19,4,26,1,1,3,3,7,930.2,0,1
1223.45,20,587,0,0,0,1,3,1070.33,0,0
1891.68,18,580,1,0,0,1,5,1133.02,0,0
14922.1,11,210,1,1,1,4,8,1293.48,1,1
4499.52,2,75,0,0,1,9,11,1934.39,1,1
5371.6,4,36,1,1,5,7,7,1709.76,0,1
2011.37,8,489,0,0,0,0,1,2260.37,0,0
1274.68,20,520,0,0,0,0,5,1277.59,0,0
3610.61,3,56,1,0,5,1,7,1584.05,1,1
6627.03,1,113,1,1,5,1,9,1460.76,1,1
3398.57,4,217,1,1,4,2,5,1958.28,1,1
2852.6,19,672,0,0,0,0,1,1717.49,0,0
1500.22,14,1041,0,0,0,0,4,1683.12,0,0
4135.47,13,91,1,1,4,6,9,2685.43,1,1
1043.13,11,1118,0,0,0,3,4,2811.45,0,0
7296.08,3,96,1,1,3,3,8,1407.37,1,1
5561.23,5,183,1,0,4,5,7,1451.45,1,1
1979.99,2,69,0,1,5,2,1,1519.44,1,1
2376.65,19,697,0,0,2,1,3,3295.5,0,0
1668.07,13,967,0,0,0,0,2,1397.36,0,0
8363.4,0,213,1,1,1,3,12,2194.26,0,1
1160.56,12,1208,0,0,1,2,4,1396.46,0,0
10012.22,0,67,1,1,5,8,7,2517.47,1,1
4704.92,2,193,1,1,5,0,7,1921.51,1,1
1414.86,18,1460,0,0,0,1,3,2028.47,0,0
2701.75,9,192,0,0,0,0,3,1999.15,0,0
1201.63,8,1366,0,0,0,0,3,1644.61,0,0
2293.01,20,525,0,0,0,2,4,2033.55,0,0
2409.15,12,1144,0,0,0,0,3,1926.48,0,0
2988.29,2,77,0,1,4,3,4,1827.31,1,1
1193.26,9,1477,0,0,0,1,4,2787.89,0,0
7408.83,2,89,1,1,2,4,9,1711.55,1,1
10058.86,3,210,1,1,2,3,7,2200.13,1,1
12286.9,1,22,1,1,4,2,10,2076.62,1,1
10892.97,4,9,1,1,4,3,7,2228.6,0,1
8690.62,3,29,1,0,3,1,6,3306.05,1,1
3499.71,8,597,0,0,0,0,1,1621.0,0,0
1808.66,11,947,0,0,0,0,2,1018.84,0,0
1106.31,16,454,0,0,0,0,1,2043.69,0,0
8368.05,4,152,1,1,1,2,9,2013.32,1,1
9012.88,4,160,1,1,2,1,9,915.57,0,1
6968.95,9,9,1,1,1,3,5,3833.42,1,1
1025.12,21,1093,0,1,0,1,5,842.18,0,0
7183.43,10,28,0,1,3,4,7,2051.19,0,1
2423.5,5,119,1,1,4,3,10,1813.87,0,1
2961.32,17,421,0,0,0,1,3,1560.43,0,0
3649.76,5,138,1,1,4,1,13,1876.46,0,1
5028.4,1,108,1,1,1,4,12,1128.19,0,1
4240.21,15,377,1,0,0,0,0,1146.79,0,0
8131.8,2,15,1,1,4,5,6,1621.31,1,1
9818.71,1,132,1,1,3,5,9,2062.24,0,1
7920.67,0,55,0,1,3,2,7,2772.72,1,1
4731.07,2,238,1,1,5,1,8,2727.49,1,1
10545.41,0,129,0,1,5,2,9,1395.19,1,1
8146.34,15,208,1,1,5,1,9,1149.78,1,1
2481.07,11,1383,0,0,0,1,5,2260.27,0,0
1594.07,15,1019,0,0,0,1,1,1667.49,0,0
2140.74,4,154,1,1,4,3,7,944.78,1,1
1871.69,18,242,0,0,1,0,2,2143.42,0,0
1135.54,15,94,0,0,0,1,1,1024.88,0,0
2635.91,17,284,1,0,0,1,3,2589.16,0,0
2939.17,22,20,0,1,5,2,7,1541.66,1,1
1719.05,22,571,0,0,0,0,4,1568.2,0,0
1626.71,11,1199,0,0,0,1,4,1344.67,0,0
1703.97,21,628,0,0,0,1,4,815.05,0,0
3230.42,20,1478,0,0,0,0,4,1586.81,0,0
3145.52,20,214,1,0,0,0,3,1793.79,0,0
24679.42,1,234,0,1,4,4,6,1561.38,1,1
1510.01,14,680,1,0,0,1,4,2285.36,0,0
10676.26,4,71,1,1,4,2,9,2110.52,0,1
1986.27,18,677,0,0,0,0,2,2489.15,0,0
2126.79,8,679,0,0,0,0,4,1742.89,0,0
2198.23,18,1201,0,0,0,0,3,1980.13,0,0
3730.99,0,12,1,0,3,2,13,2376.52,1,1
8889.2,2,171,0,1,4,3,11,1348.18,0,1
3250.12,3,242,1,1,2,4,9,1227.95,0,1
3374.7,11,638,0,0,0,0,2,1937.68,0,0
3036.96,8,1168,0,0,1,0,3,2370.52,0,0
6992.61,3,92,0,1,4,2,8,1357.27,0,1
1129.72,17,121,0,0,1,0,5,1852.43,1,0
1585.14,17,1099,0,0,0,3,4,1843.54,0,0
1802.88,22,1307,0,0,0,0,6,1460.63,0,0
7683.21,1,84,1,1,5,2,12,973.23,0,1
7473.73,5,182,1,0,4,1,10,3014.45,1,1
5056.43,14,37,1,0,1,1,6,1954.14,1,1
1473.88,21,396,0,0,0,0,4,3265.19,0,0
16286.57,2,238,1,1,1,2,8,2203.74,1,1
1731.26,19,623,0,0,1,0,2,1872.84,0,0
2247.96,16,485,0,0,0,0,0,2762.25,0,0
1693.48,13,163,1,1,3,1,10,1345.43,1,1
2122.33,18,907,0,0,0,1,4,3167.07,0,0
3487.77,13,221,0,1,1,0,6,1675.33,0,0
11986.22,0,59,1,0,4,4,9,1056.58,1,1
5037.88,8,1109,0,0,0,0,1,1358.55,0,0
11331.63,4,37,0,1,5,4,5,1566.94,0,1
6162.11,13,114,0,1,5,3,10,1975.4,1,1
914.3,19,786,0,0,0,0,4,1901.23,1,0
13788.71,1,181,1,1,5,6,7,2110.6,1,1
2463.49,15,95,0,0,0,1,5,1887.41,1,0
3954.33,1,141,1,1,1,3,4,1924.4,1,1
14486.78,4,53,1,1,2,6,9,2369.77,1,1
9174.32,3,209,0,0,5,6,7,1830.09,0,1
3398.59,13,1365,0,0,0,1,5,1189.67,0,0
1582.09,15,975,0,0,0,0,1,2359.79,1,0
3559.8,11,1159,0,0,0,0,3,1326.96,0,0
2907.74,12,386,0,0,0,0,3,2720.8,0,0
1455.2,8,741,0,0,0,1,3,1435.95,0,0
2632.18,19,1245,1,0,0,1,5,2975.66,0,0
1772.26,19,584,0,0,0,0,3,3001.66,0,0
1368.46,8,408,0,0,0,0,4,1511.36,0,0
2717.19,4,50,0,1,5,3,14,1668.21,0,1
3415.42,10,1480,1,0,0,0,1,1020.17,0,0
2204.84,20,1414,0,0,0,1,1,2434.64,0,0
6044.71,2,148,1,1,5,4,5,1746.69,1,1
3714.21,16,725,0,0,1,1,4,2698.92,0,0
2109.3,5,240,1,1,1,3,8,1295.79,0,1
6887.32,1,3,1,1,5,6,7,2767.44,1,1
6566.64,5,231,1,1,3,8,16,1363.48,1,1
1810.7,13,853,0,0,1,1,2,1873.3,0,0
8610.38,1,99,1,0,2,2,9,2513.04,1,1
2564.51,12,599,0,0,0,0,2,2544.49,0,0
5223.45,5,53,0,0,5,1,11,2330.39,1,1
18902.48,10,146,1,1,3,7,6,2077.09,0,1
1204.93,13,997,0,0,0,0,5,1630.75,0,0
2471.08,11,772,0,0,0,0,2,1543.92,0,0
4653.08,2,200,1,0,1,2,7,2936.12,1,1
1887.72,19,999,0,0,1,0,3,1695.03,0,0
3381.61,20,632,0,0,0,0,1,3140.7,0,0
1938.3,18,1237,0,0,0,0,0,1978.39,0,0
6851.95,6,125,1,1,4,3,7,1873.55,1,1
6419.57,1,186,1,1,4,3,12,1414.59,0,1
3416.75,10,83,1,1,3,1,7,1208.11,1,1
3042.08,5,211,1,1,3,4,11,1648.4,0,1
2577.58,15,106,0,0,0,1,4,2236.51,1,0
4362.93,2,181,1,1,5,2,9,2262.65,1,1
3297.15,22,745,0,0,0,1,4,2249.8,0,0
3619.26,3,205,0,1,1,0,3,1307.78,1,1
2467.09,13,1264,0,0,0,0,5,1385.35,0,0
1318.21,17,1339,1,0,1,1,5,2605.04,0,0
2941.6,7,83,0,1,4,5,9,1052.53,1,1
3715.89,4,106,1,0,4,5,8,2207.89,1,1
2473.99,20,936,0,0,1,1,2,1872.37,0,0
6200.37,2,111,1,1,5,2,13,2413.7,1,1
2437.38,15,171,0,0,0,0,1,1208.93,0,0
4078.59,3,1,1,1,2,3,8,1303.66,1,1
1145.09,9,1120,0,0,0,0,3,1977.26,1,0
6236.5,3,138,1,1,5,3,13,1165.84,0,1
3705.67,3,14,1,1,5,4,7,1442.77,0,1
1270.62,21,1211,0,0,0,0,2,1271.26,0,0
3228.26,3,168,1,0,2,4,7,1442.48,0,1
6400.81,3,141,1,1,3,4,5,1692.92,0,1
5532.37,3,219,1,1,4,5,5,1418.24,1,1
1409.63,10,169,0,0,0,0,1,1707.39,0,0
4616.22,0,132,1,1,4,2,5,906.99,1,1
2416.84,8,949,0,0,0,1,5,3784.75,0,0
2402.73,22,1065,0,0,0,0,7,1207.1,0,0
5399.95,18,197,1,1,5,2,9,2152.98,0,1
1693.54,22,1405,0,0,0,1,0,1468.4,0,0
1203.84,16,1411,0,0,1,1,4,962.86,1,0
4074.67,0,89,1,1,2,0,6,1318.45,1,1
5828.87,5,1,0,0,4,2,6,2563.54,0,1
2461.16,9,95,0,0,1,0,1,1337.8,0,0
6474.76,18,170,0,1,2,5,10,1666.01,1,1
8504.41,21,43,1,1,4,2,7,1909.61,0,1
2034.71,9,1111,0,1,0,1,4,1540.04,0,0
2322.36,10,110,0,0,0,1,4,2323.58,0,0
3939.41,2,44,0,1,5,2,6,2316.82,1,1
3575.19,5,135,0,1,5,2,4,1894.45,1,1
10372.28,12,25,1,1,5,3,11,1851.41,0,1
6627.25,5,51,1,1,3,3,14,2048.2,0,1
1505.71,9,240,0,0,0,0,3,1960.4,0,0
7795.06,14,187,1,1,5,2,8,1675.93,1,1
2776.6,16,350,0,1,1,1,2,2105.99,0,0
12669.11,18,202,1,1,3,5,7,1683.88,0,1
15749.81,0,189,0,1,5,3,14,1467.16,1,1
5127.67,5,179,1,0,4,3,9,2450.59,1,1
1199.75,14,811,0,0,0,2,5,2272.27,1,0
1582.13,5,140,1,1,3,1,6,1938.91,1,1
2277.49,13,645,1,0,1,0,4,639.9,0,0
9610.09,14,92,1,1,5,4,7,919.08,1,1
2967.0,12,524,0,0,1,0,1,1789.27,1,0
4255.41,3,145,0,1,3,2,11,2031.38,0,1
2616.87,17,774,0,0,0,1,3,2148.78,0,0
16854.69,4,231,1,1,4,3,10,4204.17,1,1
4861.76,22,180,1,1,2,0,8,2329.16,1,1
3285.48,4,248,0,1,4,3,13,1886.14,1,1
7977.07,18,107,1,0,3,3,14,1933.2,1,1
3021.34,20,249,1,1,4,2,11,3007.61,1,1
1813.11,22,848,1,0,0,0,5,1234.68,0,0
6997.09,0,206,1,1,4,3,17,1433.15,1,1
1177.5,18,837,0,0,0,0,3,2648.45,0,0
1426.84,12,432,1,0,0,3,1,1107.01,0,0
1522.16,15,557,0,0,0,1,1,1951.39,1,0
2213.38,8,629,0,0,0,0,2,1953.05,0,0
9309.05,5,23,1,0,3,6,9,2391.26,0,1
1170.07,22,443,0,0,0,1,3,2646.19,0,0
3671.25,7,61,1,1,5,3,10,4198.9,0,1
1940.44,8,1277,0,1,0,0,3,2388.65,1,0
4293.4,10,1061,0,0,0,1,3,1235.82,0,0
1558.98,18,72,0,0,0,0,4,1073.83,0,0
12293.14,4,186,1,1,4,3,9,2400.19,1,1
2653.52,0,1,1,1,3,1,6,1408.68,1,1
14322.12,14,164,1,1,3,3,5,2988.1,1,1
2933.07,8,1385,0,0,1,0,4,1620.62,0,0
1575.0,21,842,0,0,0,0,1,1813.83,0,0
2196.56,19,216,0,0,0,0,2,2655.86,1,0
2353.48,15,1295,0,0,1,1,1,1759.72,0,0
7220.8,3,25,1,0,4,5,14,1904.28,0,1
2885.6,2,8,1,0,3,3,10,2089.47,1,1
1286.33,21,328,0,0,1,2,1,1436.52,0,0
2508.13,11,1358,0,0,0,1,3,1692.51,0,0
3091.49,20,474,1,0,0,3,5,2769.58,1,0
7780.36,5,77,1,1,3,2,12,1892.32,1,1
2475.06,12,883,0,0,0,1,2,3268.94,0,0
3058.18,14,95,0,0,0,0,3,1094.97,1,0
2286.22,10,782,0,0,1,0,1,2572.77,0,0
13283.8,4,33,1,1,3,5,11,1153.77,1,1
2752.38,14,150,0,0,0,1,6,1481.62,1,0
1067.37,12,1278,0,0,0,1,3,969.23,0,0
1789.34,20,686,0,0,0,0,2,1556.32,0,0
1536.55,8,334,0,0,0,1,4,2055.49,0,0
9167.54,2,140,1,1,2,0,12,2369.44,0,1
3029.32,1,108,1,1,2,4,7,2608.29,1,1
5284.57,3,238,1,1,3,3,11,1263.81,1,1
1780.74,17,780,0,0,0,0,3,2591.55,1,0
2111.25,9,1047,1,0,1,0,2,1770.22,0,0
11243.45,21,64,1,1,5,0,6,2905.07,0,1
1506.81,22,1344,0,1,1,0,1,1720.01,1,0
5194.47,22,504,0,0,1,0,5,1586.42,0,0
9818.28,2,166,0,1,3,1,12,1827.5,1,1
2250.83,16,1205,0,0,0,0,4,1762.46,0,0
7086.54,4,48,1,0,2,3,7,1874.3,1,1
7831.22,3,220,1,1,5,2,7,1920.64,0,1
1371.47,16,255,0,0,0,0,2,3044.06,0,0
1416.31,18,268,0,0,0,3,2,2592.33,0,0
4598.93,2,128,1,1,5,5,10,1497.23,1,1
3517.25,13,83,0,0,1,0,7,1583.81,0,0
1670.67,11,575,1,0,0,1,4,2501.58,0,0
2241.33,11,1078,0,0,0,0,2,1705.4,0,0
2181.46,12,743,0,0,0,1,3,3082.35,1,0
1959.8,20,84,0,0,0,0,2,1898.58,0,0
1941.08,8,589,0,1,0,0,1,1271.7,0,0
5484.31,20,68,1,1,5,3,10,1096.21,1,1
2256.95,13,586,0,0,1,0,5,2789.06,0,0
3258.67,1,229,1,1,4,2,5,3128.68,1,1
5858.62,19,1160,0,0,0,0,2,1881.76,0,0
3238.57,22,339,0,0,0,0,4,2747.7,0,0
2254.19,16,1345,0,0,0,1,2,1632.76,0,0
997.87,18,513,0,0,0,1,4,1047.44,0,0
1505.71,22,232,0,0,1,0,2,1335.94,0,0
8527.42,0,40,1,1,1,2,11,2550.97,1,1
11470.49,22,50,0,1,3,3,12,2487.39,0,1
795.07,21,1166,1,0,0,1,1,1933.75,0,0
3045.05,9,7,1,1,1,0,10,930.17,1,1
4350.46,19,1224,0,0,1,0,3,1471.13,0,0
4701.47,23,107,1,1,5,1,13,1311.29,1,1
1852.38,21,915,0,1,0,1,5,2979.44,0,0
5819.41,17,212,1,1,3,0,6,1889.32,1,1
1835.69,18,1050,0,0,1,0,0,2221.7,0,0
25742.87,9,187,0,1,4,7,6,2254.79,1,1
5429.81,3,109,1,0,5,3,4,1472.6,0,1
1675.52,15,708,0,0,0,0,6,3468.41,0,0
3820.28,11,783,0,0,1,0,3,1183.02,1,0
2810.03,19,820,0,0,1,2,5,2848.43,0,0
4663.07,3,206,0,1,5,3,6,1913.37,0,1
6250.95,3,244,1,1,3,3,14,2364.21,0,1
6294.3,4,14,1,0,5,3,8,2659.18,1,1
6323.58,1,209,1,0,5,3,8,1792.26,1,1
7718.29,3,16,1,1,3,4,11,4154.95,1,1
3136.8,2,45,1,1,2,4,5,1172.07,1,1
3077.15,20,164,1,0,1,3,5,1600.05,1,1
1412.4,9,865,0,0,0,3,5,1615.73,0,0
3218.65,12,694,0,0,2,0,1,1671.8,0,0
3166.95,8,374,0,0,0,1,8,1233.5,0,0
4575.35,22,46,1,1,3,3,7,2172.36,0,1
1779.5,15,262,0,0,0,0,1,2681.93,0,0
3931.3,3,178,0,0,3,4,8,1582.44,1,1
7864.01,10,207,1,1,2,2,12,2840.65,0,1
1812.58,15,443,0,0,1,0,5,1957.7,0,0
14786.22,1,216,1,1,5,0,8,2349.13,1,1
8151.32,18,24,1,1,4,1,5,858.74,0,1
6205.92,5,50,1,0,4,2,3,2069.23,1,1
6629.64,4,145,0,0,4,5,12,1868.21,1,1
1680.4,11,1344,1,0,0,1,3,1402.53,0,0
1280.03,8,1066,0,0,1,0,4,1823.14,0,0
2280.4,21,1416,0,0,0,2,0,1190.05,0,0
2277.46,15,521,0,0,1,0,3,2334.28,0,0
11642.59,2,202,0,1,1,5,9,1898.76,0,1
892.49,12,754,0,0,2,0,3,1000.13,0,0
942.57,13,546,0,0,1,0,3,2824.96,1,0
5269.42,5,100,1,1,3,2,9,2379.88,1,1
3172.27,18,985,0,0,0,0,3,2071.23,0,0
2944.82,1,21,1,0,4,2,15,2128.42,1,1
3075.04,19,726,0,0,0,1,3,1683.87,0,0
10404.74,5,50,1,1,4,3,9,2639.91,0,1
1856.35,9,800,0,1,0,0,3,1585.14,1,0
2554.0,20,75,0,0,0,2,4,1349.73,0,0
2948.06,8,172,0,0,0,1,2,1194.4,0,0
6606.36,5,127,1,1,4,4,9,3038.91,1,1
8040.52,2,79,1,1,5,2,6,1499.38,0,1
5786.84,1,33,0,1,5,3,13,3283.21,1,1
6556.2,5,40,0,1,3,3,8,1727.97,1,1
1926.6,16,206,0,0,0,1,2,2070.55,0,0
3926.23,5,10,1,0,5,3,7,1998.43,0,1
22295.5,3,106,1,1,3,2,4,1458.07,1,1
1391.26,11,677,0,0,0,0,2,2159.66,0,0
1977.19,15,162,0,0,1,0,1,1982.71,0,0
5006.83,2,109,1,1,1,2,4,1348.57,1,1
2845.01,13,1411,0,0,0,0,2,1015.69,0,0
3384.8,17,47,0,0,4,3,8,1247.62,0,1
3407.37,9,1314,0,1,0,0,4,1153.81,0,0
4116.9,14,188,0,0,0,1,1,2374.58,0,0
3390.15,8,707,0,0,0,0,0,950.27,0,0
4442.66,2,42,1,0,1,0,10,1877.07,1,1
2083.9,9,859,0,0,0,0,2,1036.67,0,0
9024.68,0,41,1,0,4,4,5,1184.52,1,1
2867.42,19,25,1,1,1,4,7,1904.95,1,1
1075.14,9,632,0,0,1,0,1,2161.6,0,0
6798.11,3,30,0,1,3,7,7,1030.0,0,1
1993.28,15,496,0,0,1,1,2,2618.55,0,0
8994.34,3,133,1,1,5,5,7,1706.38,0,1
4149.68,2,205,1,1,2,3,7,2006.82,1,1
1541.17,20,404,0,0,0,2,1,2421.01,0,0
1746.28,1,212,1,1,1,6,5,1412.63,1,1
3680.89,21,871,0,0,0,0,4,2302.13,1,0
12187.73,4,204,0,1,5,3,6,3065.45,1,1
3554.08,13,90,1,0,0,1,3,1743.66,0,0
4068.7,22,198,1,1,4,4,9,1675.83,0,1
8506.17,4,208,1,1,5,5,9,2243.84,0,1
2500.37,12,877,0,0,0,0,4,3522.34,0,0
3704.15,0,129,1,1,5,1,8,2491.71,1,1
1486.73,11,464,0,0,0,1,3,1832.35,0,0
12544.81,3,95,1,1,5,4,7,2034.25,1,1
16575.71,2,70,1,1,4,0,6,1181.51,1,1
9591.39,0,54,0,1,3,1,8,939.36,1,1
1636.08,21,1475,0,0,1,1,2,1363.78,0,0
5092.4,5,174,1,1,3,1,9,2454.14,1,1
5059.95,18,81,1,1,4,0,7,2406.53,0,1
5085.96,17,1096,0,0,0,0,3,1814.05,0,0
13235.82,5,39,0,1,5,3,6,1389.15,0,1
1620.39,22,793,1,0,0,0,5,2028.26,0,0
8772.28,16,173,0,1,3,3,7,1560.21,0,1
4301.64,1,199,1,1,5,2,6,1237.42,1,1
7519.98,2,26,1,1,2,6,10,2127.6,1,1
1943.86,20,1287,1,0,1,2,8,2985.33,0,0
888.92,13,1331,0,0,0,0,4,2353.25,0,0
4330.36,23,179,1,1,4,0,8,2092.61,1,1
2187.86,4,160,1,0,1,5,6,4747.01,1,1
2584.52,21,98,0,0,2,0,1,1425.51,0,0
786.28,9,999,0,0,0,0,0,1495.13,0,0
5504.49,5,68,1,1,4,2,7,1384.49,1,1
2274.56,8,547,0,0,0,1,4,2083.89,0,0
10539.51,21,98,1,1,5,1,10,1931.4,0,1
1295.67,8,1066,0,0,0,1,3,1369.97,0,0
3134.11,16,1043,1,1,1,0,1,2162.58,0,0
1081.79,8,714,0,0,0,4,4,1578.52,0,0
3365.61,12,859,0,0,1,0,3,1720.35,0,0
1145.19,22,69,0,0,0,1,4,1936.48,0,0
1465.8,17,777,0,0,1,1,3,2355.68,0,0
1593.71,9,1123,0,0,0,1,4,1372.74,0,0
7319.07,1,51,1,1,4,4,8,2159.39,1,1
3054.13,14,1344,0,0,1,1,3,1492.76,0,0
1676.66,8,352,0,0,0,2,2,1654.2,0,0
3493.08,5,230,1,1,4,4,9,1474.24,0,1
3474.02,21,298,0,0,1,0,5,1206.53,0,0
2716.23,18,1453,0,0,0,0,2,1528.72,0,0
1317.89,21,1432,0,0,1,1,0,2343.45,0,0
4851.91,9,165,0,1,5,7,6,1180.53,1,1
11734.46,0,188,1,1,2,1,7,1825.83,1,1
1018.76,21,388,0,0,0,2,5,717.68,0,0
7173.87,5,87,0,0,5,3,3,1119.92,1,1
1966.78,21,567,0,0,0,1,5,1359.73,0,0
2212.78,0,102,1,1,1,2,11,2428.25,1,1
2936.07,8,762,0,0,0,0,4,1614.7,0,0
1803.85,22,784,0,0,0,1,0,2118.72,0,0
1999.36,14,758,0,0,0,0,3,1930.88,0,0
6833.41,5,144,1,0,3,3,4,1697.67,1,1
10509.69,3,108,1,1,5,3,4,2081.26,1,1
1275.93,10,1065,0,0,0,0,3,919.23,0,0
2031.08,18,413,0,0,0,2,2,1694.94,0,0
1415.72,10,409,0,0,0,0,0,1800.41,0,0
4585.95,3,51,1,1,3,2,5,1305.25,1,1
5956.61,2,189,1,1,2,1,10,2843.92,1,1
4503.04,5,231,1,1,4,6,9,1580.37,0,1
5819.33,2,13,0,1,5,2,7,1797.62,1,1
13183.74,23,3,1,1,3,3,4,1337.44,1,1
3313.18,20,602,1,0,0,0,3,1154.74,0,0
3442.08,8,941,0,0,1,0,1,2615.19,0,0
3918.6,1,181,1,1,3,3,6,1696.05,0,1
6409.02,9,850,0,0,0,0,1,1417.92,0,0
1941.4,19,1409,1,0,0,1,4,1510.61,0,0
2331.27,17,1451,0,0,0,0,3,2291.97,0,0
4369.65,17,45,1,1,3,3,9,1405.42,1,1
2731.62,13,228,0,0,0,1,3,1616.67,0,0
2796.59,19,601,0,0,0,0,1,2295.72,0,0
14234.57,9,14,1,1,4,4,3,4485.32,1,1
3027.96,12,92,0,0,0,1,1,2529.2,0,0
4198.64,5,116,1,1,5,1,7,3098.22,0,1
3279.5,18,1399,0,0,2,1,2,1900.26,0,0
1240.95,13,315,0,0,0,0,2,1192.27,0,0
2952.57,2,219,1,1,5,5,8,2380.83,0,1
6533.16,2,156,1,1,3,3,9,1797.69,1,1
1317.09,21,754,1,0,2,3,6,2915.18,1,0
3682.19,2,59,1,1,4,6,12,1481.57,0,1
2752.2,13,1305,0,0,0,1,3,1740.2,0,0
5440.55,5,16,0,1,3,1,14,1978.87,1,1
1662.65,12,613,0,0,0,2,1,1515.17,0,0
3564.38,14,704,0,0,0,0,3,2070.19,0,0
2473.29,10,74,0,1,0,0,2,2092.23,0,0
1323.07,20,378,0,0,0,0,0,1665.03,0,0
1521.78,16,1063,0,0,0,1,4,1916.36,0,0
6466.99,2,150,0,1,2,3,4,1372.83,1,1
906.39,18,1396,0,0,1,1,1,2072.09,0,0
2343.8,15,521,0,0,0,1,3,1496.24,0,0
10531.64,0,23,0,1,3,3,10,2031.97,1,1
3971.39,14,41,1,1,1,4,6,1767.93,1,1
1587.56,16,654,1,0,0,0,7,2789.53,0,0
1634.18,9,803,0,0,0,0,3,3427.39,0,0
3626.85,8,905,1,0,0,0,3,1927.84,0,0
5420.52,0,247,0,0,5,7,9,1334.05,1,1
5037.45,2,126,1,1,3,5,3,2459.27,0,1
2366.23,4,217,1,1,3,1,5,1618.84,1,1
1715.42,16,776,0,0,1,0,4,1359.58,0,0
10244.72,5,13,1,1,3,5,6,2386.93,1,1
11348.53,1,199,1,1,4,5,6,1640.72,1,1
2507.79,15,361,0,0,0,0,0,1851.63,0,0
8017.33,2,237,1,1,5,4,7,1431.85,1,1
3747.51,8,1291,1,0,0,0,3,1161.22,0,0
3255.54,14,497,0,0,0,0,6,857.53,0,0
7684.22,1,172,1,1,1,3,7,2843.99,1,1
17833.5,0,50,1,1,2,4,6,1651.39,1,1
2000.33,1,203,1,1,3,6,9,1410.96,0,1
4589.67,12,215,0,1,5,4,8,1320.59,1,1
2181.12,10,890,0,0,0,0,6,2591.07,0,0
1287.6,22,1066,0,1,0,0,4,1519.15,0,0
4441.91,1,55,1,0,2,4,6,2147.34,0,1
3732.1,5,180,1,1,5,1,11,1213.96,1,1
1836.36,22,871,0,0,0,0,4,3161.29,0,0
2918.03,8,629,0,0,0,0,3,2399.06,0,0
6991.26,18,2,1,1,3,1,9,1911.35,0,1
1929.36,22,214,0,0,1,0,7,1422.28,0,0
1682.01,14,375,0,0,1,3,1,1553.7,0,0
4230.19,21,98,1,1,4,4,7,1535.79,0,1
1085.74,16,1215,0,0,1,2,4,3518.41,0,0
4075.93,20,1202,0,0,0,0,4,1816.09,0,0
2319.67,13,173,0,0,1,0,6,1991.62,0,0
1821.2,18,186,0,0,0,2,1,2188.08,0,0
4584.16,1,132,1,1,3,5,11,1527.79,1,1
2539.08,16,1398,1,0,1,0,1,3194.91,0,0
4474.78,21,174,1,1,5,2,3,3668.56,0,1
4640.53,4,186,0,1,3,3,8,2153.85,1,1
2269.21,4,5,1,1,4,5,11,3176.98,1,1
5063.44,21,141,0,0,0,1,1,3395.56,0,0
5236.96,21,21,1,1,3,4,5,1858.79,1,1
5634.87,0,92,0,1,1,2,14,1950.41,1,1
1270.75,16,1319,0,0,1,0,1,2494.23,0,0
3074.8,4,127,0,0,2,0,6,1421.18,1,1
3363.32,2,41,1,1,5,7,7,4490.6,0,1
1401.35,13,1047,0,1,0,0,4,2782.47,0,0
2157.51,18,1393,0,0,0,1,5,2789.18,0,0
1638.49,14,877,0,0,1,0,3,1878.74,0,0
7129.34,12,133,1,0,3,2,4,1586.8,0,1
3251.54,17,239,1,1,3,2,3,2134.41,1,1
1153.38,16,737,0,0,0,0,4,1391.66,0,0
3260.26,0,220,1,1,3,2,7,1484.77,1,1
4285.61,3,128,1,1,3,5,5,1815.98,1,1
3549.04,4,3,1,1,5,1,6,2341.8,0,1
1430.38,15,348,0,0,0,1,2,1269.07,0,0
6112.4,5,148,1,1,5,6,5,4259.61,1,1
1622.66,12,928,1,0,1,1,4,2315.83,0,0
2164.39,11,585,0,0,0,0,4,2031.27,0,0
1156.67,15,1217,0,0,0,0,3,1194.56,0,0
3642.96,9,787,1,0,0,0,4,2119.79,0,0
685.64,11,1016,0,0,0,1,3,1552.49,0,0
4210.26,4,240,0,1,5,2,9,1976.31,1,1
6394.65,5,175,1,1,3,5,7,1527.25,1,1
2571.27,14,865,0,0,1,0,1,1325.84,0,0
3626.96,5,58,1,1,5,2,8,1662.57,1,1
3635.77,11,728,0,0,0,0,2,2767.9,0,0
6056.22,6,196,1,1,3,2,5,1403.25,0,1
10562.51,6,66,1,1,3,2,6,3191.3,0,1
5408.42,22,253,0,0,0,0,4,6083.51,0,0
996.12,9,1100,0,0,2,0,1,1743.19,0,0
1989.19,20,839,0,0,0,0,2,1000.2,0,0
2638.11,21,1043,0,0,0,0,3,1578.3,0,0
2190.6,9,930,0,1,0,1,8,1272.79,0,0
1336.75,14,1116,0,0,0,3,5,1368.3,0,0
14262.99,2,36,1,1,1,1,9,2202.58,0,1
5126.8,9,185,1,1,2,3,3,1593.97,1,1
2905.27,20,146,0,0,2,1,0,2331.51,0,0
5195.82,4,79,1,1,3,1,16,1933.69,1,1
1095.95,19,1399,0,0,0,0,7,1762.69,1,0
1555.33,12,1151,0,0,0,0,2,2098.22,0,0
1553.73,12,1435,0,0,0,2,2,2999.02,0,0
17145.98,1,135,1,1,3,6,12,1676.76,1,1
1932.8,12,711,1,1,0,1,4,1216.57,0,0
5240.61,4,136,0,1,4,0,7,2894.32,1,1
2796.06,15,634,0,0,0,1,2,1907.09,1,0
2843.7,17,1228,1,0,1,0,1,1858.91,0,0
8282.5,13,1496,0,0,0,0,1,1939.45,0,0
7821.5,2,52,1,1,4,5,13,1740.64,1,1
1921.38,10,189,0,0,0,0,3,2584.73,0,0
2834.79,9,466,0,0,0,1,4,1486.81,1,0
10824.02,4,73,0,1,4,1,11,1797.38,1,1
6170.07,2,223,1,1,2,3,10,1431.54,1,1
2961.49,10,320,0,0,0,0,1,973.9,0,0
4289.72,9,1081,0,0,0,0,1,2077.71,0,0
1717.29,11,1157,0,0,0,1,2,1757.7,0,0
3846.53,12,1339,0,0,0,1,5,1574.05,0,0
3064.28,16,1206,0,0,0,1,4,1809.83,0,0
992.69,8,1423,0,1,0,0,2,1545.44,0,0
3556.54,5,146,1,1,4,2,10,1540.67,0,1
3094.56,1,245,1,1,3,5,9,1923.64,1,1
1283.9,9,420,0,0,1,0,0,3443.26,0,0
2937.87,22,710,0,0,0,0,0,1017.55,0,0
1982.26,9,894,1,0,0,3,8,1260.33,0,0
2228.3,15,268,0,0,0,0,3,1518.18,0,0
5359.31,18,860,0,0,0,0,5,1221.09,0,0
13377.94,4,84,1,1,1,1,5,1949.34,0,1
4250.79,4,172,1,1,4,5,11,1769.39,1,1
3019.25,2,54,1,1,4,4,12,1656.83,1,1
1151.07,8,211,0,1,0,0,4,2579.96,0,0
1644.33,20,1132,0,0,0,1,1,1724.6,0,0
5309.02,3,242,1,0,5,5,9,1905.05,1,1
2242.91,9,478,0,0,0,0,2,1811.49,0,0
7646.3,2,79,1,1,5,4,11,1845.45,1,1
12023.29,0,158,1,1,4,1,8,1729.58,0,1
2131.0,16,1420,0,0,0,0,4,3118.56,0,0
758.79,10,648,0,0,0,1,4,2381.21,0,0
2955.48,12,356,0,0,0,1,2,2772.03,0,0
4901.61,8,880,0,0,0,3,5,2053.5,0,0
4684.05,2,36,1,1,5,3,6,1240.77,1,1
1908.72,17,1003,0,0,1,0,6,2550.27,0,0
2521.66,17,607,0,0,0,1,0,1016.3,0,0
2045.3,16,787,0,0,0,1,5,1737.1,0,0
5507.25,0,89,1,1,2,1,10,1321.55,1,1
1142.37,8,744,0,1,1,0,4,2169.14,1,0
4405.56,10,1107,0,0,0,1,4,1627.91,0,0
6881.7,4,160,1,1,2,0,7,1359.58,1,1
6877.5,10,36,1,1,5,2,8,1801.3,0,1
898.0,18,630,0,0,0,1,5,1663.74,0,0
1949.01,22,777,0,0,0,0,4,2439.79,0,0
1435.63,14,108,0,0,0,1,2,4171.44,0,0
6920.25,8,144,1,1,1,4,15,1428.79,0,1
1668.0,22,109,0,0,1,2,2,994.25,0,0
2781.56,2,70,1,0,5,3,7,2259.58,1,1
10812.45,5,7,1,1,5,4,8,1669.23,1,1
9585.43,2,104,1,1,3,1,6,2059.65,1,1
1061.14,22,662,0,0,1,1,2,2739.67,0,0
3544.87,19,63,0,0,0,1,3,5053.95,0,0
1659.58,15,1063,1,0,1,1,1,1617.8,0,0
6573.86,17,785,0,0,2,0,2,2868.16,1,0
3503.95,5,229,1,1,2,3,6,1318.5,0,1
6490.91,3,248,1,1,4,3,8,2823.89,1,1
1835.39,15,737,0,0,0,0,6,2607.68,0,0
3099.61,10,809,1,0,0,0,2,2747.26,0,0
4028.07,4,221,0,1,3,2,9,2816.69,1,1
3308.62,11,343,0,1,0,0,5,2009.67,0,0
6206.25,4,236,1,1,5,4,5,2265.41,0,1
14267.47,4,206,1,1,3,0,7,2031.07,1,1
1915.9,15,723,1,1,0,0,0,2174.98,0,0
6355.68,12,116,1,1,2,2,9,1522.16,1,1
4946.44,18,801,0,0,0,0,5,1596.67,0,0
2572.67,16,228,1,1,4,5,9,2044.92,1,1
25017.07,4,138,1,0,4,3,13,2826.78,1,1
2031.99,17,85,0,0,0,1,3,1746.61,0,0
7566.07,2,159,1,0,1,4,6,1981.05,1,1
3213.26,22,1031,0,0,0,2,7,2000.91,0,0
2170.79,17,725,0,0,1,0,1,2649.02,0,0
10209.96,18,75,0,1,3,3,5,3025.58,1,1
13360.77,1,49,1,1,3,2,6,2508.18,1,1
18046.01,2,93,1,1,3,5,9,2027.84,1,1
1950.36,11,452,0,0,1,0,4,917.86,1,0
4214.12,22,889,0,0,1,0,3,2952.87,0,0
3721.73,17,1375,0,0,1,1,4,1864.67,0,0
8401.92,2,15,1,0,5,4,8,1173.37,1,1
2393.42,2,59,1,1,4,3,11,1410.35,1,1
4898.69,4,162,1,0,4,2,5,2667.14,1,1
7584.83,4,45,1,1,2,1,8,720.37,1,1
11480.59,19,198,0,1,3,4,8,2723.43,1,1
10456.86,0,143,0,1,4,3,2,2018.34,0,1
4189.1,3,11,1,1,4,5,7,2808.8,1,1
9171.16,18,181,1,0,4,3,11,2127.85,1,1
5189.89,20,113,0,1,1,3,5,2810.21,1,1
941.42,9,822,0,0,0,1,4,1475.56,0,0
1627.4,0,125,1,1,4,4,6,2247.16,1,1
7937.63,14,240,0,0,5,2,7,2156.3,1,1
2179.63,8,1115,0,0,0,0,5,1687.13,0,0
5937.06,16,115,1,1,4,4,9,2123.44,1,1
1286.24,21,1350,0,0,0,0,6,1223.95,0,0
16942.59,5,184,1,1,4,4,12,1487.39,1,1
1835.95,23,31,1,1,5,4,7,2060.75,0,1
557.81,21,220,0,0,0,0,4,862.47,0,0
1652.15,14,1131,0,0,0,0,0,2481.66,0,0
2674.11,16,558,0,1,0,2,5,2395.42,0,0
2610.65,9,1092,0,0,0,2,1,3180.36,0,0
4846.19,4,246,1,1,4,3,6,1341.27,1,1
1390.17,21,647,1,0,0,1,1,1143.99,0,0
2083.72,19,146,0,0,0,1,2,1780.28,0,0
857.54,9,541,0,0,0,1,2,1135.06,0,0
1142.4,10,1093,0,1,0,2,2,957.91,0,0
1806.76,18,1131,0,0,0,1,2,796.24,0,0
2076.1,16,951,0,0,0,0,4,2792.31,0,0
2947.28,13,1326,0,0,0,1,3,1479.77,0,0
1912.58,21,1125,1,1,0,0,2,1818.56,1,0
3047.66,19,1475,0,0,1,0,2,748.87,0,0
5157.37,1,162,1,1,3,4,7,1377.24,1,1
5033.55,14,54,1,1,1,3,6,3688.8,0,1
1880.16,18,1184,0,0,0,0,3,1722.03,0,0
2472.59,2,221,1,1,4,2,8,1675.15,0,1
1648.58,15,402,0,0,0,0,1,1170.24,0,0
5103.0,3,56,0,1,4,1,8,4076.37,1,1
1591.5,10,77,0,0,0,0,7,1158.19,0,0
1976.28,9,522,0,0,1,1,2,1865.07,0,0
14844.71,12,173,0,1,1,0,6,2027.3,1,1
2694.37,10,795,0,0,0,0,2,1653.27,0,0
2492.49,18,880,0,0,0,0,2,2162.34,0,0
2311.11,12,413,0,0,0,1,0,2158.37,0,0
4992.76,0,189,1,0,5,1,5,2703.18,1,1
5177.94,7,210,0,1,5,4,13,1131.85,1,1
6299.42,10,213,1,1,4,2,10,2052.2,1,1
6240.01,2,31,0,1,3,4,6,1779.53,1,1
2058.01,22,624,0,0,0,0,5,1531.91,0,0
980.58,20,249,0,0,0,0,4,1839.43,0,0
5926.2,0,67,1,1,1,3,9,1757.36,1,1
9497.17,5,17,1,1,5,2,9,2387.94,1,1
2017.38,5,53,1,1,3,2,7,1508.29,1,1
3830.84,0,113,1,1,3,3,10,1189.59,1,1
4004.34,14,550,0,0,0,1,3,1957.09,0,0
1226.99,9,1221,0,0,0,0,1,1740.75,0,0
590.06,12,1399,0,0,1,1,2,1672.8,0,0
18182.06,20,108,1,1,4,2,10,1554.52,1,1
1985.45,20,970,0,0,0,0,0,2764.25,0,0
4395.61,5,99,1,1,2,4,6,1380.04,1,1
5708.59,0,60,0,1,5,2,8,2359.33,1,1
1728.18,19,788,0,0,1,1,3,2855.55,0,0
1732.75,22,866,0,0,0,0,0,3443.39,1,0
10080.65,20,155,1,1,5,6,12,978.12,0,1
4641.93,20,1239,0,0,0,0,2,1686.61,0,0
3504.77,4,82,1,0,4,3,5,2718.99,1,1
7250.89,2,95,1,1,5,2,4,1098.42,1,1
2544.93,22,921,0,0,0,0,2,2393.86,0,0
1529.08,11,268,0,0,0,1,5,1539.13,0,0
1729.69,8,1125,0,0,1,0,6,1337.96,0,0
1491.09,17,1056,0,0,0,0,3,3464.76,0,0
25585.37,16,133,1,1,4,1,10,1744.72,1,1
2016.49,16,442,0,0,0,1,5,1485.89,0,0
3845.62,4,128,1,0,5,4,9,2860.16,0,1
7913.12,2,111,1,0,4,3,4,1817.1,1,1
15218.5,0,45,1,1,2,0,9,909.85,0,1
4700.93,3,163,1,1,3,4,8,1650.42,1,1
7951.63,16,182,0,1,2,1,8,1838.46,0,1
1775.12,9,721,0,0,0,0,3,1676.68,0,0
3482.05,17,46,1,1,4,7,6,1496.01,0,1
1385.21,17,957,0,0,0,2,4,833.16,0,0
3612.79,15,427,0,0,0,0,6,2762.38,0,0
2932.84,18,276,0,0,0,0,1,1561.87,0,0
6169.74,5,13,1,0,2,4,12,2527.14,1,1
3638.44,18,169,0,0,0,2,4,2326.01,0,0
31066.18,4,139,1,1,4,7,8,1125.15,1,1
4105.24,1,44,1,1,4,1,4,2361.46,0,1
4328.8,1,171,0,1,3,5,11,1810.94,0,1
2119.17,22,727,0,0,0,2,6,2457.48,0,0
5690.16,4,7,1,1,2,1,3,1268.42,1,1
7378.53,9,246,1,0,2,2,9,1385.67,1,1
2563.34,16,509,0,0,0,0,3,1376.02,0,0
4127.94,14,1032,0,0,2,0,2,1565.93,0,0
3639.88,0,98,1,1,3,3,9,2137.83,0,1
1843.99,17,1185,1,0,0,1,3,3616.5,0,0
5535.96,4,76,1,1,3,1,8,1379.23,1,1
2758.81,4,115,0,1,3,2,5,2068.45,0,1
5698.35,2,26,1,1,5,6,3,1709.13,1,1
2983.82,1,24,1,1,2,4,6,1745.65,1,1
3767.64,2,83,1,1,3,5,12,2669.25,1,1
2290.52,18,722,0,0,0,0,4,1463.74,0,0
2732.77,20,1152,0,1,0,0,2,1926.57,0,0
7767.23,0,129,1,0,5,2,9,2228.1,0,1
3827.89,5,144,1,1,3,3,5,1001.32,1,1
2686.67,16,258,0,0,1,0,3,1054.55,0,0
4057.76,5,82,1,1,4,3,3,1612.32,1,1
1571.51,16,1074,0,0,0,2,8,1678.59,0,0
4654.15,5,182,1,1,2,4,5,1066.3,1,1
6924.98,21,13,1,1,3,2,12,2542.68,1,1
6506.63,1,53,0,1,2,2,13,2852.86,0,1
5977.68,0,196,1,1,3,4,10,2368.85,1,1
6381.83,2,148,1,1,3,0,9,1292.45,0,1
5901.57,0,147,1,1,2,0,11,4541.58,1,1
2778.97,10,1353,0,0,0,3,2,1630.29,0,0
785.16,9,652,0,0,0,0,4,2195.12,0,0
1345.15,18,244,0,0,0,2,5,2545.38,0,0
2780.14,19,1456,0,0,0,0,4,2227.19,0,0
16848.49,10,27,0,1,5,3,7,2112.56,1,1
2631.6,16,1253,0,0,0,1,4,2076.44,0,0
2147.35,11,202,0,0,0,2,1,1042.73,0,0
1926.06,20,355,0,0,0,0,3,2552.95,0,0
8408.1,5,213,1,1,3,2,10,1062.79,1,1
9496.79,11,240,1,1,3,3,5,1275.4,1,1
8438.72,2,223,1,1,4,4,8,1821.76,0,1
1015.01,12,149,0,0,0,1,6,1161.12,0,0
5663.64,5,174,1,1,2,4,7,1900.45,0,1
4851.57,19,98,1,1,3,4,13,1836.64,0,1
4883.59,7,235,1,1,4,3,7,2047.35,0,1
4464.69,8,238,1,1,4,3,10,1346.34,1,1
1751.97,19,1422,0,0,0,0,3,1839.05,0,0
4781.58,3,227,1,1,3,1,7,1518.59,1,1
1564.34,12,1216,0,0,2,0,4,2982.14,0,0
11473.67,2,125,1,1,5,3,6,1054.01,1,1
1412.52,13,388,0,0,0,0,2,1001.1,0,0
2624.3,5,176,1,1,5,4,12,1892.66,0,1
3979.21,16,985,0,0,0,1,3,1398.58,0,0
2782.78,8,131,1,1,1,4,9,2834.7,0,1
1427.64,10,275,0,0,0,1,2,1216.29,0,0
2775.92,20,729,0,0,0,0,2,2268.01,0,0
1796.12,8,1117,0,1,0,0,4,1858.03,0,0
9824.33,1,76,1,1,3,1,8,1487.1,0,1
2218.7,16,229,0,0,1,0,2,1819.73,0,0
2878.64,20,723,1,0,1,1,3,1096.28,0,0
1608.49,20,1325,0,0,2,0,3,1527.16,0,0
1800.75,12,754,1,0,0,0,1,1390.51,0,0
2996.81,16,1218,0,0,0,0,4,1968.85,1,0
1190.23,9,1077,1,0,1,0,3,977.81,0,0
6989.78,15,17,1,1,5,2,7,1245.96,1,1
27422.34,21,88,1,0,5,1,6,2717.63,0,1
1604.55,19,1073,0,0,0,0,3,1645.66,0,0
10229.85,0,135,1,1,5,2,8,2029.43,0,1
4247.28,2,213,0,1,3,4,8,1139.91,1,1
1471.86,16,101,0,0,2,1,5,1136.26,0,0
1338.29,17,940,0,0,0,0,2,1378.59,0,0
6582.16,23,217,1,0,4,7,9,1943.81,1,1
4333.99,13,112,1,1,3,1,14,1350.01,1,1
1804.97,22,763,0,0,0,1,5,1624.69,0,0
10706.94,13,90,0,1,4,2,8,2070.66,0,1
2433.8,9,1250,0,0,2,1,2,1913.71,0,0
5835.93,2,241,1,1,1,1,8,2372.25,1,1
2695.07,15,1344,0,1,1,2,2,1543.49,1,0
7453.95,3,201,1,1,5,2,5,1507.43,1,1
2455.82,13,876,1,0,0,0,2,1873.05,0,0
2037.51,18,73,0,0,2,0,2,1783.52,0,0
1260.87,17,1160,0,0,0,1,5,2019.56,0,0
5475.83,5,72,1,1,4,4,9,2691.98,0,1
2516.12,20,879,0,0,0,1,3,2161.85,0,0
759.07,10,291,0,0,0,1,1,1627.74,0,0
1267.15,17,804,0,0,1,0,2,914.78,0,0
3757.92,21,1230,0,0,0,1,3,2392.65,1,0
1929.59,12,214,0,1,0,0,3,867.26,0,0
566.82,21,1142,0,0,0,0,3,1211.39,0,0
2010.7,20,991,0,1,0,0,2,1220.09,0,0
7618.5,4,174,1,1,4,6,4,1493.85,1,1
23896.68,0,19,1,1,1,1,5,1813.66,1,1
1915.39,15,98,0,0,0,0,1,1438.63,0,0
3791.15,1,64,1,0,2,3,6,2608.19,1,1
10138.78,3,236,1,1,2,4,5,1629.48,1,1
1239.59,19,469,0,0,2,0,5,2748.7,0,0
2150.65,9,68,1,1,5,8,8,1565.63,1,1
2992.94,21,80,0,0,1,0,6,1769.93,0,0
1790.62,21,111,0,0,0,0,1,1414.3,0,0
5685.45,4,65,1,1,4,1,9,981.74,1,1
7570.42,14,158,1,1,5,1,5,1636.1,1,1
1306.91,14,1250,0,0,0,0,3,1894.55,1,0
8046.4,1,7,1,1,5,3,5,1731.14,1,1
6654.2,5,41,1,0,4,5,7,2360.69,1,1
2739.07,11,1497,0,0,0,0,4,1700.1,0,0
4765.79,1,188,1,1,2,5,7,2216.07,1,1
2036.06,11,1196,0,0,1,0,3,1283.96,0,0
2812.89,10,857,0,0,1,0,2,1749.23,0,0
1715.56,22,808,0,0,0,0,1,2445.09,0,0
871.41,9,1394,0,0,1,0,4,3137.86,0,0
2749.73,22,193,0,0,0,0,2,1789.86,0,0
4732.43,1,227,1,1,3,2,12,1819.24,1,1
6798.5,0,220,0,1,5,1,7,2101.05,1,1
3909.72,13,778,0,0,1,1,2,2721.03,0,0
2282.99,14,154,0,0,0,2,3,1494.96,0,0
3846.31,12,702,0,0,0,1,2,1721.21,0,0
1152.78,22,1069,0,0,0,4,1,1347.2,0,0
2452.8,18,218,1,1,3,2,12,805.14,1,1
5401.54,4,129,0,0,3,3,8,4041.08,1,1
1570.21,14,347,0,0,1,3,3,2518.9,0,0
17474.79,1,163,0,1,5,6,8,880.94,1,1
3299.7,17,858,0,1,1,1,1,1423.71,0,0
7466.52,5,242,0,1,4,3,9,830.86,1,1
3183.82,16,777,0,1,1,0,2,1731.63,0,0
2060.05,17,1240,0,0,0,0,3,1120.79,0,0
1406.33,19,565,0,0,0,0,7,2276.38,0,0
2722.89,20,1442,0,0,0,0,2,2338.74,0,0
2393.6,21,686,0,0,0,0,2,1647.99,0,0
2291.79,10,804,0,0,0,0,2,1144.2,0,0
3199.21,1,161,1,1,5,4,10,1784.84,1,1
1246.78,20,797,0,0,1,0,1,2573.77,0,0
8481.03,5,213,1,0,3,3,7,2121.99,1,1
1420.46,17,251,0,0,0,0,2,1464.22,0,0
4148.04,1,205,1,1,3,1,8,3365.48,0,1
5021.55,1,136,0,1,4,5,4,2266.2,1,1
5465.77,3,195,0,1,2,2,12,1303.39,0,1
2557.88,9,800,0,0,0,2,3,1561.08,0,0
5367.94,5,209,1,1,1,1,8,3541.89,1,1
816.83,15,479,0,0,0,1,4,1708.63,0,0
4109.05,17,1182,0,0,0,0,4,1500.69,0,0
5090.74,10,241,1,0,3,3,10,1769.44,1,1
8742.07,5,196,1,0,5,3,11,1149.35,1,1
6757.71,21,210,1,1,5,3,16,1763.84,0,1
2426.26,15,278,0,0,0,1,3,2353.05,0,0
1274.5,10,942,0,0,0,1,4,2492.14,0,0
2468.49,20,490,0,0,0,1,6,2804.05,1,0
1862.29,13,68,0,0,0,1,2,2852.0,0,0
5113.42,14,123,0,0,0,0,4,897.14,1,0
3310.03,10,1114,1,0,0,0,2,1382.31,0,0
2642.61,11,312,1,1,0,0,3,3024.88,0,0
8899.54,0,9,1,1,3,4,10,2213.17,1,1
2430.87,10,1298,0,0,0,0,2,1965.07,0,0
3752.41,15,80,1,1,4,0,6,3202.45,1,1
1651.29,16,715,0,0,1,0,1,1718.41,0,0
1740.21,19,205,0,0,2,0,3,2199.37,0,0
2106.17,20,402,0,0,0,0,3,2169.75,0,0
6715.14,1,194,1,1,1,4,8,3832.14,1,1
6409.78,0,13,1,1,3,7,9,1079.38,0,1
7053.11,13,15,1,1,4,3,9,1307.3,1,1
13938.29,11,114,0,0,4,5,12,1495.14,0,1
1825.94,19,186,0,0,0,0,3,1558.08,0,0
4316.26,3,209,1,1,5,1,14,1729.43,1,1
3199.58,9,1422,0,0,0,0,2,1739.78,0,0
3826.13,11,230,0,0,0,0,3,1529.9,0,0
8131.38,3,201,1,1,3,2,5,4977.21,1,1
3578.28,18,452,0,0,0,1,4,1870.63,1,0
8543.58,5,80,1,1,4,3,7,3027.24,1,1
3063.43,18,1464,0,0,1,0,6,2366.74,0,0
4499.96,22,124,1,1,5,5,6,2442.7,1,1
1097.72,11,391,0,0,1,1,1,3084.6,0,0
4161.83,3,219,1,1,4,3,8,1588.1,1,1
1212.87,17,621,0,0,0,0,1,1731.28,0,0
2618.75,21,571,0,0,0,0,2,1709.04,0,0
4572.82,20,26,1,1,3,1,14,2589.42,0,1
3199.78,6,167,1,1,3,3,14,3123.88,1,1
9566.64,1,129,1,1,3,3,6,1469.62,0,1
2725.68,10,1380,0,0,0,1,3,1797.44,0,0
12444.02,19,219,1,1,3,3,15,3813.05,0,1
6797.76,7,68,1,1,5,0,10,3593.73,0,1
5844.56,2,20,1,1,4,3,10,696.68,1,1
2258.84,9,1073,1,1,1,1,7,1324.73,0,0
2129.25,0,94,1,1,3,1,6,2407.99,1,1
2099.32,9,572,0,0,0,0,2,1903.41,0,0
1816.39,8,1444,0,0,0,0,1,1397.15,0,0
3601.0,12,135,1,1,3,2,10,1450.11,0,1
11752.71,5,139,1,1,2,2,8,2457.18,1,1
3104.88,1,216,1,0,5,4,6,2142.58,0,1
1490.32,17,1446,0,0,1,1,4,1951.7,0,0
2662.68,17,1347,0,0,1,1,3,1648.75,1,0
7506.77,1,166,1,1,4,3,12,2192.85,1,1
6329.27,8,150,0,0,2,1,1,2455.18,0,0
9679.37,14,213,0,1,3,4,5,1157.64,0,1
4130.83,9,204,1,0,5,1,8,2381.82,0,1
1391.35,10,81,0,0,0,2,3,2453.58,0,0
1551.49,12,403,0,0,2,2,2,1598.92,0,0
2867.56,11,1284,0,0,0,2,3,1894.26,0,0
1869.41,21,921,0,0,0,1,3,1146.6,0,0
3555.54,14,989,0,1,0,1,2,1932.02,0,0
2001.72,2,65,1,1,5,5,9,1444.85,1,1
1772.96,12,1172,0,0,1,2,4,780.89,0,0
2691.21,12,1410,0,0,1,0,8,1748.8,0,0
2810.25,2,202,1,1,5,2,9,758.36,1,1
2127.52,19,407,1,0,0,1,5,2121.03,0,0
1946.14,17,165,0,0,0,0,4,2899.19,0,0
1019.57,20,1269,0,0,1,0,4,1282.5,0,0
6131.15,10,185,1,1,4,2,5,2318.27,1,1
2721.45,18,624,0,0,0,0,7,1878.69,0,0
7110.23,4,147,1,1,4,3,8,2161.9,1,1
2665.83,19,809,0,0,0,0,1,1534.0,0,0
1617.22,15,1110,0,0,0,1,1,2181.14,1,0
9632.88,4,113,1,1,3,3,9,1663.71,1,1
6786.03,1,247,1,1,3,3,3,1323.94,1,1
1279.64,3,143,1,1,4,3,9,1932.96,1,1
9819.93,16,221,0,0,5,4,6,1960.51,0,1
1954.28,19,68,0,0,0,1,2,1041.92,0,0
13327.8,5,41,1,1,2,6,8,2011.82,1,1
4543.77,13,189,1,1,3,3,2,2862.3,0,1
5188.32,2,104,1,1,4,4,6,1632.6,0,1
6137.23,4,29,1,1,3,4,8,996.85,1,1
4060.17,1,119,0,1,3,3,5,1007.57,0,1
11944.88,5,50,1,1,4,1,3,1568.58,1,1
11725.19,3,77,1,1,1,4,8,1924.21,1,1
8384.23,2,210,1,1,3,2,6,2030.6,0,1
1900.27,16,1204,1,0,0,1,2,3615.95,0,0
2559.03,16,1403,1,0,0,0,2,1202.12,0,0
6759.32,3,101,1,1,2,4,10,2150.5,0,1
5016.98,9,137,1,1,3,4,6,1433.11,0,1
837.11,14,686,1,0,0,0,2,1166.78,0,0
2361.95,21,365,0,0,0,1,3,3070.74,0,0
6032.59,1,246,1,1,5,3,14,962.05,1,1
1561.65,17,91,0,1,1,1,2,547.92,0,0
5032.98,5,80,1,0,3,3,4,1398.59,0,1
2383.72,4,71,1,1,2,1,6,1145.51,0,1
986.51,15,659,0,0,0,1,1,2745.71,0,0
2307.12,8,1341,0,0,0,0,2,1137.61,0,0
1831.66,12,852,0,1,0,1,3,1355.63,0,0
5718.62,14,135,1,1,2,1,6,1011.14,1,1
2626.44,9,617,0,0,0,2,6,2233.28,0,0
2269.58,21,628,0,0,0,1,3,3051.18,0,0
2658.86,20,674,0,0,0,0,2,2879.41,0,0
1304.24,14,403,0,0,0,0,4,1729.65,0,0
1815.02,22,321,0,1,1,0,1,1502.19,1,0
3469.18,18,1441,0,0,1,0,3,1199.84,0,0
1282.16,14,914,0,0,0,1,4,1092.29,0,0
1830.92,17,1036,0,0,0,0,3,2119.44,0,0
1060.9,19,766,1,0,0,0,3,1061.36,0,0
1836.07,19,1355,0,0,0,0,0,1547.72,0,0
9595.13,0,164,1,1,4,1,9,2307.75,1,1
1438.8,9,1273,0,0,0,1,2,1213.28,0,0
1229.05,10,1035,0,0,0,0,4,1532.07,0,0
8056.46,3,72,1,1,1,4,7,1025.74,0,1
3166.89,2,165,1,1,3,4,9,872.37,0,1
6043.85,5,34,1,1,3,6,7,1824.18,1,1
7139.75,5,38,1,1,1,5,9,2221.89,0,1
1393.2,15,1466,0,0,0,0,2,1625.02,0,0
5482.52,14,374,0,0,0,1,0,950.84,0,0
3138.73,20,196,0,1,3,2,10,1456.44,0,1
1220.71,8,134,0,0,0,0,3,2313.49,0,0
2694.59,1,38,1,1,3,4,5,1046.09,0,1
1693.52,1,88,1,1,4,5,5,2725.67,1,1
1657.23,17,519,0,0,0,1,3,1017.84,0,0
3387.01,8,5,1,0,5,5,10,2133.58,0,1
3128.75,11,394,0,0,0,1,5,2071.05,0,0
7186.89,5,146,1,0,4,1,7,1049.76,1,1
8973.55,0,135,0,1,1,5,11,1529.75,1,1
2757.84,15,1388,0,0,0,0,3,1993.45,0,0
899.38,11,161,1,0,0,0,0,1158.23,0,0
20292.6,3,150,1,1,4,5,9,1817.56,1,1
1303.74,15,1118,0,0,0,0,0,1185.25,0,0
4566.02,1,10,1,1,4,3,5,1838.7,1,1
3036.41,18,395,0,0,0,0,4,2234.33,0,0
14108.64,16,100,0,0,3,5,9,3077.16,0,1
1205.4,12,1235,0,0,1,1,5,2200.82,0,0
1741.9,19,332,0,0,0,2,2,2646.91,0,0
3111.98,1,146,1,1,5,2,6,1461.02,1,1
11773.88,4,67,0,1,4,6,11,1231.8,1,1
1242.67,19,1424,0,0,1,0,4,1886.98,0,0
4571.33,6,10,0,1,3,1,9,1412.65,1,1
19779.86,1,220,1,1,5,6,10,3312.51,1,1
11604.26,2,87,1,1,2,5,9,1030.98,1,1
4461.17,4,142,0,1,4,3,3,1796.8,1,1
10260.75,2,229,1,1,3,3,5,1542.88,1,1
1134.93,13,923,0,0,0,0,6,1396.74,0,0
987.56,15,1032,0,0,1,0,3,1448.73,0,0
3041.64,14,941,1,0,0,0,2,1524.83,0,0
5629.32,2,124,1,1,5,1,7,995.09,1,1
1235.34,15,1431,0,0,0,1,1,2818.49,0,0
2467.36,17,383,0,0,0,0,2,1614.98,0,0
5373.74,3,217,1,1,3,1,13,3395.62,1,1
3530.97,5,131,1,1,5,3,7,821.72,1,1
1889.3,20,937,0,0,2,0,6,1680.25,0,0
2580.78,14,1012,0,0,1,0,4,1784.85,0,0
2473.74,8,198,0,0,0,0,8,2009.35,0,0
8674.65,1,107,1,1,5,2,9,1997.35,1,1
7938.81,2,67,1,1,4,3,10,1161.66,1,1
4834.83,3,14,1,1,5,2,8,3103.46,1,1
1540.52,22,856,0,0,0,1,3,688.39,0,0
1195.6,20,1158,0,0,1,0,5,2802.91,0,0
4593.0,3,2,1,1,4,5,9,1342.33,0,1
5844.97,4,175,1,1,5,0,5,1211.91,1,1
4357.04,10,251,0,0,0,0,3,3237.59,0,0
4641.7,8,728,1,0,0,1,6,1624.13,0,0
2022.11,19,1435,0,0,0,0,4,3241.05,0,0
1979.52,15,1349,0,0,1,0,3,1392.62,0,0
2372.73,15,1155,0,0,1,0,3,2401.81,0,0
5264.19,2,142,1,0,2,2,16,1410.73,0,1
1952.76,10,166,0,0,0,0,1,1830.24,0,0
2088.41,21,1347,0,0,0,0,5,1929.09,1,0
10606.24,5,201,1,1,1,3,7,1892.67,1,1
6037.59,3,188,1,1,3,2,6,1433.58,1,1
9880.19,6,206,1,0,4,1,9,1840.16,1,1
2784.36,15,990,0,0,0,1,4,2163.94,0,0
2136.57,15,1397,0,0,0,0,0,1070.66,1,0
11859.98,3,171,1,1,4,4,6,2004.31,1,1
5071.85,10,649,0,0,0,3,4,1730.15,0,0
1005.94,12,566,0,0,0,0,5,1929.37,0,0
2957.87,18,1352,0,0,0,0,2,1550.21,0,0
8554.79,20,102,1,1,4,5,6,2767.02,1,1
9270.39,14,8,1,1,5,2,7,1356.7,0,1
4945.86,4,142,1,1,4,1,5,2343.46,1,1
2503.63,15,789,0,0,0,0,2,3944.65,0,0
3407.69,18,94,1,1,3,4,3,2719.64,0,1
3680.68,20,1269,0,0,0,0,3,1591.91,0,0
4183.43,8,1458,0,0,0,0,7,2664.99,0,0
14696.93,2,70,1,1,2,1,9,1041.49,1,1
3740.97,18,36,1,0,2,2,7,1131.41,0,1
7092.72,6,146,1,0,3,4,6,1467.26,1,1
16240.43,1,156,1,1,5,3,15,1615.61,1,1
8963.09,4,217,0,1,1,2,2,1701.83,0,1
1795.03,15,102,1,1,3,3,7,699.14,1,1
4060.98,0,163,1,0,3,1,12,1438.93,1,1
6425.71,1,195,1,1,5,3,5,1438.85,0,1
1746.56,19,208,0,0,0,1,4,2265.03,0,0
1973.46,9,712,0,0,0,0,3,2807.27,0,0
3845.44,19,1099,0,0,0,3,2,2810.61,0,0
2119.53,13,137,1,1,2,4,9,1582.56,1,1
6265.35,0,148,1,1,3,7,14,1233.53,0,1
9426.77,0,105,1,1,1,1,9,2051.68,1,1
7433.61,21,165,1,1,5,4,4,1247.58,1,1
4761.03,1,20,0,1,3,3,9,1763.4,1,1
1970.41,14,1346,1,0,0,0,2,2463.22,0,0
1437.75,9,453,0,0,0,0,2,1556.85,0,0
7191.41,3,148,1,0,3,5,4,1802.95,0,1
1635.34,21,465,0,0,1,0,1,1577.13,0,0
3519.91,21,265,1,0,1,2,5,1447.81,0,0
2021.7,10,805,0,0,1,0,3,2987.39,0,0
919.92,22,69,0,0,0,1,4,1378.85,0,0
6149.36,14,136,1,1,5,2,7,3662.01,1,1
2816.05,12,671,0,0,0,0,6,1973.98,0,0
9034.82,4,18,0,1,3,2,14,801.1,0,1
1173.9,19,1258,0,0,0,3,4,2031.18,0,0
4303.23,4,77,1,1,4,5,10,1032.45,0,1
4164.31,2,220,1,0,4,1,6,1453.7,1,1
9546.59,8,189,1,1,5,5,14,936.94,1,1
1217.17,13,248,0,0,0,0,1,2181.82,1,0
1731.5,14,337,0,0,0,0,4,1694.97,0,0
4390.58,13,146,0,0,0,2,3,2160.87,0,0
4211.84,2,146,1,1,4,5,7,6158.55,0,1
11117.18,0,148,0,1,4,1,11,1214.1,1,1
3598.97,8,138,1,1,5,5,14,1642.92,1,1
1445.37,22,1367,0,1,0,0,4,1408.75,0,0
3256.21,22,808,0,0,0,0,2,2133.89,0,0
1068.67,10,1255,1,0,0,1,3,936.32,0,0
10896.8,4,144,1,1,5,1,6,1723.7,0,1
7679.77,13,120,1,1,2,2,7,1299.29,1,1
9949.43,1,10,1,1,3,5,7,2150.51,1,1
2686.66,14,458,0,0,0,0,2,1177.73,0,0
2231.45,9,241,0,1,1,0,4,1616.24,0,0
5276.56,1,74,0,1,4,2,9,2647.65,0,1
6351.7,7,77,1,1,4,2,6,2383.98,1,1
1104.74,10,388,0,0,0,0,2,1718.36,0,0
9594.86,0,74,1,1,4,5,7,1445.93,1,1
4047.16,0,29,0,1,5,4,14,1325.87,1,1
2414.73,13,422,0,0,0,0,4,959.05,0,0
5885.07,1,172,0,1,3,2,8,2872.89,1,1
2614.23,11,1092,0,0,0,1,7,2463.1,0,0
18557.38,4,68,1,0,5,3,4,2210.79,0,1
5833.17,5,217,1,1,4,2,6,1713.46,1,1
795.97,16,1014,0,0,1,0,2,1200.45,0,0
3568.15,2,109,1,1,4,8,13,3178.2,1,1
8154.31,4,118,1,1,2,2,8,1532.09,0,1
5930.42,2,171,1,1,4,1,5,1911.35,1,1
2764.26,14,766,0,0,0,1,5,2442.66,1,0
2913.6,1,168,1,1,2,5,9,2188.42,1,1
2716.23,19,486,0,0,0,1,3,1055.83,0,0
5627.96,3,57,1,1,5,3,4,1351.39,0,1
1959.39,20,1370,0,0,0,0,4,2221.3,0,0
1473.14,8,1489,0,0,0,1,2,2886.94,0,0
2569.57,4,239,1,1,4,4,11,2964.73,1,1
4136.57,5,75,0,1,5,1,5,1881.25,0,1
5263.41,0,125,1,1,2,4,11,2055.74,1,1
2620.18,17,1138,0,0,0,0,2,2641.48,0,0
7069.53,17,95,0,0,2,4,10,2428.59,1,1
948.79,19,401,0,0,0,0,3,1252.13,0,0
2415.76,13,434,0,0,0,0,2,2008.64,0,0
13142.82,12,183,1,1,2,6,9,1754.77,0,1
8158.86,5,69,1,1,4,5,9,1847.78,1,1
6424.32,5,167,1,1,5,3,9,3057.72,0,1
6955.73,4,11,1,1,4,5,3,1902.17,0,1
10993.46,21,29,1,1,5,2,3,1337.78,1,1
2385.43,0,29,1,1,2,1,11,1775.59,1,1
1482.98,12,1389,1,0,1,0,5,1704.44,0,0
1074.52,17,1305,0,0,0,0,3,2432.48,0,0
13013.0,2,5,1,1,3,2,10,1865.09,1,1
2943.34,19,177,1,1,1,4,11,1793.65,0,1
2915.88,17,1379,0,0,0,1,2,3015.56,0,0
848.18,15,1050,0,0,1,0,0,2176.26,0,0
5072.18,4,86,0,1,4,5,7,1761.8,0,1
5482.51,1,142,1,0,4,3,9,796.86,1,1
2071.45,17,1486,1,0,2,1,1,3262.96,0,0
11679.1,2,78,1,0,1,2,4,1594.23,1,1
843.41,17,1119,0,0,1,0,2,1239.24,0,0
6783.46,4,128,1,1,5,4,10,840.38,0,1
3575.86,0,84,0,1,3,5,6,1781.71,0,1
810.42,22,868,0,0,1,1,4,1992.11,1,0
5739.13,2,160,1,1,4,7,5,966.45,0,1
5326.15,12,208,1,1,5,5,15,1473.87,1,1
1745.16,13,1265,0,0,0,1,3,1954.23,0,0
2419.9,13,135,0,0,0,0,2,918.97,0,0
4586.03,6,183,0,1,4,0,3,2197.23,0,1
2183.39,17,1021,0,0,0,1,3,1655.2,0,0
1093.81,10,112,0,0,0,1,4,864.81,0,0
5850.88,5,91,1,1,3,2,6,2057.0,0,1
1035.17,22,1248,0,0,0,0,6,5242.21,0,0
1820.17,19,541,0,0,1,0,3,1681.1,0,0
2337.69,0,153,0,1,5,5,6,1036.28,1,1
1198.64,9,890,0,0,1,0,4,3450.92,1,0
7672.43,1,232,0,1,5,0,9,2432.23,1,1
4089.89,0,133,1,1,1,7,7,2686.05,1,1
6507.56,3,182,1,1,4,0,6,1224.82,1,1
10725.38,1,153,1,1,4,4,9,1230.15,1,1
5961.22,3,86,1,1,1,3,7,2298.02,0,1
1524.11,11,796,0,0,0,0,1,1285.05,0,0
12921.29,4,147,0,1,4,0,8,2269.99,1,1
3654.99,3,246,1,1,2,1,4,1531.46,1,1
2843.46,17,1380,0,0,2,0,3,2834.96,1,0
5175.2,18,25,1,1,5,4,8,1284.58,1,1
987.63,15,461,1,0,0,0,1,3550.79,0,0
5097.14,5,220,1,1,4,2,7,2228.41,1,1
1670.63,10,212,0,0,0,0,4,1569.43,0,0
4115.53,3,226,1,1,5,4,13,2097.63,1,1
2223.22,8,172,0,0,0,0,1,1625.36,0,0
1886.24,22,1113,0,0,1,1,1,1022.2,0,0
6689.08,0,210,1,1,2,3,6,770.71,1,1
2200.08,22,723,0,0,0,1,5,2216.11,0,0
2400.97,20,937,0,0,1,1,5,1569.1,0,0
1589.15,8,318,0,0,0,0,4,2159.32,0,0
7912.4,3,10,1,1,5,5,8,1669.85,0,1
5105.63,9,1233,0,0,0,0,4,2035.5,0,0
11942.88,1,6,1,0,4,3,15,1299.09,0,1
1989.01,19,301,0,1,0,1,3,1999.22,0,0
1832.58,21,1120,0,0,1,0,2,2096.67,0,0
979.13,22,319,0,0,0,0,2,1651.98,1,0
997.57,21,574,0,0,0,1,2,3502.12,0,0
1205.24,22,594,0,0,0,0,1,2143.82,0,0
8930.75,23,42,1,1,5,0,6,1602.68,1,1
20420.03,4,205,0,1,1,3,4,1848.24,0,1
2797.87,20,153,0,0,0,0,2,1982.23,1,0
8175.39,5,153,1,1,4,2,10,1625.32,1,1
2084.89,9,891,0,0,0,1,4,1132.64,0,0
5630.98,12,188,1,1,5,2,5,1638.98,1,1
2212.24,2,220,1,1,4,4,1,1511.04,0,1
1987.88,22,103,0,1,0,0,3,2651.37,0,0
6256.75,3,135,1,0,4,3,12,1653.84,0,1
7888.62,22,215,1,1,5,1,10,864.66,0,1
1187.41,18,168,0,0,0,0,1,2389.54,0,0
14960.96,22,86,1,1,2,7,14,983.6,0,1
1585.49,18,956,0,0,0,2,4,2350.69,0,0
7646.05,15,194,1,1,2,5,13,1560.7,0,1
2164.15,9,555,0,0,0,0,1,1662.71,0,0
5357.56,2,93,1,1,3,4,7,3655.04,1,1
3062.44,17,572,0,0,0,0,2,1498.23,0,0
7128.11,11,624,1,0,0,0,2,1873.73,0,0
1409.18,10,448,0,0,0,1,6,2516.9,0,0
2180.53,16,1482,0,0,0,0,1,1193.36,0,0
5175.53,1,146,1,1,3,2,3,1470.43,1,1
14760.31,4,229,0,1,4,5,6,1292.23,1,1
1333.4,22,1126,0,0,0,0,4,3851.0,0,0
3432.56,1,104,1,1,3,7,11,2605.13,0,1
3173.01,9,465,0,0,1,1,3,1342.59,0,0
6011.11,4,143,1,1,5,1,9,1483.17,1,1
7533.58,0,19,1,0,5,2,6,2846.21,1,1
3574.6,11,292,0,0,0,0,3,2761.79,0,0
1130.3,10,351,0,1,0,0,5,1868.74,0,0
7706.61,0,220,0,1,3,3,9,1904.67,1,1
1681.79,16,510,0,0,1,1,5,1660.57,0,0
6175.56,14,1070,0,0,1,1,2,2602.62,0,0
1458.23,20,1014,0,0,0,0,4,2297.13,0,0
1810.89,19,443,1,0,0,2,4,3250.88,0,0
7349.53,3,54,1,1,4,2,7,3824.64,1,1
1669.19,22,510,0,0,1,0,3,2108.65,0,0
2635.62,15,519,0,0,1,1,2,1302.74,0,0
6398.97,4,54,0,1,4,3,7,3094.4,1,1
10050.45,5,119,1,0,5,4,4,1967.74,1,1
897.51,13,268,0,0,0,0,5,2021.65,0,0
9113.57,3,16,1,1,1,3,7,1729.9,1,1
3057.11,21,180,0,0,0,1,2,2355.06,0,0
2354.31,16,441,0,0,1,0,1,921.5,0,0
7066.2,15,34,1,0,3,0,6,1785.08,0,1
1244.73,10,1090,0,0,0,0,4,1085.44,0,0
3158.43,8,582,0,0,1,0,3,2459.71,0,0
2579.75,0,68,1,1,5,3,8,2068.1,1,1
1601.21,15,495,0,0,0,1,3,1737.24,1,0
2673.15,13,1076,0,0,0,0,3,2215.05,0,0
3131.15,14,595,0,0,1,0,4,2733.15,0,0
1254.99,8,575,0,0,1,0,1,1952.83,0,0
1416.57,19,646,1,0,0,0,5,1754.44,0,0
2052.91,15,479,0,0,0,0,4,1595.13,0,0
12843.53,19,160,1,0,3,3,8,2217.31,0,1
3338.87,13,71,1,0,4,5,8,1076.02,1,1
1071.01,15,963,0,0,0,2,0,1178.2,0,0
4883.26,21,795,0,0,0,0,2,1992.55,0,0
7150.08,0,38,0,1,3,4,6,2477.88,1,1
3716.86,18,389,0,0,0,0,2,1376.21,0,0
4387.61,13,278,1,0,1,1,2,2399.91,0,0
6075.99,3,129,0,0,3,2,9,2122.87,0,1
2027.62,21,279,1,0,1,1,3,1071.06,0,0
6370.18,4,245,0,1,1,4,8,1916.51,0,1
4848.95,20,16,1,0,4,2,6,1427.94,1,1
1220.45,19,306,0,0,0,0,5,1578.74,0,0
3157.14,3,52,1,1,3,4,3,1604.77,1,1
1812.22,10,791,0,0,1,2,2,1523.66,0,0
6268.68,4,143,1,1,2,2,5,3391.17,0,1
3242.28,22,1244,0,0,0,0,5,1581.84,0,0
2227.72,8,527,0,0,1,0,2,1762.81,0,0
6318.32,5,162,1,1,3,3,10,779.11,1,1
2165.58,14,1050,0,0,0,0,3,1518.77,1,0
1598.01,22,263,0,0,0,0,5,1749.44,0,0
2353.45,9,1468,0,0,0,1,4,1074.42,0,0
12068.91,4,139,1,0,4,2,5,2028.13,1,1
6417.95,5,84,1,1,3,5,6,1224.71,0,1
2128.76,10,612,0,0,0,1,3,2643.33,0,0
1954.42,20,293,0,0,1,1,6,1636.11,1,0
8919.31,0,45,1,1,4,4,9,841.14,1,1
5244.66,0,215,1,0,4,5,3,2412.74,1,1
911.41,15,844,0,0,1,0,3,3273.26,0,0
4246.64,2,149,1,1,3,2,5,1120.89,0,1
4298.47,15,87,0,1,1,3,6,2184.85,1,1
5583.96,4,173,1,1,3,5,7,1673.71,1,1
6221.05,3,205,1,1,3,1,12,2870.92,1,1
2180.38,15,894,0,0,1,1,3,2338.13,0,0
559.16,20,279,0,0,0,1,2,2252.34,0,0
11821.38,12,19,1,1,5,2,10,3655.31,1,1
9536.41,0,129,1,1,3,3,8,3791.62,1,1
14271.15,16,64,1,1,3,6,5,1781.76,0,1
2120.49,10,169,0,0,1,1,7,2347.1,0,0
2104.46,18,1222,0,0,0,3,3,2004.72,0,0
15284.4,3,202,0,1,3,5,5,1577.53,0,1
6139.44,1,70,0,1,3,3,4,2548.1,1,1
3924.47,21,124,1,1,5,4,5,1180.2,1,1
9246.09,18,237,0,1,4,4,4,2151.45,1,1
2135.05,15,189,1,1,3,3,12,1325.18,1,1
4777.73,14,1337,0,0,0,0,2,3116.92,0,0
9608.04,19,40,1,0,3,5,13,3048.18,1,1
3950.08,20,111,1,1,3,2,9,2020.35,1,1
7755.25,7,157,1,1,4,2,11,2189.47,1,1
5475.4,2,63,1,1,2,5,4,1770.16,0,1
3042.91,18,398,0,0,0,0,2,1768.2,1,0
1943.76,14,242,0,1,0,1,2,1413.52,1,0
5059.35,9,59,0,1,5,3,12,3626.24,1,1
9474.53,0,111,0,1,5,2,8,1480.76,0,1
9236.36,5,203,1,1,5,2,10,2902.02,1,1
1409.35,14,671,0,0,2,1,2,1649.17,0,0
981.32,15,1281,0,0,0,0,4,946.13,1,0
1053.39,20,162,0,0,0,1,3,3025.82,0,0
4345.57,1,102,1,1,1,1,6,1360.22,1,1
12004.51,4,68,0,1,4,3,13,2033.84,1,1
6534.34,4,150,1,1,4,2,3,2045.63,1,1
5437.62,4,88,1,1,2,1,7,2399.24,0,1
2386.28,9,670,0,0,1,1,1,2978.04,0,0
2311.42,12,1191,0,0,0,1,4,731.01,0,0
8069.03,1,218,1,1,2,0,7,1598.12,1,1
1442.12,19,1196,0,0,0,1,4,1470.51,0,0
4756.43,12,192,1,1,5,0,12,1619.07,1,1
1347.54,10,1341,0,0,1,0,2,1199.63,0,0
3278.76,18,638,0,0,1,1,3,1577.64,0,0
7118.87,5,76,1,1,2,6,9,2014.68,1,1
1316.7,9,582,0,0,0,2,1,1397.12,0,0
3320.64,1,78,1,0,3,2,10,2813.4,0,1
1202.22,11,372,0,0,0,0,7,2887.15,0,0
1626.86,10,1188,0,1,1,0,3,2381.86,0,0
1687.6,22,66,0,0,0,0,4,1749.36,0,0
3438.52,16,2,1,1,5,6,7,1925.58,0,1
1834.16,17,205,1,0,0,1,1,2150.02,0,0
3083.92,15,196,0,0,0,0,4,914.14,0,0
3244.79,22,611,1,0,0,0,4,945.79,0,0
2332.86,11,677,0,0,1,0,4,2505.5,0,0
1527.94,14,695,1,0,0,0,0,3332.43,0,0
1383.23,22,680,0,0,0,1,3,2499.61,0,0
5693.67,11,233,0,1,1,5,6,2294.6,1,1
1215.22,9,1195,0,0,0,0,4,1661.79,0,0
1369.34,21,839,0,0,0,0,3,3315.69,0,0
8396.28,4,224,1,1,3,1,7,1300.02,0,1
3182.58,22,98,1,1,5,1,8,1799.39,0,1
4131.63,20,1327,0,0,0,1,4,1039.67,0,0
10965.59,8,71,0,0,2,7,8,1188.04,1,1
3060.38,18,512,0,0,0,0,8,1674.88,0,0
1208.47,12,1438,0,0,0,0,1,1458.49,0,0
2449.94,23,106,1,1,1,1,14,2367.64,1,1
9294.04,1,134,1,1,5,5,8,1258.48,0,1
2326.61,9,141,0,0,0,1,3,1879.54,0,0
7161.07,2,238,1,1,5,0,6,2288.26,0,1
3211.19,13,615,0,0,1,1,3,1583.51,1,0
9961.53,5,238,1,1,2,6,4,3457.47,0,1
3551.49,10,18,1,1,4,5,7,2093.9,0,1
1160.68,15,1011,0,0,0,1,1,1916.36,0,0
1007.75,15,180,0,0,1,0,2,1328.56,0,0
7953.08,4,157,1,1,1,6,10,2619.18,1,1
1906.76,22,689,0,0,0,0,2,1296.12,0,0
3536.83,0,212,1,1,3,2,8,2189.33,1,1
6954.0,7,151,1,0,5,2,8,1554.04,0,1
2105.51,0,183,1,1,5,3,11,1612.52,0,1
1062.16,20,732,1,0,0,1,1,2407.64,0,0
3119.35,17,597,0,0,0,0,0,1311.59,0,0
9294.43,3,129,1,1,4,5,7,1393.34,1,1
1960.0,21,412,0,0,0,2,4,1645.84,0,0
12591.42,13,122,1,1,3,1,8,2400.84,0,1
10443.9,2,239,1,1,4,3,13,1618.62,1,1
3831.03,10,1083,1,0,1,0,4,1821.69,0,0
8649.33,5,117,1,1,5,2,15,1817.93,1,1
3381.47,0,143,1,1,1,2,9,937.1,1,1
2903.08,9,1280,0,0,1,0,0,1936.43,0,0
2020.22,13,332,0,0,0,1,3,1303.89,1,0
1293.73,14,133,0,0,1,0,1,2220.3,0,0
1253.64,17,865,0,0,0,0,2,1751.75,1,0
3606.83,2,249,1,1,5,5,4,1786.27,1,1
2190.75,1,121,1,1,5,4,7,1965.57,1,1
11513.22,3,89,1,1,3,2,10,1660.51,1,1
1813.53,3,170,1,1,2,5,7,1031.28,1,1
2868.18,8,624,0,0,0,0,1,1728.09,0,0
11821.83,4,37,1,1,3,1,7,1878.31,0,1
2105.25,22,1411,1,0,0,0,3,1813.2,0,0
6505.5,23,231,1,1,3,3,5,1625.96,1,1
5582.94,4,26,1,1,4,2,8,1833.42,1,1
4816.41,1,49,1,1,3,1,6,1144.07,0,1
2177.18,22,1372,0,0,1,1,4,1777.98,0,0
12103.93,2,184,0,1,4,6,4,1877.41,1,1
949.75,19,653,0,0,0,3,4,2894.73,0,0
2566.32,10,1234,0,0,0,0,0,720.16,0,0
2884.97,16,175,0,0,0,0,4,1210.46,0,0
3001.68,11,955,0,0,0,0,5,2124.51,0,0
3779.27,16,382,0,0,0,2,3,3026.42,0,0
5186.84,0,127,1,1,4,4,10,1310.92,1,1
1356.49,13,1375,0,0,0,1,4,1797.27,1,0
8384.67,5,245,1,1,3,3,11,702.99,1,1
11518.99,2,129,1,0,1,1,2,2515.09,0,1
4601.51,4,202,1,1,3,4,5,2205.68,1,1
1675.35,22,1062,0,0,2,0,3,1857.02,0,0
15589.13,0,42,1,1,4,4,11,2653.34,0,1
3861.91,8,1158,0,0,0,0,4,1526.7,1,0
1497.15,12,1138,0,0,1,0,3,1439.34,0,0
7705.7,2,190,1,1,3,2,8,1397.09,1,1
3064.09,1,92,1,1,4,3,5,2228.09,1,1
1323.18,15,1165,0,0,0,1,1,1374.59,0,0
1285.46,11,86,1,0,0,0,7,2378.12,0,0
3829.29,5,249,1,1,2,4,7,4335.18,1,1
998.89,22,580,0,0,0,0,3,2813.43,0,0
4557.81,4,61,1,1,4,4,9,1030.95,1,1
1706.95,0,28,1,1,4,5,5,1588.13,1,1
2069.19,19,214,0,0,0,2,1,2319.9,1,0
1081.18,9,615,0,0,0,1,3,3365.57,0,0
2791.95,19,1073,0,0,0,1,4,2821.25,0,0
2108.24,11,424,1,1,0,0,3,3931.9,0,0
4170.52,4,49,1,1,4,7,8,982.8,1,1
986.22,16,618,0,0,1,0,2,1224.09,0,0
3036.65,12,550,0,0,0,1,4,1550.42,0,0
1650.84,11,832,0,0,0,0,6,1746.14,0,0
3995.01,9,1318,0,0,0,1,1,2357.23,0,0
1557.91,16,533,0,0,0,0,4,1694.59,0,0
2084.31,14,568,0,0,0,1,0,1067.3,0,0
1412.63,17,801,0,0,0,1,6,1940.18,0,0
2057.64,5,48,1,1,3,0,7,1463.57,0,1
805.2,22,1350,0,0,1,0,2,1578.58,0,0
10538.71,2,214,1,1,3,2,4,863.01,1,1
10705.97,0,49,1,1,3,2,14,1330.83,0,1
10558.93,12,134,1,1,2,4,4,1257.03,1,1
5386.92,5,23,1,1,3,3,6,2703.15,1,1
900.58,8,591,0,0,0,0,1,1911.88,1,0
1246.53,20,576,0,0,0,2,2,1902.26,0,0
15827.92,0,230,0,1,3,1,11,1425.15,0,1
1091.91,12,827,1,0,0,0,4,2698.58,0,0
1620.41,9,874,0,0,0,0,4,1499.13,0,0
1700.85,19,683,1,0,0,1,6,1675.68,0,0
5668.59,4,75,0,1,2,1,9,1216.52,1,1
3241.34,22,1370,0,1,0,1,2,900.19,0,0
1226.16,10,369,0,0,0,0,2,1336.05,0,0
1058.63,20,351,0,0,0,0,2,1919.16,0,0
1998.54,16,102,0,0,2,1,3,3357.55,0,0
1626.86,14,987,0,0,0,0,1,1586.0,0,0
6512.17,4,149,0,1,3,2,7,1453.04,1,1
1296.82,16,958,0,0,0,2,4,2278.3,0,0
12308.59,23,212,1,0,1,3,8,2691.14,0,1
1405.27,5,62,1,1,4,2,7,1728.14,1,1
3812.83,8,64,1,0,0,0,4,2563.4,0,0
3715.98,21,161,1,1,4,1,11,1633.09,0,1
2779.02,19,1152,0,0,0,0,5,1590.76,0,0
9152.84,1,108,1,1,4,4,13,1424.92,1,1
1061.61,9,613,0,0,1,1,2,1141.54,0,0
2434.35,8,1113,0,0,1,0,3,2812.5,0,0
1841.46,17,661,0,0,0,0,4,1545.5,0,0
866.15,15,1077,0,0,1,0,5,2764.38,0,0
4253.96,9,135,0,0,0,1,8,1948.0,0,0
2596.87,3,43,0,1,5,4,4,1679.66,1,1
678.07,9,352,0,0,0,0,6,1709.66,0,0
2853.68,16,1376,1,1,0,0,1,1095.86,0,0
1172.04,10,325,1,0,0,2,2,1344.08,0,0
2415.57,17,557,0,0,1,2,3,1896.11,0,0
2237.75,8,1020,0,0,0,1,4,1348.6,0,0
8406.56,5,127,0,1,3,2,11,1797.23,0,1
4488.1,3,224,1,1,1,1,13,2616.61,1,1
5662.43,4,160,0,1,5,3,6,1921.47,0,1
843.95,10,612,0,1,0,0,3,2440.73,0,0
1608.4,16,160,0,0,0,0,5,1413.47,0,0
1965.08,15,783,0,0,1,1,6,1575.53,0,0
1841.45,9,970,0,0,1,1,1,1915.89,0,0
1312.76,15,181,0,1,0,0,3,1155.96,0,0
2163.46,10,238,0,0,0,0,5,3130.22,0,0
5650.3,12,936,0,0,1,0,1,1718.79,0,0
736.57,17,486,0,0,0,1,8,1743.0,1,0
4019.53,16,917,0,0,0,1,4,962.54,0,0
4283.21,9,108,0,0,0,1,3,1310.11,0,0
13066.47,4,172,1,1,1,3,9,1477.88,1,1
5975.81,6,154,1,1,4,5,8,2708.96,1,1
4809.64,4,197,1,1,4,5,10,1017.77,0,1
3161.37,4,190,1,1,3,4,8,2792.86,0,1
5424.57,8,123,1,1,3,5,9,1896.29,0,1
1322.73,3,68,1,1,1,3,10,1757.47,0,1
3619.68,3,235,1,1,3,5,7,1044.18,1,1
1712.28,9,1316,0,0,0,1,3,1953.28,0,0
4736.47,9,215,1,1,2,3,11,1721.05,0,1
8274.07,10,90,0,1,2,2,11,2123.74,0,1
2736.77,17,945,0,0,1,2,1,1295.11,0,0
921.88,21,1322,0,0,0,1,4,1476.61,0,0
7566.8,4,69,1,1,3,6,7,2538.43,1,1
2185.26,19,1255,1,0,0,0,6,1625.9,0,0
13116.03,3,10,1,1,5,1,9,1443.99,0,1
2954.68,19,46,0,1,3,3,2,1366.18,1,1
1939.48,10,402,0,0,0,0,8,1495.91,0,0
2252.31,17,454,0,0,0,0,6,1567.85,0,0
3560.49,2,193,1,1,2,3,8,2977.49,1,1
12647.82,2,200,1,0,4,2,9,2462.98,1,1
3715.71,16,382,0,0,0,0,2,2418.47,0,0
1341.97,10,446,0,0,0,1,3,1922.81,0,0
12441.11,2,66,1,1,4,3,7,2245.23,1,1
12323.0,5,67,0,1,1,2,8,1643.67,0,1
1529.23,9,70,0,0,0,0,4,2029.46,0,0
1015.33,8,70,0,0,1,0,3,1264.95,1,0
937.63,18,246,0,0,2,0,0,2632.75,0,0
10256.07,17,179,1,0,4,0,12,3602.38,1,1
2753.56,8,977,0,0,1,1,3,1991.24,0,0
1607.63,12,1397,0,0,1,1,3,1741.21,0,0
3728.02,14,237,1,1,3,7,13,998.27,1,1
1207.99,12,144,0,0,0,2,2,2112.89,0,0
2322.6,22,1401,1,0,1,0,1,739.02,0,0
949.61,20,1213,0,0,0,0,4,2789.43,0,0
1978.16,17,1203,0,0,0,0,3,2503.38,0,0
4252.69,8,933,0,1,0,1,3,1349.43,0,0
10074.28,3,19,1,1,5,3,8,1590.38,1,1
7053.16,1,28,1,1,4,7,6,1694.76,0,1
6156.08,18,1422,0,1,0,0,4,1692.66,0,0
7686.61,3,201,1,1,3,4,7,1921.06,1,1
1756.44,8,432,0,0,0,3,5,2222.67,1,0
9452.78,1,18,1,1,2,3,8,2931.61,1,1
2094.8,22,556,0,0,1,0,7,2355.14,0,0
4396.31,0,61,1,1,5,3,9,2346.44,1,1
2082.95,21,347,0,1,0,0,5,1156.79,0,0
4770.49,22,79,1,1,5,2,7,1659.19,0,1
2909.97,16,182,1,0,4,4,8,3036.2,1,1
1425.72,20,1254,0,0,0,0,2,1727.69,0,0
2197.09,18,945,0,0,0,0,3,1790.0,0,0
920.65,8,806,0,0,0,0,1,1970.36,0,0
1449.08,11,1473,1,0,0,0,4,3420.05,0,0
2359.53,12,458,0,1,0,0,2,1927.76,0,0
3217.72,13,1285,0,0,2,0,4,2166.45,0,0
2971.83,13,662,0,0,0,0,1,2266.8,1,0
4018.6,5,226,1,1,5,5,9,1675.38,1,1
7041.87,19,35,1,1,5,0,7,2472.47,1,1
2420.51,22,959,0,0,0,0,4,1760.74,0,0
2737.68,7,25,1,1,5,3,7,1703.44,1,1
8114.28,5,219,1,0,3,6,7,3088.23,0,1
8610.05,16,203,1,1,3,3,6,1681.04,1,1
1112.79,10,404,0,0,1,1,4,2174.54,1,0
1544.39,12,181,0,0,0,1,2,1931.11,0,0
5222.13,4,24,1,1,3,1,9,1576.56,1,1
8777.01,4,199,1,0,3,5,8,3054.85,1,1
3401.18,19,705,0,0,0,0,1,1781.15,0,0
4760.76,11,249,1,1,5,1,10,2716.39,1,1
4741.55,4,130,1,1,3,4,7,2202.94,1,1
3008.84,3,35,1,1,5,3,7,1695.6,0,1
3101.81,8,861,0,0,1,1,2,2415.3,1,0
4335.23,3,108,0,1,3,3,4,1416.04,0,1
8773.02,5,80,1,1,4,3,9,1440.01,1,1
4883.11,21,1134,0,0,0,1,2,2195.21,0,0
2909.81,4,124,1,1,3,0,6,1687.72,1,1
1980.03,13,1051,0,0,0,0,1,2056.32,0,0
2296.93,17,123,1,1,0,0,1,2041.81,1,0
1518.96,16,801,0,0,0,0,4,1339.88,0,0
4121.4,1,221,1,0,4,2,8,2972.2,1,1
2442.53,12,427,0,0,2,0,6,883.84,1,0
2217.58,1,244,1,1,5,5,3,1636.64,0,1
3501.72,14,990,0,0,0,2,4,957.15,0,0
1543.05,11,142,1,0,0,0,5,1549.84,0,0
2649.95,10,1215,0,0,0,1,1,1237.07,0,0
1226.78,10,1119,0,0,1,0,2,919.67,1,0
11038.31,5,102,0,1,5,2,10,1587.52,1,1
6015.1,0,94,1,1,5,5,10,1220.02,0,1
2441.7,9,158,1,0,3,4,8,1912.25,1,1
6277.3,4,196,1,1,4,2,6,1209.4,1,1
4235.38,5,247,1,1,1,1,9,1733.47,0,1
2562.95,4,199,1,1,2,4,6,1833.01,1,1
2991.92,17,349,0,0,0,0,5,2415.14,0,0
3825.12,3,20,1,1,2,2,7,1842.06,1,1
5454.21,0,41,1,1,5,10,8,2304.02,1,1
8927.88,2,120,1,1,2,7,3,2435.34,1,1
4345.41,5,1,1,1,5,5,8,1523.33,0,1
1920.16,10,580,0,0,0,0,1,4316.16,0,0
3937.02,11,1239,0,0,0,0,2,2454.69,0,0
2195.74,13,639,0,0,0,0,7,1598.43,0,0
1091.71,18,923,0,0,0,0,4,1422.42,0,0
8320.14,2,5,1,1,1,3,6,2105.71,0,1
2149.88,16,804,0,0,0,0,7,2995.63,1,0
3528.24,4,88,1,1,5,2,11,2035.16,1,1
9004.3,2,239,1,1,2,9,6,2987.58,1,1
2117.11,16,1299,0,0,0,2,1,1684.38,0,0
3526.94,15,82,1,1,5,5,9,2227.96,1,1
10111.25,4,110,1,0,4,4,7,1911.16,1,1
2321.1,9,1062,0,0,0,1,1,2519.12,0,0
1233.12,10,321,0,0,0,0,3,3317.95,0,0
2312.68,2,5,1,1,3,3,9,1427.23,1,1
12283.91,2,83,1,0,4,2,15,1712.34,0,1
7702.11,12,125,1,1,4,3,7,1879.97,1,1
7750.84,1,240,1,1,4,4,9,4374.5,1,1
11375.75,0,128,1,1,3,2,7,1649.76,0,1
1379.05,17,853,0,0,0,1,9,1639.62,0,0
2238.35,10,609,1,0,0,1,1,1726.46,0,0
1358.42,19,1468,0,0,0,0,3,1392.24,0,0
9306.05,5,83,0,1,5,0,2,2794.06,1,1
7331.77,5,78,1,1,5,4,12,657.78,1,1
1346.23,18,915,0,0,0,0,4,1839.66,0,0
1514.32,17,298,0,0,1,0,0,2148.5,0,0
4630.79,1,213,0,1,5,1,7,1623.63,0,1
6419.78,0,14,0,0,3,1,6,3041.63,0,1
1663.53,8,1435,0,0,0,1,3,2704.89,0,0
8416.94,8,170,1,1,1,3,9,2361.12,1,1
1735.47,19,774,0,0,0,1,3,2040.58,0,0
6453.56,20,236,1,1,4,3,6,1454.59,0,1
3935.71,3,137,1,1,4,3,7,2521.57,0,1
5558.02,2,81,1,1,5,4,7,2554.95,1,1
1956.47,19,1244,0,0,1,0,3,1182.6,0,0
9107.52,4,243,1,0,3,5,3,3009.99,1,1
2183.17,8,1244,0,0,0,1,7,877.5,0,0
4399.38,5,73,0,0,4,4,10,1134.42,0,1
1050.83,15,927,0,0,0,0,2,1241.09,0,0
15723.56,9,106,1,1,4,4,6,1268.06,0,1
4339.78,16,53,1,1,1,5,9,2527.58,0,1
1823.05,16,779,0,0,2,0,5,1360.21,0,0
2930.71,21,818,0,0,1,1,8,1926.3,0,0
6100.41,2,70,1,1,5,1,4,2656.18,1,1
6544.22,1,81,1,1,5,2,9,1930.19,0,1
4008.13,3,197,1,1,5,2,5,1570.49,1,1
1978.26,12,776,0,0,0,1,4,2324.83,0,0
5407.22,2,175,1,1,1,1,9,1105.31,0,1
3232.51,10,123,1,1,4,1,7,1547.51,1,1
2314.1,20,758,0,0,0,1,2,1275.19,0,0
2520.02,15,1312,0,0,0,1,2,1087.29,0,0
1520.05,15,1257,0,0,0,1,4,1415.2,0,0
6588.55,12,38,1,1,4,7,7,1407.63,1,1
1343.11,19,96,0,0,0,0,6,1742.63,0,0
873.5,11,1482,0,0,0,0,2,1036.11,0,0
1973.92,12,485,0,0,0,0,1,2275.77,1,0
2561.7,17,1013,0,0,0,1,4,2348.26,0,0
2308.58,3,196,0,1,4,2,12,870.4,1,1
27054.62,19,131,1,1,2,1,7,2313.25,0,1
2599.05,4,92,1,1,3,3,7,2959.51,0,1
11124.03,0,198,0,1,1,4,13,1581.94,1,1
1397.87,15,175,1,0,0,0,1,2001.91,0,0
2697.61,20,114,0,0,0,0,3,2970.08,0,0
2101.09,9,757,0,0,0,0,3,1623.0,0,0
11251.08,4,57,0,1,3,0,10,2968.38,1,1
6258.1,3,110,1,1,3,0,6,1939.86,0,1
6385.41,9,917,0,0,0,2,4,1528.4,0,0
1738.44,8,1038,0,0,0,0,6,2001.12,0,0
3036.76,3,217,1,0,3,5,11,1765.87,0,1
5297.96,21,150,1,0,2,1,11,4968.6,1,1
19346.63,5,118,0,1,3,2,6,4306.48,1,1
3703.36,15,1205,0,0,0,2,3,2446.25,0,0
9030.25,9,150,1,1,4,2,2,2461.71,1,1
7973.89,3,168,1,0,1,3,4,1280.28,1,1
6141.06,21,163,0,0,0,0,1,1451.55,0,0
6135.38,3,16,1,1,1,3,8,2678.36,1,1
8077.98,3,75,1,1,3,5,7,1576.18,1,1
6267.67,0,234,1,1,3,2,6,1936.63,0,1
1057.41,12,326,0,0,1,1,3,1045.24,0,0
3934.78,0,88,0,1,3,2,11,4987.64,1,1
2355.34,3,130,1,1,4,1,7,3247.11,0,1
2959.89,12,611,0,0,0,0,4,2038.04,0,0
943.92,16,1417,1,0,0,1,2,1313.43,0,0
1732.67,10,637,0,0,0,1,4,2465.47,0,0
5329.06,4,117,0,1,2,6,5,1141.06,1,1
4363.46,0,78,1,1,1,3,11,3063.93,1,1
4715.14,0,150,1,1,2,3,8,1480.22,1,1
4816.49,22,324,0,0,0,1,6,1140.97,0,0
5013.22,8,287,0,0,0,1,3,1812.22,0,0
9423.59,2,236,1,0,4,4,8,2503.48,1,1
6128.08,3,77,1,1,2,8,7,1506.13,1,1
2310.81,13,647,0,1,0,2,2,857.76,0,0
14510.27,10,139,1,1,1,1,8,996.2,1,1
12263.49,5,113,0,1,4,1,9,2732.39,1,1
5572.93,18,89,1,1,5,3,8,1199.6,1,1
2940.79,21,1407,0,1,0,1,3,1612.54,0,0
788.5,12,1447,0,0,0,0,5,2133.68,0,0
993.02,10,877,0,0,0,1,0,1621.63,0,0
10283.21,0,199,0,1,3,6,9,1385.0,1,1
4010.15,3,248,1,1,3,4,6,1970.28,1,1
5144.98,12,403,0,0,0,1,4,1371.46,0,0
4677.98,5,121,1,1,3,4,8,2193.04,1,1
14472.6,2,137,1,1,3,4,6,3388.21,0,1
5088.53,4,160,1,1,2,2,4,833.25,1,1
9271.39,0,233,1,1,2,2,5,1823.36,1,1
4455.65,4,94,1,1,3,4,9,2405.17,1,1
11261.68,4,84,1,0,3,4,9,2412.58,1,1
9583.22,5,190,1,0,4,6,9,2457.56,1,1
3513.82,21,910,0,0,1,0,7,1846.62,0,0
1899.51,15,590,0,0,1,0,1,1909.28,0,0
1802.48,10,490,0,0,0,0,1,2001.39,0,0
2433.53,20,234,1,1,1,1,8,1608.14,1,1
2864.05,9,947,0,0,1,0,4,1773.07,0,0
10741.92,2,14,1,1,3,5,9,1930.35,1,1
4979.26,1,24,1,1,2,1,9,1890.86,1,1
3450.51,17,1225,0,0,1,1,1,2606.49,0,0
4453.35,5,96,1,1,4,4,10,1648.7,1,1
7921.75,4,39,1,1,4,2,7,2569.85,0,1
3009.74,5,54,0,1,5,2,5,1686.45,0,1
2205.95,19,1422,0,0,0,0,0,1632.76,0,0
1855.11,20,551,0,1,0,0,5,2168.55,0,0
1785.13,13,655,0,0,1,0,2,1349.68,1,0
2060.09,15,428,0,0,0,0,2,1250.57,0,0
6866.66,8,19,0,1,3,2,3,2098.87,1,1
19949.97,5,176,1,1,4,2,6,1793.85,0,1
3878.81,1,39,1,1,5,2,8,1564.43,1,1
12552.75,1,236,1,1,5,4,10,1221.15,1,1
7579.9,2,116,1,1,4,3,6,2373.75,0,1
3546.17,8,504,0,0,0,0,2,1754.87,1,0
1774.44,22,1210,0,1,0,0,2,2497.48,0,0
2511.38,18,633,0,0,0,0,3,1799.53,0,0
4302.93,5,30,1,1,4,3,6,1804.47,1,1
4559.99,5,223,0,1,1,1,12,1569.36,1,1
1401.64,17,745,0,1,0,2,3,1406.41,0,0
4122.47,17,842,0,0,0,0,4,1685.81,1,0
3441.63,3,30,1,0,5,3,8,2362.63,1,1
1505.98,17,1316,0,1,0,1,2,1619.92,1,0
4272.14,3,35,1,1,4,6,11,1638.15,1,1
3068.64,14,257,0,0,0,0,4,2001.03,0,0
7026.17,14,1020,0,0,0,0,1,2868.98,0,0
741.38,21,176,0,0,0,1,1,1154.75,1,0
13293.89,4,112,1,1,4,2,5,3449.89,1,1
1915.44,20,1018,0,0,0,0,3,1791.69,0,0
11591.16,18,140,1,1,3,4,7,2467.32,0,1
8789.36,3,96,1,1,3,4,10,1554.57,1,1
3682.0,8,843,0,0,1,0,5,2703.77,0,0
6047.97,2,151,1,1,2,5,10,1930.56,1,1
3788.35,2,41,1,1,1,3,5,1085.64,1,1
6060.89,14,16,1,1,4,1,11,4311.45,1,1
1427.87,17,450,0,0,0,0,6,2201.16,1,0
11792.86,1,245,1,1,3,5,8,1341.0,1,1
1741.3,18,883,1,0,1,0,2,2137.82,0,0
12401.73,20,89,1,1,4,3,9,1643.23,0,1
9669.61,2,31,1,1,4,3,5,1006.5,0,1
1063.15,14,767,0,0,1,1,2,1671.1,0,0
2551.18,8,1128,0,1,0,0,0,1413.7,0,0
2107.72,9,1416,0,0,0,0,2,4027.03,0,0
1993.65,17,1170,0,0,0,0,3,2154.55,0,0
3151.96,13,339,1,0,0,0,2,1949.37,0,0
2205.36,8,1487,0,0,0,0,3,1514.44,0,0
3240.66,12,1489,0,0,0,0,4,1232.64,0,0
9341.38,0,231,1,1,4,1,11,1579.95,1,1
6591.83,2,172,1,1,4,3,9,2147.02,1,1
3417.97,2,5,0,1,3,1,4,1540.34,0,1
1970.5,16,791,0,0,0,0,1,2652.21,0,0
2094.55,15,1268,0,0,0,1,4,1928.58,0,0
1553.96,18,246,0,0,0,0,2,2064.7,0,0
3617.74,8,1288,0,0,0,1,2,2538.22,0,0
4044.01,10,329,0,0,0,2,6,2738.21,0,0
2085.33,19,342,1,0,1,2,3,2193.95,0,0
2750.1,11,268,0,0,0,0,6,1258.84,0,0
14420.73,18,160,0,1,5,1,13,1402.4,1,1
1098.66,10,118,0,1,0,0,1,1250.25,0,0
2756.17,6,182,0,0,4,2,7,1742.3,0,1
8158.45,3,101,0,1,1,4,5,1403.31,0,1
1676.83,12,648,0,0,0,0,2,2721.72,0,0
4761.5,17,174,1,1,3,4,7,2918.88,1,1
1268.0,21,1201,0,0,0,0,1,1454.98,0,0
1831.62,12,1241,0,0,0,1,2,1506.68,0,0
3908.87,12,637,0,0,0,2,5,1810.02,0,0
11370.94,2,71,0,1,5,3,6,1841.2,0,1
2794.88,12,1013,0,0,0,0,5,2252.42,0,0
2132.86,5,65,1,1,3,4,10,1340.68,0,1
1779.33,19,907,0,0,2,1,1,2666.28,0,0
2767.41,0,54,1,1,4,5,14,1558.74,1,1
4436.61,0,32,1,1,5,3,4,1514.13,1,1
8175.45,3,180,0,0,5,2,5,1928.13,1,1
3253.82,9,771,0,0,0,0,1,1660.53,0,0
4288.07,4,30,0,1,4,1,9,2357.26,1,1
2826.74,20,447,0,0,0,1,4,3805.21,0,0
1097.9,19,499,0,0,0,0,2,1621.74,0,0
3559.23,12,153,1,1,2,1,10,1759.59,0,1
2284.13,8,241,0,0,0,0,3,1563.02,0,0
1835.54,9,572,0,0,0,0,4,3122.05,0,0
2188.8,18,592,0,0,1,1,2,2976.41,0,0
2353.56,2,47,1,1,3,1,4,1469.63,1,1
5127.49,8,159,0,1,2,3,10,2155.2,0,1
11706.14,4,236,1,1,4,2,8,1396.36,1,1
1454.58,21,778,0,0,0,0,2,1496.96,0,0
3193.46,15,86,0,0,0,1,3,1071.32,0,0
11661.32,0,177,1,1,3,0,4,1048.39,1,1
1410.75,9,426,0,0,0,0,2,2758.12,0,0
2248.12,8,463,0,0,1,1,3,2235.44,0,0
1476.89,15,629,0,0,0,0,1,936.59,0,0
2432.19,21,366,0,0,0,0,1,1197.55,0,0
6608.59,17,240,1,1,5,3,11,1910.41,0,1
3005.31,16,967,0,0,0,1,3,1656.12,0,0
1014.4,11,282,0,0,0,2,5,1120.66,0,0
5135.8,15,114,1,1,4,2,8,1437.43,1,1
6251.61,2,241,1,0,2,4,6,1311.89,1,1
3210.11,4,35,1,1,5,6,10,1828.03,1,1
24834.17,4,61,1,1,1,3,8,2513.54,1,1
6541.44,4,143,1,1,5,2,13,1582.59,1,1
2750.67,17,1461,0,0,0,2,1,2423.54,0,0
1590.42,9,1360,0,0,0,0,1,3249.14,0,0
4175.05,5,185,1,1,5,2,5,1837.48,0,1
9111.86,8,127,1,1,5,5,9,2679.27,1,1
2622.97,9,767,0,0,0,0,1,1726.51,0,0
3840.61,4,163,1,1,2,3,10,951.78,0,1
3594.38,5,76,1,1,4,1,10,2042.27,1,1
1478.34,15,677,1,0,0,2,3,1216.42,0,0
1532.35,9,1188,0,0,0,0,2,1516.46,0,0
3190.06,8,943,0,0,0,0,3,2026.85,0,0
7594.68,3,143,1,1,4,8,6,1702.94,0,1
3264.43,8,508,0,0,1,0,5,1698.95,0,0
10921.27,1,73,1,1,4,2,6,2288.09,1,1
1528.89,9,636,0,0,0,0,1,2903.18,0,0
1352.52,9,696,0,0,0,0,1,1924.54,0,0
3597.8,9,1484,0,0,0,0,5,1696.59,0,0
2985.25,0,241,1,1,5,3,11,1165.41,1,1
5682.58,4,203,1,1,4,3,9,1631.33,1,1
1388.99,6,226,0,1,3,5,11,1653.55,1,1
8166.75,19,214,0,1,3,4,9,1397.22,0,1
2112.88,12,875,0,0,0,0,2,1408.96,0,0
3084.14,8,601,0,0,0,1,3,2262.0,0,0
4846.68,1,36,1,0,4,3,6,1235.35,1,1
7844.35,3,13,1,1,4,3,10,847.06,1,1
7674.36,4,116,1,1,2,1,9,3320.71,1,1
2348.67,21,684,0,1,0,0,2,2182.31,0,0
2460.85,12,525,0,0,1,0,3,1881.68,0,0
7024.1,5,210,1,1,2,2,9,2195.12,1,1
1879.29,19,324,0,0,0,0,1,2156.09,0,0
2584.53,21,1207,0,0,0,0,4,1805.01,0,0
1727.99,22,397,1,1,0,0,3,2395.84,0,0
2191.66,9,320,0,1,0,1,6,2199.09,0,0
7562.37,0,244,1,1,4,8,13,1940.9,1,1
5810.61,4,47,1,1,4,6,10,1225.59,1,1
1314.23,13,608,0,0,0,0,2,2513.66,0,0
4813.36,13,152,1,1,4,2,13,1126.23,1,1
7199.72,4,52,1,1,3,1,7,1816.96,1,1
1540.11,8,1166,0,1,0,1,4,1284.91,0,0
2339.68,9,1083,0,0,0,1,3,1151.37,0,0
3896.18,4,198,1,1,4,6,8,2096.81,0,1
5718.11,5,85,1,1,2,5,10,993.26,1,1
3219.3,16,541,0,0,0,1,4,2124.07,0,0
9920.31,0,196,1,1,3,1,1,666.21,1,1
1753.19,8,673,0,0,1,0,3,1129.28,1,0
3374.22,19,552,0,0,0,0,3,938.8,0,0
3024.24,11,357,0,0,1,0,2,2261.47,0,0
6030.92,1,159,1,1,3,3,4,2063.86,1,1
2906.1,21,132,1,1,2,2,7,1101.27,0,1
6286.66,0,191,0,1,3,4,8,1565.47,1,1
10822.6,4,34,1,0,4,2,9,1980.46,1,1
6347.76,1,191,1,1,3,2,9,2653.93,1,1
6449.51,0,123,1,1,2,4,8,1710.92,1,1
1511.69,15,417,0,1,0,0,5,2341.76,0,0
2158.38,17,351,0,0,0,0,3,3070.39,0,0
1967.57,13,1465,0,0,0,2,4,1956.3,0,0
6363.86,5,10,1,1,2,2,6,2040.58,1,1
4536.0,17,624,0,0,0,0,2,1969.06,0,0
11791.62,8,211,1,1,3,4,10,1195.75,1,1
2169.04,14,1243,0,0,0,0,2,2478.84,0,0
1635.16,4,154,1,1,4,3,9,1298.7,1,1
3128.8,8,304,0,0,0,2,7,2308.08,0,0
2073.13,13,952,0,0,0,1,3,2095.28,0,0
8489.0,1,117,1,1,3,0,4,1393.27,0,1
8193.85,12,112,0,1,3,5,9,1861.02,1,1
4106.37,13,892,0,0,0,1,5,2041.69,0,0
4040.05,9,153,0,0,4,4,5,1516.53,1,1
2843.57,11,98,0,0,0,0,2,2083.47,0,0
8096.27,0,191,1,1,2,3,16,2537.89,0,1
7558.16,8,114,0,0,4,3,9,1895.71,1,1
4045.95,3,192,1,1,4,2,13,2653.61,1,1
1202.31,22,1220,0,0,0,0,4,1198.14,0,0
9049.73,1,237,1,1,5,3,8,2015.32,0,1
1188.05,8,728,0,0,0,0,4,1481.41,0,0
2429.55,13,793,0,0,0,0,4,1430.45,0,0
1001.18,17,1284,1,0,1,1,3,1714.66,0,0
1544.96,12,624,0,0,0,0,4,1465.48,0,0
6691.08,5,89,1,1,2,3,7,2276.75,1,1
5033.97,19,391,0,1,0,2,7,2559.63,0,0
2189.43,9,1339,0,0,0,0,3,1905.76,0,0
2513.67,8,518,1,0,0,0,3,2376.8,0,0
6244.56,23,85,1,1,2,3,10,1414.57,1,1
16396.94,0,31,1,1,4,4,8,1870.04,0,1
1169.77,10,219,0,0,0,0,2,2167.56,0,0
2917.33,20,60,0,0,0,1,3,1717.23,0,0
2256.95,12,1031,0,0,1,2,3,3481.67,0,0
5454.77,4,29,1,0,2,3,7,1560.75,1,1
2824.96,13,1040,0,0,0,1,1,2230.31,0,0
4060.38,4,200,1,1,5,1,10,2681.75,1,1
1274.33,22,378,0,0,1,0,0,2245.18,0,0
30038.33,2,183,0,1,5,4,7,1836.4,1,1
1025.64,13,1271,0,0,0,1,3,1539.08,0,0
6859.83,20,84,0,1,2,6,9,1836.45,1,1
2546.0,10,1300,0,0,1,0,4,1264.52,0,0
1192.95,8,340,0,0,1,0,5,2171.39,0,0
2998.07,14,284,0,0,0,1,4,1845.69,0,0
3597.0,17,507,0,1,0,2,1,1273.76,0,0
6983.02,14,14,1,1,5,3,4,1807.42,0,1
3970.82,5,10,1,1,5,3,6,2035.99,1,1
6476.6,15,76,1,1,4,2,10,1477.5,1,1
10251.47,3,78,1,1,4,3,9,2283.28,1,1
4545.48,0,144,1,1,5,1,8,2239.56,1,1
2014.07,15,514,0,0,0,0,5,1394.72,0,0
2087.0,8,1472,0,0,0,0,4,2691.43,0,0
2117.36,3,122,0,0,4,4,7,1671.78,0,1
4726.72,3,153,1,1,2,4,6,1888.72,1,1
6601.86,4,109,1,0,4,1,6,1433.72,0,1
3365.97,2,182,0,0,3,6,3,1424.26,1,1
7808.25,3,169,0,1,1,4,4,2283.88,0,1
7075.53,2,23,1,0,4,2,9,1700.09,1,1
8173.87,1,47,1,1,4,2,12,2073.91,1,1
4366.48,1,77,1,1,5,3,9,1036.14,1,1
6685.8,2,38,0,0,5,4,8,998.94,1,1
9647.27,0,79,0,1,4,2,5,841.78,1,1
4591.55,0,136,0,1,5,2,6,2409.24,0,1
11888.17,0,224,1,0,5,1,8,3124.11,1,1
17791.86,3,125,1,1,4,3,9,1081.28,1,1
9752.75,10,179,0,1,4,1,6,2302.03,1,1
2295.62,11,1185,0,1,0,1,4,2045.72,0,0
25620.32,16,194,1,1,4,3,10,1518.09,0,1
2300.69,19,99,0,1,0,0,1,1842.75,0,0
7532.85,3,203,0,1,3,2,8,2032.31,1,1
11090.86,4,198,1,1,1,0,7,1680.0,1,1
2389.91,17,1446,0,0,0,0,3,1464.65,0,0
4475.64,1,71,1,1,4,2,9,2003.01,1,1
2755.1,1,203,1,0,3,2,4,2627.71,1,1
3559.99,3,65,1,1,1,7,11,1270.33,0,1
3906.97,4,67,0,1,4,1,7,1477.83,0,1
8469.5,2,95,1,1,3,2,4,1637.41,1,1
9094.81,2,145,1,0,4,3,9,2338.18,1,1
2186.46,20,979,0,0,2,1,1,1506.34,0,0
3895.79,13,1035,1,0,0,1,4,1477.77,0,0
2705.4,12,628,0,0,1,0,1,1163.11,0,0
5376.68,1,68,0,1,1,2,7,2423.25,1,1
1468.77,14,1229,0,0,1,1,5,1983.18,0,0
13311.09,18,206,0,1,3,2,7,2171.91,0,1
1357.4,14,446,0,0,0,1,5,1937.13,0,0
1223.75,8,707,0,0,1,0,3,1353.25,0,0
3427.83,1,246,1,1,5,3,12,1345.9,0,1
1363.99,9,1045,0,0,0,0,1,2462.3,0,0
5742.22,0,48,1,1,4,4,4,973.48,1,1
3878.17,3,151,1,1,5,2,5,1387.1,1,1
1605.48,21,824,0,0,0,0,8,2005.02,0,0
1785.96,8,914,0,0,0,0,1,1224.78,1,0
10428.75,0,81,0,1,3,4,10,2040.44,1,1
20753.66,3,118,1,1,1,1,5,2299.39,1,1
2589.18,10,134,0,0,1,1,4,2406.58,0,0
1111.97,22,174,0,1,0,1,2,1928.03,0,0
1100.36,21,766,1,0,0,1,1,884.05,0,0
1714.19,17,130,1,0,0,0,3,1353.72,0,0
14011.62,9,28,1,0,5,1,9,775.9,0,1
8820.27,4,207,1,1,4,1,7,2269.26,1,1
6072.91,3,179,1,1,5,5,7,1707.65,1,1
2328.93,9,748,0,0,0,0,1,2030.21,0,0
4003.21,11,425,1,0,0,0,4,2327.71,0,0
3364.1,5,202,1,1,4,3,11,1490.37,1,1
1408.59,14,959,0,0,0,0,2,2694.29,0,0
8683.92,2,4,1,0,5,3,5,1163.03,0,1
2319.25,22,256,0,0,0,0,3,1618.95,0,0
13259.68,19,93,0,0,2,3,14,2351.78,1,1
2497.13,18,971,0,0,0,0,3,1986.57,0,0
7765.2,0,186,1,1,2,1,6,1263.19,0,1
6781.45,19,20,0,1,4,4,3,2774.9,0,1
4956.27,0,225,1,1,4,3,7,1373.02,0,1
14741.41,23,129,1,1,4,4,11,2525.71,0,1
3248.29,2,230,1,1,3,4,10,2535.16,1,1
9254.66,13,75,1,1,5,2,10,2517.72,0,1
3877.43,17,832,0,0,0,1,3,962.5,0,0
4978.91,1,171,1,1,2,4,6,1368.89,1,1
2877.3,8,187,1,1,5,4,5,4759.57,1,1
5246.18,17,1042,0,0,0,0,3,1819.23,0,0
1682.19,19,103,0,0,0,1,0,1194.53,0,0
1652.72,17,316,0,0,0,0,4,1512.94,0,0
5080.38,5,61,1,1,3,3,6,2280.17,0,1
2609.04,14,340,0,0,0,1,1,1689.04,0,0
594.25,13,422,0,1,1,0,4,1037.56,0,0
8413.24,4,28,1,1,4,4,6,1747.64,1,1
1053.76,14,647,0,0,0,2,2,1657.5,0,0
5773.6,3,71,0,0,5,4,5,2021.9,1,1
12858.13,1,103,1,0,5,2,11,1883.67,1,1
7226.8,5,228,1,1,4,3,11,1960.81,1,1
3828.4,17,205,1,0,1,2,4,1320.08,1,1
3478.86,0,90,1,1,2,3,10,1080.49,1,1
2487.5,16,885,0,0,0,0,2,839.79,0,0
1976.38,20,1325,0,0,0,0,1,2349.23,0,0
4465.62,5,83,1,0,2,6,8,2483.5,1,1
4744.79,11,211,1,1,5,3,4,2427.48,0,1
3972.11,18,164,0,1,2,1,7,1705.47,1,1
652.72,17,101,0,0,0,1,5,1462.38,0,0
1352.29,8,187,0,0,0,0,6,2293.56,0,0
7014.29,16,173,1,1,5,5,10,2304.95,1,1
2477.46,11,491,0,0,0,0,2,2383.1,0,0
2599.46,15,1136,0,0,0,0,2,1209.91,0,0
5979.88,6,237,1,0,3,8,13,1293.72,1,1
3237.22,21,181,0,0,1,0,3,1216.95,0,0
6691.39,5,67,1,1,3,2,7,1431.13,1,1
2083.69,8,738,0,0,0,1,6,2039.47,0,0
7301.96,0,236,1,1,5,2,7,2035.95,1,1
1020.07,12,480,0,0,0,1,3,1706.37,0,0
1177.4,13,238,1,1,0,3,1,1663.97,0,0
3625.12,21,224,1,1,1,3,10,2076.29,1,1
3038.88,0,175,1,1,5,4,10,1309.65,1,1
1596.15,12,564,0,0,2,1,2,1355.05,0,0
5204.31,12,93,0,1,2,6,10,1211.99,1,1
4511.86,3,24,0,1,3,1,5,1868.36,1,1
8808.13,3,179,0,0,5,5,7,1060.23,0,1
2554.13,10,871,0,0,0,1,5,1821.59,0,0
2182.5,22,427,0,1,0,1,3,1074.13,0,0
9398.89,4,133,0,1,3,4,7,2489.37,1,1
4099.17,10,25,1,1,5,0,6,2140.94,1,1
9848.89,2,149,1,1,5,3,12,1436.72,1,1
2356.98,19,1349,0,0,0,1,4,2355.0,0,0
5784.99,21,98,1,1,5,3,9,1912.09,1,1
1661.68,8,677,0,0,2,1,2,2269.44,0,0
2114.28,13,1480,0,0,0,0,2,1138.4,0,0
11734.39,1,124,0,0,4,3,10,2162.6,1,1
2479.92,4,31,1,1,1,4,2,1155.97,1,1
8558.56,13,82,1,1,4,5,10,889.8,0,1
4646.69,1,14,1,1,5,1,8,3559.25,1,1
2436.99,11,1164,0,0,0,1,2,3264.18,0,0
3645.72,0,163,1,0,4,0,11,2360.46,1,1
8237.48,13,186,0,1,1,2,13,1101.87,1,1
10148.88,1,36,1,1,4,4,9,1350.22,1,1
796.97,18,640,0,0,2,1,4,1419.95,0,0
3039.26,0,47,1,1,1,1,11,1551.2,1,1
1141.76,20,322,0,0,0,1,5,1444.0,0,0
4671.31,3,17,1,1,1,4,10,1406.79,1,1
4268.16,16,418,0,0,1,0,5,1700.76,0,0
4125.46,1,74,1,1,4,4,6,1534.23,0,1
6807.38,14,805,0,0,0,1,2,3208.35,0,0
3239.45,21,1153,0,0,0,0,3,1429.11,0,0
2393.86,8,1490,0,0,0,0,2,1379.21,0,0
16465.87,0,131,1,1,5,6,9,2442.79,1,1
2026.96,8,874,0,0,1,0,2,1013.33,0,0
2419.02,3,245,1,1,5,1,12,1578.75,1,1
2723.37,10,143,0,0,0,1,0,1722.64,0,0
6890.96,1,2,1,1,5,3,11,1129.09,0,1
2708.38,1,172,1,1,5,4,11,2041.47,1,1
8048.11,0,24,0,1,2,1,9,2845.3,1,1
14424.97,2,161,0,1,4,2,7,2038.17,1,1
8841.3,11,140,1,1,5,3,8,3224.26,1,1
4602.34,9,428,0,0,0,1,3,1860.34,0,0
1966.47,22,384,0,0,0,1,1,2178.36,0,0
2041.44,9,983,0,0,1,0,4,2932.73,0,0
2159.46,8,545,0,0,0,0,1,2006.31,0,0
3744.92,11,118,1,0,4,1,8,775.22,1,1
6954.05,3,2,1,1,5,6,8,1361.66,0,1
10222.87,23,82,1,0,3,4,5,4073.12,1,1
5810.23,3,172,1,1,2,6,10,1805.31,0,1
3178.08,21,316,0,0,0,0,2,1958.98,0,0
7026.66,9,231,1,0,5,6,9,1628.09,1,1
5573.69,22,95,1,1,5,2,8,1178.58,0,1
8611.97,4,13,1,1,2,5,5,1398.3,1,1
2877.46,8,1430,0,0,2,2,2,2609.06,0,0
3285.16,4,44,1,1,4,4,9,2057.49,1,1
4088.47,15,875,0,0,0,0,2,1989.22,0,0
2597.02,20,102,1,1,4,2,8,2670.52,1,1
4614.76,12,232,0,1,4,3,5,913.77,1,1
7273.87,5,123,1,1,3,3,8,2028.72,1,1
10731.39,3,162,1,1,5,3,6,1394.39,1,1
2100.93,9,119,0,0,0,1,3,1327.82,0,0
2169.03,20,214,0,0,1,0,2,1268.28,0,0
2933.99,22,612,0,1,1,0,1,3006.34,0,0
2265.85,1,26,1,1,5,1,7,1469.49,1,1
2680.35,9,696,0,0,0,0,3,1696.46,0,0
2382.42,22,1364,0,0,0,1,7,2417.17,0,0
2627.91,9,1353,1,0,0,0,4,2102.54,0,0
1259.33,17,1456,0,1,0,0,3,2125.06,0,0
5400.35,3,217,1,1,4,3,8,1344.06,1,1
6624.32,18,138,1,1,3,4,11,1466.78,1,1
1242.16,11,315,0,0,0,1,3,3581.54,0,0
2698.82,12,939,0,0,0,0,3,1353.34,0,0
2662.02,18,744,0,0,1,1,5,1501.34,0,0
1805.83,16,318,0,0,0,0,2,1376.04,0,0
12218.79,0,215,1,1,1,5,13,1620.64,1,1
4593.74,11,16,1,1,4,3,7,1664.19,0,1
17017.38,5,51,0,1,5,2,12,2188.17,1,1
5264.82,1,162,0,0,5,2,11,2753.47,1,1
4883.9,9,112,1,1,5,2,16,1632.93,0,1
5435.0,4,63,1,1,4,2,9,3001.54,1,1
899.37,10,938,0,0,0,1,4,1597.78,1,0
3961.86,14,62,1,1,4,1,7,2325.5,1,1
1821.85,18,1190,0,0,0,0,4,2769.37,0,0
2520.68,2,162,1,0,3,1,10,3145.84,1,1
1796.38,21,557,0,0,0,1,6,1949.42,0,0
7832.49,2,234,0,1,3,4,8,2241.53,1,1
2659.92,10,860,0,0,0,0,2,1983.13,0,0
1892.01,9,1375,0,0,1,1,6,1242.78,0,0
3398.66,5,62,1,1,2,2,10,1365.22,1,1
13623.51,5,46,1,1,4,3,7,4453.69,1,1
2333.96,15,1435,1,0,0,0,3,982.89,0,0
2717.8,13,1227,0,0,0,0,3,932.61,0,0
2237.56,14,1147,0,0,0,0,1,2872.54,0,0
1531.95,16,1261,0,0,0,1,3,2594.74,0,0
1526.25,20,70,0,0,0,2,4,2536.72,0,0
13572.96,0,183,1,1,4,5,5,2068.55,1,1
2149.33,9,941,0,0,0,0,1,2086.42,0,0
2428.1,17,425,0,0,0,0,3,1377.65,0,0
2212.03,17,1118,0,0,0,0,3,1344.71,0,0
7587.44,5,200,0,0,4,2,12,2017.77,1,1
19831.55,5,11,1,0,3,5,4,2004.55,1,1
1866.1,9,1465,0,0,0,0,4,2209.89,0,0
3486.11,19,1109,0,0,0,0,5,1883.47,0,0
2467.62,5,107,1,1,2,3,3,2079.37,1,1
1888.12,18,936,0,0,0,1,2,1559.09,0,0
2020.88,17,728,0,0,0,0,1,1773.27,0,0
2107.7,0,66,1,0,4,5,12,1882.6,0,1
4479.71,20,199,1,1,3,3,8,1602.79,1,1
4333.65,11,247,0,0,0,0,2,2127.84,0,0
1113.66,18,938,0,0,0,0,2,1622.19,0,0
8655.89,10,73,1,1,5,5,13,1813.81,0,1
3461.11,22,1346,0,0,0,0,4,2043.44,0,0
6709.66,1,44,1,1,4,5,8,2218.82,1,1
3224.46,15,575,0,1,0,1,4,2315.35,0,0
2760.16,13,1295,0,0,0,1,3,2339.79,0,0
1440.26,17,599,0,1,0,1,8,745.01,0,0
5676.73,0,77,1,1,4,6,5,1255.31,1,1
3354.88,18,1399,1,0,1,1,4,2283.78,0,0
5277.77,21,132,0,0,1,0,3,1631.8,0,0
2548.18,10,800,0,0,1,2,1,1354.78,0,0
2902.01,8,1162,0,1,0,1,2,1986.36,0,0
5054.21,1,59,0,0,3,1,10,2058.61,1,1
5537.11,2,85,1,1,4,3,10,2072.32,0,1
8367.58,20,207,1,1,4,3,8,1246.78,1,1
1289.96,14,1020,0,0,2,0,2,1742.77,0,0
1614.82,17,660,0,0,1,0,1,730.32,0,0
1174.31,8,1403,0,0,0,0,1,2804.13,0,0
10045.44,8,122,1,1,3,4,10,1308.44,1,1
6889.09,2,208,1,1,2,2,6,1468.11,0,1
2735.02,8,1464,0,0,0,1,7,1692.4,0,0
1231.41,10,1194,0,0,2,0,6,1318.65,1,0
2005.9,10,1259,0,0,1,1,3,1671.62,0,0
2829.32,22,902,0,0,1,2,5,4028.88,0,0
2509.7,9,1295,0,0,0,0,3,1624.43,1,0
1153.95,17,1384,0,0,0,0,2,1694.6,0,0
1997.87,21,637,0,0,1,3,0,1911.1,0,0
2019.8,10,1305,0,0,0,0,4,1127.06,0,0
4465.12,8,1185,0,0,0,0,2,2771.32,0,0
1561.11,10,697,0,0,0,0,0,3330.4,0,0
8014.22,4,68,0,1,3,4,5,1933.62,0,1
1759.4,11,194,0,0,0,0,3,2384.41,0,0
1564.03,21,1219,0,0,0,0,3,2119.18,0,0
2550.81,10,443,0,0,0,0,2,2601.13,0,0
3971.64,20,662,0,0,0,2,1,1642.79,0,0
7397.67,0,218,0,1,5,3,7,1887.18,1,1
4140.73,3,131,1,1,4,4,1,2587.87,0,1
3376.95,20,749,0,0,0,1,4,1988.48,0,0
12944.99,2,43,1,1,5,1,7,2198.98,0,1
1282.44,8,665,0,0,0,2,4,1710.32,0,0
932.78,22,792,0,0,0,0,1,1717.21,0,0
615.69,22,206,0,0,1,1,3,1963.42,0,0
7134.55,3,2,1,1,3,1,9,2699.58,1,1
5886.5,9,199,1,1,4,4,10,3128.88,0,1
1202.46,13,317,0,0,1,0,5,1611.38,0,0
5516.41,4,11,1,1,3,2,6,1973.15,0,1
2329.06,21,286,0,0,0,0,6,1098.06,0,0
1994.54,9,1337,0,1,0,1,5,1432.27,0,0
1361.18,8,382,0,0,0,0,3,2139.65,0,0
6526.89,18,187,1,1,2,3,5,1257.32,0,1
1613.17,16,1181,0,0,0,0,2,2950.14,0,0
9062.0,2,12,0,1,1,4,6,1483.05,1,1
5457.53,4,204,1,1,3,3,8,1746.29,1,1
2776.44,14,843,0,0,0,1,4,1258.41,0,0
1829.75,0,218,1,1,4,1,11,1219.88,0,1
5482.09,20,149,1,1,2,4,7,2672.98,1,1
14631.3,18,48,1,1,5,3,6,2208.58,1,1
9954.36,0,48,1,1,5,0,5,1416.9,1,1
5190.02,1,212,1,1,2,2,6,1389.06,1,1
4766.41,15,70,1,1,5,4,14,2499.43,1,1
1430.21,19,1052,0,0,1,0,4,2581.15,0,0
9253.69,2,10,0,1,5,1,10,1987.46,1,1
736.36,14,391,0,0,0,1,1,1491.59,0,0
2215.59,8,1043,0,0,0,1,3,1426.28,0,0
6848.27,1,143,1,1,4,3,12,1788.11,1,1
4335.13,1,64,1,1,5,4,6,1738.75,1,1
1372.15,17,1485,0,0,0,0,0,1374.37,0,0
1681.08,12,123,0,0,0,0,6,1384.82,0,0
4637.33,2,31,0,1,5,5,9,1338.21,1,1
12986.21,14,56,1,1,5,4,7,1481.26,0,1
1233.94,18,606,0,0,0,2,2,1294.82,0,0
4037.59,2,155,1,1,4,1,3,1983.69,1,1
538.88,9,223,0,0,0,0,3,2824.19,0,0
2321.07,21,399,0,0,0,0,5,2054.37,0,0
6514.73,15,184,1,1,2,4,6,1592.97,1,1
1956.69,18,166,0,0,0,0,1,1747.66,0,0
2101.76,1,229,1,1,2,3,9,2441.54,0,1
2647.29,17,1119,0,0,1,0,5,1592.3,0,0
649.48,20,1382,0,0,0,1,3,2584.54,0,0
2942.65,21,873,0,0,1,0,4,4488.74,0,0
2285.55,13,434,1,0,1,1,3,1842.07,0,0
2296.6,1,240,1,1,5,8,10,2256.74,1,1
9874.23,2,115,0,1,1,1,12,1829.82,1,1
3919.43,4,25,1,1,5,2,5,1554.53,0,1
1585.27,12,294,0,0,0,2,2,1333.37,0,0
4297.91,22,645,0,0,0,1,1,1861.16,0,0
1086.2,15,1379,0,0,0,1,5,1282.0,0,0
12449.55,3,158,1,1,5,1,9,2620.09,1,1
1373.99,10,472,0,1,0,0,3,963.38,0,0
1878.71,4,124,1,1,5,2,9,1922.79,1,1
5046.28,6,176,1,0,3,1,6,1139.19,1,1
4375.25,4,11,1,1,3,1,10,1955.92,1,1
7637.08,4,181,1,1,5,3,6,1532.61,1,1
2619.84,11,1373,0,0,0,0,1,1449.77,0,0
14565.06,0,213,1,1,5,2,10,1328.39,1,1
1922.84,18,493,0,0,0,1,3,1791.86,0,0
1406.7,21,613,0,0,0,0,4,1459.78,0,0
684.0,18,202,0,0,1,0,5,2451.0,0,0
2309.99,20,1417,0,0,0,1,3,2737.75,0,0
4431.07,2,85,0,1,3,3,9,999.88,0,1
1509.3,17,125,0,0,0,1,1,2207.61,0,0
3664.11,10,687,0,0,1,1,5,1261.02,1,0
3180.57,14,1199,0,0,0,1,4,3284.42,0,0
7452.09,17,81,1,0,5,4,9,1809.1,1,1
4392.57,0,216,1,1,5,2,8,1259.17,0,1
988.09,20,1237,0,0,1,1,0,2394.7,0,0
6211.41,1,199,1,1,1,3,8,1967.5,1,1
3432.83,20,206,0,0,0,0,5,3323.53,0,0
1560.67,21,1378,0,0,1,1,3,2355.48,0,0
1956.41,13,701,1,0,0,1,1,2853.88,0,0
5735.73,14,235,1,1,4,4,7,1307.29,1,1
4868.76,2,149,1,0,5,4,9,1519.1,1,1
7110.04,5,216,1,1,2,3,11,1463.1,1,1
5737.5,14,236,1,1,4,4,4,1788.49,1,1
8278.48,2,248,1,1,5,8,10,2106.87,1,1
2986.95,10,1062,0,0,1,1,3,2366.66,0,0
2568.0,21,454,0,0,0,1,4,2013.73,0,0
13688.96,0,108,1,1,3,2,8,2387.53,0,1
8303.13,4,114,1,1,2,1,4,1752.7,1,1
3133.82,8,1202,1,0,0,0,0,1432.43,0,0
8531.15,12,17,1,1,4,4,8,3539.15,0,1
9040.28,3,139,1,1,2,4,9,2290.17,0,1
10809.38,3,49,1,0,3,6,10,2663.78,1,1
4768.21,2,175,0,1,3,4,11,1043.85,1,1
13502.66,3,133,0,1,5,2,8,2141.59,1,1
2023.72,16,643,0,0,0,1,4,1975.33,0,0
2482.86,17,107,0,0,1,0,5,1060.76,0,0
3846.34,9,200,0,0,2,1,3,1467.74,0,0
2078.46,22,1482,0,0,0,0,6,2435.74,0,0
1726.92,17,523,0,0,1,0,7,1489.09,0,0
7698.7,23,227,1,1,3,5,7,1350.66,1,1
6159.36,0,170,1,1,4,1,8,1962.61,0,1
2505.68,21,660,0,0,0,0,2,951.79,0,0
7723.24,1,197,1,1,5,5,4,1319.38,0,1
8789.15,1,194,1,0,3,6,6,1761.34,1,1
1882.95,14,511,0,0,0,0,3,1283.83,0,0
4296.46,1,75,1,1,4,2,5,3133.2,0,1
4723.07,3,119,1,1,5,1,10,1352.75,1,1
5203.35,0,62,1,1,3,3,5,2592.13,0,1
5247.72,10,243,1,1,3,3,10,1359.67,0,1
1574.91,11,865,0,0,1,0,4,2237.98,0,0
6313.96,2,147,1,1,4,7,5,1652.7,1,1
12221.65,23,158,1,1,2,2,9,2317.76,1,1
6752.24,2,219,1,1,5,2,6,1753.69,1,1
7948.05,3,44,0,0,2,3,13,1460.99,0,1
7029.12,4,214,1,1,3,5,7,2048.93,1,1
1139.36,12,1267,0,0,0,0,6,2199.7,0,0
3198.87,4,211,1,1,3,3,5,1552.24,1,1
2210.41,12,1345,1,0,0,2,0,1518.85,0,0
1863.61,15,44,1,0,3,8,14,2074.84,1,1
4000.56,4,248,1,1,3,0,4,1485.88,1,1
7894.65,1,137,1,1,4,4,5,2396.62,1,1
21526.22,2,112,1,1,5,3,2,3196.68,1,1
1404.18,20,650,0,0,0,1,4,1275.94,0,0
1055.0,11,641,0,0,1,0,1,1637.42,0,0
1027.78,21,1441,0,0,0,1,1,1544.59,0,0
5495.06,3,69,1,1,3,0,8,1783.73,1,1
2983.13,5,30,1,0,3,5,4,2984.64,1,1
5724.34,5,75,1,1,1,4,14,1120.4,1,1
4078.49,1,197,1,0,4,4,12,1646.04,1,1
1350.28,22,1214,0,0,0,0,5,1431.16,0,0
3407.79,21,548,0,0,0,0,1,2977.61,0,0
2738.33,10,188,0,0,1,0,5,1715.86,1,0
4118.48,3,169,0,1,4,6,4,2008.03,1,1
11723.66,3,234,1,1,5,2,5,1406.75,1,1
7726.09,4,26,1,1,4,1,10,1462.96,1,1
2021.16,18,989,0,0,1,0,2,2021.15,0,0
9037.82,1,53,1,1,2,3,9,1420.36,1,1
21207.95,1,74,1,1,5,7,5,2399.09,0,1
1613.97,14,1226,0,0,0,0,5,2083.01,0,0
2863.68,9,97,1,1,3,4,9,1283.41,1,1
4950.69,2,222,1,1,3,5,7,1830.77,1,1
2970.96,13,683,0,0,0,1,2,1575.57,0,0
8583.62,4,133,1,0,2,2,8,2873.65,1,1
3182.78,10,855,0,0,0,2,3,1504.87,0,0
9612.62,2,160,1,1,2,1,11,2473.78,1,1
3784.15,3,132,1,1,2,5,7,3384.11,0,1
1313.35,16,650,0,0,0,0,2,1152.82,0,0
2162.25,21,733,0,0,1,1,3,1895.95,0,0
1858.8,10,106,1,0,1,0,1,1809.45,0,0
2509.46,22,1173,0,0,1,1,4,1748.72,0,0
3088.06,16,363,0,0,0,0,4,2575.98,0,0
2359.45,9,652,0,0,2,1,1,1421.54,0,0
1491.82,12,1336,0,0,0,1,2,1037.43,0,0
1695.67,22,142,0,0,1,2,4,2630.75,0,0
4437.5,4,102,1,1,5,3,6,1418.39,0,1
8608.74,5,110,1,1,4,1,7,1885.89,1,1
9230.22,0,90,1,1,2,5,1,2038.1,1,1
532.58,20,628,1,0,0,1,1,1519.93,0,0
5262.49,2,44,1,1,5,2,7,2451.19,0,1
6296.34,0,54,1,1,1,2,9,2002.52,1,1
7597.08,20,245,1,1,4,2,8,1672.74,0,1
4342.85,9,1265,0,1,1,0,2,1567.46,0,0
2611.81,8,785,0,0,1,0,2,1878.84,0,0
1953.3,15,67,0,0,0,0,2,1165.36,0,0
11349.65,17,109,1,1,5,4,7,960.34,1,1
9534.02,1,99,1,1,5,7,4,1640.92,1,1
10014.87,11,197,1,1,4,2,4,3140.27,1,1
7383.53,1,126,1,1,4,2,9,2168.98,1,1
5551.39,16,207,1,1,1,1,8,3242.03,0,1
11262.34,0,27,0,1,3,0,10,999.86,1,1
6347.86,1,167,1,1,3,1,7,1369.53,1,1
3867.47,4,27,1,1,3,6,15,1482.42,1,1
2835.49,1,203,1,0,5,2,10,1871.53,1,1
1355.81,21,595,0,0,1,1,3,1561.43,0,0
6745.31,0,247,1,1,1,1,12,1378.01,1,1
3190.74,14,1023,0,0,0,0,3,1794.55,0,0
2791.33,19,377,0,0,0,0,6,1873.83,0,0
2698.25,4,198,1,1,5,7,7,3791.45,1,1
2030.97,13,423,0,0,0,0,5,876.89,0,0
3225.12,4,213,1,1,4,4,9,847.46,0,1
1850.37,19,1147,0,0,0,3,2,1165.38,0,0
3308.17,7,98,1,0,4,1,11,1924.94,1,1
918.53,13,1276,1,0,0,0,2,1113.41,0,0
933.91,10,133,0,1,0,1,3,2164.13,1,0
1349.39,16,1275,0,0,0,0,4,2205.01,1,0
13339.73,16,184,1,1,4,1,5,3734.1,1,1
3423.67,13,596,0,0,1,0,5,1191.37,0,0
8240.94,5,8,1,1,4,2,8,3566.56,1,1
10856.71,4,98,1,1,3,3,7,2353.42,1,1
1863.56,14,908,0,0,2,1,3,939.96,0,0
4564.26,3,242,0,1,5,2,9,2062.44,1,1
1144.92,22,653,0,0,0,0,3,1577.35,1,0
3433.15,5,127,1,1,4,6,9,1940.69,1,1
15189.48,2,206,0,1,2,3,4,2904.82,1,1
2012.58,11,96,0,0,1,1,3,1116.35,0,0
2014.57,9,887,0,1,2,0,2,1679.45,0,0
3423.09,11,1416,0,0,0,2,5,1636.99,0,0
4019.88,17,39,0,1,2,6,7,1572.98,0,1
5844.44,5,115,1,1,1,2,10,1547.09,1,1
4501.25,1,170,1,1,5,7,8,1355.02,1,1
7000.28,1,114,1,1,1,3,11,1784.87,1,1
803.75,16,1220,0,0,0,1,2,1218.69,0,0
5976.02,0,87,1,0,4,2,9,1845.32,1,1
1561.81,22,1145,0,0,0,0,1,2093.01,0,0
2146.24,22,1175,0,0,0,0,3,2189.09,0,0
3469.06,12,569,0,0,0,0,1,2475.0,0,0
4861.84,0,233,1,1,4,3,8,1792.8,1,1
1138.78,18,373,0,0,0,0,3,2000.32,0,0
3778.56,20,957,0,0,1,1,2,3350.07,0,0
7827.31,3,64,1,0,2,1,9,2128.02,1,1
1605.94,18,995,0,0,0,0,0,2087.3,0,0
6072.62,2,110,1,0,5,1,7,1902.79,1,1
1188.3,13,1168,0,0,0,0,3,1227.14,0,0
7439.75,3,224,1,1,4,3,7,1733.12,1,1
5024.04,18,855,0,1,0,0,5,1876.25,0,0
2844.34,17,614,0,0,1,2,0,1027.18,0,0
3980.17,4,111,1,1,5,1,11,2132.05,1,1
6503.75,3,219,1,1,3,5,9,1310.84,1,1
2123.29,0,72,1,0,5,0,7,1660.02,1,1
1152.82,20,138,0,0,0,0,3,1893.72,0,0
2043.03,14,1079,0,0,0,1,0,1457.65,0,0
5595.97,0,42,1,0,3,6,7,2604.13,0,1
1070.09,10,207,0,0,0,0,4,1005.38,0,0
3097.78,3,24,1,1,3,5,10,1622.0,1,1
5811.19,1,229,1,1,2,1,6,1188.79,0,1
3552.27,4,220,1,1,3,1,6,1821.11,1,1
7393.86,2,245,1,1,4,5,12,3540.6,1,1
2525.13,11,479,0,1,0,0,3,1921.02,0,0
1221.19,16,503,0,0,0,1,4,1657.36,1,0
2468.5,22,1464,0,0,0,0,2,3479.36,0,0
3839.79,4,219,1,1,2,4,5,1774.34,0,1
5441.11,0,169,1,1,4,3,5,1186.67,1,1
6115.04,8,43,1,1,2,7,9,722.97,1,1
1856.04,3,105,1,0,3,3,13,2628.42,1,1
1799.36,11,111,0,0,0,0,3,2106.81,1,0
1905.96,19,1044,0,0,1,0,2,685.7,0,0
2958.12,0,122,0,1,3,3,7,2278.22,1,1
2781.59,17,318,0,0,0,0,6,2116.99,0,0
7113.69,20,120,1,1,3,3,10,1386.62,1,1
1443.91,9,798,0,0,0,0,5,1440.95,0,0
2285.08,17,144,0,0,1,1,8,1535.03,0,0
1921.28,14,750,0,0,0,1,0,2548.3,0,0
3663.18,9,82,0,0,0,0,3,1623.63,0,0
3435.0,9,735,0,0,0,1,3,2035.93,0,0
1046.78,20,591,0,0,0,0,4,1923.42,0,0
2737.93,16,1214,0,0,0,0,2,1441.94,0,0
1420.89,14,434,1,0,0,0,1,3536.99,0,0
2723.7,22,962,0,0,0,2,3,2606.47,0,0
2301.86,9,623,0,0,0,3,3,1632.0,0,0
5124.66,1,7,1,1,4,3,11,2343.68,1,1
5098.98,19,22,1,1,3,1,5,2958.92,0,1
1464.61,22,567,0,0,0,0,2,1450.92,0,0
2863.87,2,58,1,1,3,3,10,908.27,1,1
3186.77,12,864,0,0,0,1,1,2599.37,0,0
14540.25,13,123,1,1,3,5,10,1574.99,1,1
8713.37,4,69,1,1,3,6,6,1982.62,1,1
825.28,18,443,0,0,0,0,5,1232.71,1,0
5751.13,3,175,0,1,4,2,12,1418.71,1,1
7185.8,18,194,1,1,5,0,12,1615.53,1,1
5106.95,1,88,0,1,5,1,10,1507.33,0,1
1784.02,18,1214,0,0,1,0,5,2080.84,0,0
1521.39,10,645,0,0,0,1,1,2125.57,0,0
1652.42,18,305,0,0,0,0,5,2711.4,0,0
2066.12,13,1218,0,0,0,0,6,2012.5,1,0
1207.54,22,266,0,0,2,0,4,1569.16,0,0
4721.01,1,115,0,1,3,1,5,2060.93,1,1
2094.87,0,48,1,1,4,1,2,2358.1,1,1
2710.76,2,69,1,1,4,2,6,1848.14,1,1
1306.34,21,356,0,1,1,0,3,1605.99,0,0
1836.92,11,80,0,0,0,0,3,2562.88,0,0
2509.9,2,208,1,1,5,1,10,2420.7,1,1
2114.54,18,177,0,0,1,1,1,3653.07,0,0
1272.99,11,72,0,0,0,1,2,1553.97,0,0
2647.59,12,910,0,0,0,0,1,2176.7,1,0
1612.37,13,903,1,0,0,0,2,2177.01,0,0
4513.88,4,84,1,1,1,4,4,1007.06,1,1
3865.25,17,622,0,0,0,0,3,2411.1,0,0
2506.66,10,1104,0,0,0,0,1,1734.48,0,0
6769.75,4,21,1,1,4,4,11,2309.98,1,1
1419.15,19,165,0,0,0,0,3,2265.01,0,0
4316.67,2,71,1,1,5,2,13,2092.34,1,1
3974.65,3,157,1,1,3,4,8,1371.85,0,1
9229.03,18,218,1,1,2,3,4,1033.06,0,1
2853.81,3,208,1,1,4,5,6,1690.65,0,1
1591.51,8,1020,0,0,1,0,4,2900.51,0,0
8542.52,20,52,1,1,4,3,13,1849.75,1,1
4947.41,7,235,0,1,4,1,5,2127.54,0,1
2849.18,18,583,0,0,0,2,2,1906.63,0,0
3241.98,10,505,0,0,0,0,3,2211.93,0,0
2385.65,13,506,0,0,0,0,1,754.93,1,0
2317.97,20,1146,0,0,1,3,3,1365.14,0,0
2814.91,11,94,0,0,1,0,2,1985.39,0,0
10503.06,21,56,1,1,5,6,11,2273.28,1,1
8451.8,9,56,1,1,3,0,10,3610.05,1,1
1428.08,19,532,1,1,0,1,5,1013.57,1,0
3371.67,0,125,1,1,5,3,5,1237.73,1,1
1797.13,8,674,0,0,0,1,3,2446.18,0,0
3193.62,2,49,0,0,5,1,21,1403.15,1,1
2026.44,16,353,0,0,0,0,2,1024.94,0,0
1760.73,11,359,0,0,0,1,4,900.79,0,0
4267.99,1,26,0,1,5,2,8,1804.91,1,1
1735.61,22,262,1,0,0,0,1,2942.69,0,0
2199.23,21,819,0,0,2,0,3,1745.41,1,0
3548.88,3,144,1,1,5,3,7,2468.35,1,1
2408.48,11,93,0,0,0,1,5,1313.81,0,0
3851.74,2,81,0,1,3,4,4,1431.07,1,1
1786.3,22,1244,0,0,0,1,3,1482.61,0,0
8677.67,1,187,0,1,5,2,8,1481.97,1,1
2432.52,5,49,0,1,4,3,11,1150.45,1,1
4932.71,8,712,0,0,1,0,1,2087.91,0,0
7778.92,7,239,1,1,2,4,7,1833.43,1,1
5907.85,3,154,1,1,3,0,2,1420.38,1,1
3145.96,22,873,0,0,1,0,4,1356.48,0,0
1501.63,9,679,0,0,0,1,4,1622.55,0,0
3060.65,1,61,1,1,4,3,5,1376.91,1,1
3790.03,21,863,0,1,0,0,2,2870.16,0,0
16160.32,3,200,1,1,5,1,10,1631.14,1,1
1681.84,21,69,1,0,0,1,3,2391.73,0,0
1118.95,12,1200,0,0,0,0,1,1642.48,0,0
6464.0,19,74,0,1,5,2,7,1491.11,0,1
1298.75,17,1440,0,0,1,1,2,2255.46,0,0
4370.24,1,175,0,1,5,1,9,2131.99,0,1
9464.77,3,82,1,0,3,3,10,2476.79,0,1
1031.63,22,735,0,0,1,0,0,1399.04,0,0
3370.55,13,1273,0,0,2,0,4,1544.34,0,0
1824.92,17,749,0,0,0,1,2,2296.29,0,0
1054.78,12,952,0,0,0,2,3,2642.08,0,0
5681.22,10,152,0,0,1,0,2,3092.64,0,0
9119.58,1,200,0,1,4,4,10,1421.36,1,1
2629.26,12,178,0,0,0,0,4,1517.37,0,0
2043.75,16,1327,0,0,0,2,3,1519.26,0,0
8293.15,13,123,0,1,1,10,6,1434.28,0,1
5125.64,5,32,1,1,1,1,5,1922.78,1,1
3971.01,3,192,1,1,4,6,11,2456.45,1,1
9868.42,18,206,1,0,3,4,14,1213.42,1,1
840.04,12,765,0,0,0,0,2,1766.13,0,0
4902.82,5,185,0,1,3,4,3,1802.39,0,1
8883.36,5,171,1,1,4,3,6,1565.2,1,1
7609.68,2,106,0,1,3,3,9,4092.9,1,1
12219.08,4,112,1,1,4,1,13,2223.87,1,1
1526.49,21,713,0,0,0,1,3,5865.95,0,0
10506.61,4,120,1,0,5,0,9,912.56,1,1
1120.67,8,1105,0,0,1,0,1,1158.74,0,0
9000.45,3,145,1,1,5,3,11,1524.8,1,1
3020.03,8,97,0,0,1,1,4,2235.09,0,0
2272.56,11,974,0,0,1,0,2,1509.27,0,0
6414.93,21,242,0,1,4,3,12,2113.06,1,1
1357.72,20,1209,0,0,0,1,1,1314.0,0,0
2645.77,9,168,0,0,0,0,4,1494.83,0,0
11233.81,15,69,1,1,3,2,11,2092.07,1,1
1366.55,19,264,0,0,0,1,4,2222.56,0,0
5421.07,3,164,0,1,5,2,8,2600.85,0,1
5764.69,5,197,1,1,3,2,7,2204.12,1,1
2610.12,14,575,0,0,0,0,4,1774.06,0,0
1065.5,20,388,0,0,0,0,1,1985.55,0,0
4406.63,8,988,0,0,1,1,2,1448.35,0,0
1414.75,13,35,1,0,1,4,8,2526.52,0,1
4859.24,10,203,0,1,3,6,6,994.7,0,1
21363.83,3,95,1,1,5,5,10,2359.3,1,1
10161.92,8,237,1,1,4,4,9,2881.74,1,1
3721.5,4,81,0,0,3,1,5,1671.65,0,1
6285.04,1,181,1,0,3,2,5,1231.33,1,1
2324.33,22,803,1,0,1,1,2,1662.8,0,0
1637.57,10,1106,0,0,1,0,3,3100.68,0,0
1336.16,18,269,0,0,0,1,2,1503.44,0,0
5282.63,16,20,1,0,5,3,10,2228.28,0,1
1972.11,14,1493,0,0,1,0,4,1440.56,0,0
1393.92,22,1442,0,0,0,2,5,1189.04,0,0
3664.79,0,47,1,0,4,6,9,2552.41,1,1
13284.2,4,89,1,1,3,2,7,3185.79,1,1
1254.16,22,1216,0,0,0,0,2,3732.56,0,0
6643.18,20,190,1,1,5,4,7,1704.8,0,1
12939.0,1,196,1,1,4,5,7,1982.94,1,1
1167.25,21,1328,0,0,0,1,7,1488.4,0,0
4228.9,19,970,0,0,1,1,3,1719.06,0,0
8662.61,9,155,0,1,4,3,7,1426.72,1,1
3272.97,3,121,1,1,3,3,8,3965.87,1,1
1278.94,18,1021,0,0,0,0,2,1571.72,0,0
5931.28,13,24,1,0,4,3,5,1765.17,0,1
962.38,21,286,1,0,0,0,5,1409.94,0,0
6812.2,1,85,1,1,2,4,11,943.94,0,1
5988.31,1,54,1,1,2,1,8,2100.81,1,1
1576.6,20,439,0,0,0,0,3,2871.21,1,0
10600.34,5,25,1,1,4,1,8,1496.19,0,1
6795.64,12,12,1,1,3,3,11,1772.52,0,1
7436.12,5,83,1,1,3,1,2,2653.24,1,1
2241.89,0,165,1,1,4,3,7,1593.0,0,1
6591.69,9,242,1,1,3,2,6,1736.11,0,1
1291.25,13,383,0,0,0,0,1,1192.75,0,0
4118.78,8,1383,0,0,1,2,2,3400.67,0,0
1211.44,13,248,0,0,0,1,1,1835.91,1,0
4157.15,14,469,0,0,0,0,4,1575.17,0,0
5494.01,12,162,1,1,3,3,7,1819.66,0,1
5013.23,9,1234,0,0,0,2,3,1567.48,0,0
1436.57,14,1498,0,0,0,0,3,1675.77,0,0
2507.74,12,408,0,0,2,0,2,1016.42,0,0
873.74,16,949,0,0,1,2,1,1561.35,0,0
3379.78,21,659,0,0,1,1,2,2035.21,0,0
8342.71,2,218,1,1,5,6,5,2379.3,1,1
1395.33,8,65,0,0,1,1,2,2665.28,0,0
1829.35,16,610,0,0,0,3,2,1089.64,0,0
3996.65,0,10,1,1,3,1,10,1059.54,0,1
3544.24,5,97,0,1,5,2,12,950.64,1,1
1368.96,19,825,0,0,1,0,6,2005.11,0,0
10198.18,2,167,1,1,5,3,8,1849.92,1,1
4046.6,5,207,0,1,3,2,2,1100.67,1,1
2173.49,21,299,0,0,0,0,1,1183.93,0,0
1327.77,10,916,0,0,0,0,6,1876.2,0,0
5227.5,3,135,0,0,5,5,5,2635.9,1,1
1746.23,16,659,0,0,0,0,6,1435.03,0,0
17734.69,6,85,1,1,5,1,8,1448.04,1,1
9069.72,4,113,1,1,5,2,11,1492.29,0,1
2957.27,9,140,0,0,0,0,2,1515.71,0,0
5373.4,4,231,1,1,2,7,12,1416.89,0,1
3177.78,5,148,1,1,2,2,14,1100.61,1,1
7040.43,8,142,0,1,5,4,12,1203.59,1,1
2565.55,15,738,0,0,0,1,4,1055.17,0,0
1916.17,9,96,0,0,0,0,4,1570.68,0,0
11810.86,3,80,1,1,4,1,7,2097.71,0,1
10694.84,4,187,0,1,4,5,11,1823.13,1,1
12405.58,0,60,1,1,4,3,8,1554.43,1,1
4712.04,5,200,0,1,3,2,7,2016.96,0,1
1507.54,12,1136,0,0,0,0,4,1902.77,0,0
2723.74,10,248,0,1,0,1,4,1308.03,0,0
2572.41,5,119,0,1,3,4,4,1654.87,0,1
3034.14,22,1222,0,0,2,1,4,1223.38,0,0
4230.71,0,247,1,1,3,3,8,1622.28,1,1
3394.6,2,196,1,1,2,3,17,1496.69,1,1
2682.35,19,259,0,0,0,0,1,1687.17,0,0
13687.41,7,212,1,1,2,0,5,1474.96,0,1
2337.51,13,792,0,0,0,1,1,1741.94,0,0
8859.87,0,181,1,1,5,0,9,2999.3,0,1
3542.77,1,168,1,0,1,4,5,2064.18,1,1
3137.58,1,52,1,1,1,4,2,2154.27,1,1
7081.46,5,195,1,1,1,3,9,1771.26,0,1
1773.06,13,645,1,0,0,0,0,2245.4,0,0
2448.66,0,52,1,1,2,3,3,3130.6,1,1
6167.45,0,139,0,0,1,2,12,2111.18,0,1
3170.6,8,40,0,1,1,2,10,1691.22,1,1
1789.19,10,830,0,0,0,0,3,2658.69,0,0
6151.71,1,160,1,1,2,9,9,1571.74,0,1
5237.95,1,169,1,1,3,1,9,1119.22,1,1
8907.7,4,92,1,1,2,2,14,1350.73,1,1
1922.27,15,126,0,0,0,0,3,2283.36,0,0
1398.04,14,682,0,0,0,1,2,2171.83,0,0
1806.17,10,171,0,0,0,1,3,1345.7,0,0
2828.52,5,152,1,1,4,0,9,2660.57,0,1
4109.94,4,88,1,1,4,4,11,1010.02,1,1
8716.68,2,193,1,1,5,7,7,1767.27,1,1
5830.74,1,198,1,1,4,3,12,1799.47,0,1
2436.03,14,45,1,0,4,2,10,1727.51,1,1
2124.27,14,1094,0,0,1,0,3,1209.59,0,0
3049.45,12,767,1,0,0,0,2,1633.96,0,0
2780.88,20,912,0,0,2,0,3,1297.36,0,0
3777.2,3,85,1,1,3,2,8,2509.12,1,1
4326.61,0,197,1,1,5,6,4,1710.49,1,1
3289.19,3,213,1,1,3,3,6,1395.67,1,1
1805.2,13,376,1,0,0,1,4,1014.31,0,0
2645.35,0,100,1,1,5,5,8,1389.67,1,1
5112.1,0,117,1,1,4,1,5,1459.21,1,1
2385.51,13,91,0,0,0,1,0,2631.02,0,0
2302.32,11,1491,0,0,1,1,3,2029.04,0,0
2914.99,11,232,0,0,0,0,3,3223.44,0,0
1664.48,9,1223,0,0,0,0,2,3344.44,0,0
1629.85,17,945,0,0,0,0,7,1511.51,0,0
3268.92,13,498,0,0,1,0,3,1363.76,0,0
1955.97,21,347,1,0,0,2,3,2136.46,0,0
2132.98,14,143,0,0,1,0,0,2351.41,0,0
5299.6,9,1032,0,0,0,0,3,2822.86,0,0
9209.39,11,148,1,1,3,3,4,1211.86,0,1
2082.1,20,809,0,0,0,4,3,2391.25,0,0
3351.28,16,238,0,1,3,4,10,2487.48,1,1
1179.11,17,922,1,0,1,1,2,1331.05,0,0
2929.48,20,1068,0,0,0,0,3,1430.76,0,0
2071.06,17,405,0,0,0,0,1,3247.99,0,0
1900.43,14,1232,0,0,1,0,4,1321.12,0,0
1457.49,8,959,0,0,0,0,1,1862.4,0,0
2695.12,16,131,0,0,0,0,4,3565.97,0,0
4649.58,2,136,1,1,4,3,11,2140.76,0,1
1988.87,18,80,1,1,5,3,7,2738.65,1,1
1220.59,13,299,0,0,0,2,1,1009.66,0,0
7146.25,3,9,0,1,5,2,12,1605.97,1,1
3572.87,3,136,1,0,4,2,6,1625.88,1,1
7939.36,21,214,1,0,4,4,14,1895.57,0,1
937.11,22,844,0,0,0,2,2,2486.67,0,0
21101.08,10,48,1,0,4,4,7,2297.32,1,1
2746.08,14,1479,0,0,1,0,1,2860.74,0,0
5741.73,0,127,1,0,4,0,4,1256.18,0,1
5489.14,5,209,0,1,4,2,10,1414.51,1,1
2848.52,6,169,1,1,1,2,9,3289.3,1,1
1754.95,12,494,0,0,0,0,2,1277.73,0,0
2178.94,18,768,1,0,1,0,2,1620.49,0,0
924.07,2,50,1,1,1,2,6,2179.78,0,1
3673.45,20,1074,0,0,0,1,7,1526.24,0,0
2255.73,8,687,0,0,0,0,2,1709.17,0,0
1713.9,1,194,1,1,5,2,5,1878.12,1,1
2129.12,12,1283,0,0,0,2,1,1591.03,1,0
3689.33,22,415,0,0,0,0,3,880.42,0,0
4779.58,2,186,1,1,5,4,9,1302.41,0,1
1675.48,18,1356,0,0,0,1,5,1026.15,0,0
2358.72,17,1155,0,0,0,2,3,1548.86,0,0
2305.78,16,551,0,0,0,1,5,1879.28,0,0
4875.85,19,6,1,0,5,5,8,1102.8,1,1
32837.64,5,164,0,1,4,3,9,1783.57,1,1
2054.45,17,1363,0,0,0,1,3,2409.97,0,0
2433.89,21,922,0,0,2,1,3,1236.43,0,0
2573.71,4,196,1,1,5,4,7,1894.73,0,1
2647.81,15,303,0,0,0,1,3,1772.29,0,0
1225.36,11,1475,0,0,0,0,2,1986.74,0,0
3283.1,0,11,1,1,2,2,6,1563.87,1,1
11323.78,5,79,1,1,1,2,10,1442.88,1,1
3497.47,5,144,1,1,5,5,4,2872.8,0,1
4076.68,3,162,1,0,3,3,10,1630.4,1,1
3162.9,12,1228,0,0,1,0,5,1712.36,0,0
1932.55,8,443,0,0,1,0,3,1364.45,0,0
1703.43,8,778,0,0,0,0,1,2423.95,0,0
1764.05,18,1312,0,0,0,0,4,2020.22,0,0
2798.83,1,229,1,1,4,2,5,1632.91,1,1
5881.03,0,34,1,1,5,2,5,3355.45,1,1
1803.85,11,391,0,0,0,0,1,2053.23,0,0
5431.21,17,6,1,1,2,5,9,2616.42,1,1
3061.11,1,148,1,1,5,1,6,849.98,1,1
2576.53,11,922,0,0,0,0,1,1957.84,0,0
1811.75,22,744,0,0,0,0,8,1372.55,0,0
1610.19,11,371,0,0,2,0,1,1675.22,0,0
1533.72,12,1400,0,0,0,0,1,2345.79,1,0
2416.29,8,634,1,0,0,0,2,1902.36,0,0
1645.68,0,161,1,1,2,1,7,1585.04,1,1
2252.04,20,990,0,0,0,0,2,2041.28,0,0
5751.91,5,236,0,0,2,2,10,1711.78,0,1
2172.02,17,1118,0,0,1,0,3,2972.36,0,0
3456.29,6,134,1,1,1,3,12,1325.4,1,1
1215.38,16,599,0,0,0,0,2,2275.22,0,0
2635.78,4,232,1,1,5,3,7,1079.35,1,1
2502.64,20,463,0,0,0,0,6,3682.77,0,0
3414.13,17,1342,0,0,1,0,2,3118.92,0,0
1437.03,11,1401,0,0,1,0,5,1591.93,0,0
3899.44,10,958,0,0,1,0,3,1153.3,0,0
3888.55,9,909,0,0,0,0,2,1709.56,0,0
4222.37,5,160,1,1,5,5,6,2941.64,1,1
2986.28,9,28,1,1,5,4,9,2050.07,1,1
4033.37,14,641,0,0,1,0,4,1606.06,0,0
1860.06,6,240,1,1,5,1,11,2970.18,1,1
1259.47,9,133,0,0,1,0,2,1599.84,0,0
1766.44,16,1102,0,0,0,0,1,2249.36,0,0
3844.33,19,390,0,0,0,2,4,2469.92,0,0
1714.6,17,1424,0,0,0,1,0,5421.39,0,0
7707.96,0,248,1,1,2,4,9,2474.7,1,1
2282.48,17,201,0,0,5,4,9,1406.6,0,1
5193.17,5,117,0,1,5,1,8,2420.65,0,1
2072.35,22,1387,0,0,0,1,2,2380.23,0,0
12743.5,1,125,1,1,5,4,11,2309.62,0,1
4004.0,19,290,0,0,0,0,0,1965.74,0,0
2731.72,12,1142,0,0,0,0,2,1976.17,0,0
1725.07,8,288,0,0,0,0,4,2251.9,0,0
2442.48,13,274,0,0,0,0,2,1857.18,0,0
5269.81,0,85,1,1,3,3,16,3269.18,1,1
2507.46,14,685,0,0,1,0,4,2420.66,0,0
2198.52,19,88,0,0,0,1,3,3038.37,0,0
5661.72,3,157,1,0,4,0,6,2991.09,0,1
10137.07,1,207,1,0,4,0,6,2122.29,1,1
1537.16,11,1106,0,1,2,1,3,1547.04,0,0
10547.59,5,227,1,0,4,2,7,1419.73,0,1
7110.97,4,237,0,1,3,3,11,2057.77,1,1
8971.17,1,231,0,1,2,3,7,2272.61,0,1
2896.71,14,267,1,0,0,2,4,2624.37,0,0
2900.95,10,151,0,0,0,0,2,1330.33,0,0
2767.14,15,1142,1,0,0,2,3,3958.0,0,0
4438.53,4,102,1,1,5,2,7,3172.73,1,1
3025.54,10,1464,0,0,0,1,3,1441.34,0,0
10849.68,4,206,1,1,2,8,5,996.92,1,1
5764.71,3,15,0,1,4,6,7,1328.47,1,1
2309.54,14,1458,0,0,0,0,4,934.58,0,0
1446.6,13,851,0,0,0,0,4,1202.04,0,0
8261.48,2,13,1,1,5,1,11,952.04,1,1
1631.68,17,564,0,1,0,2,1,3500.05,0,0
3076.09,14,193,1,1,3,5,13,1752.09,0,1
3103.53,20,926,0,0,0,1,1,2833.76,0,0
13009.17,2,234,0,1,5,5,12,1895.45,1,1
1243.21,19,557,0,0,1,1,3,1419.7,0,0
2799.07,19,1074,0,0,0,2,2,2384.2,1,0
2844.15,3,54,0,1,5,3,7,1936.76,1,1
2394.43,18,87,0,0,1,1,2,2177.68,0,0
4275.37,0,63,1,1,3,4,7,852.97,1,1
1326.29,11,1396,1,0,1,0,0,2102.64,0,0
1060.78,12,538,0,0,0,0,3,2668.55,0,0
10015.49,14,74,1,1,4,2,5,993.17,1,1
1679.19,13,448,0,0,0,0,4,1647.58,0,0
1643.58,18,1364,0,0,2,1,4,3100.44,0,0
10371.65,5,117,1,0,2,4,8,1686.23,1,1
7421.36,4,28,1,1,3,1,9,1951.37,1,1
4993.2,4,208,1,1,5,5,9,1222.47,0,1
3245.54,4,217,0,1,4,3,9,2360.09,0,1
1914.78,8,458,0,1,0,2,7,1602.03,0,0
3283.42,4,7,0,1,2,6,9,666.41,0,1
6549.4,3,32,0,0,5,2,5,2419.95,0,1
9710.92,2,35,1,1,3,2,14,990.34,1,1
6826.63,0,26,1,1,5,4,11,2408.09,1,1
2986.51,0,202,1,0,2,3,5,1623.88,1,1
10141.29,5,141,1,1,2,2,11,958.54,1,1
2713.37,18,577,0,0,1,0,1,2777.23,0,0
2946.72,2,69,1,1,4,5,6,2634.22,1,1
5548.66,5,28,1,1,3,1,7,1536.06,1,1
1771.65,9,1438,0,0,0,0,3,2363.06,0,0
10536.86,18,122,1,1,5,1,6,1716.94,1,1
1887.31,19,1286,0,0,0,0,3,905.86,0,0
3071.17,12,1305,0,0,0,0,3,2942.03,0,0
1748.89,8,251,0,1,1,1,1,1335.26,0,0
2158.24,1,70,1,1,4,2,12,2192.21,1,1
828.03,21,138,0,0,0,0,2,1212.92,0,0
2047.77,18,1496,0,0,0,1,1,3234.76,0,0
4754.05,1,197,0,1,4,3,10,1664.72,1,1
4634.39,14,698,0,0,0,0,2,1964.37,0,0
4752.63,22,105,1,1,1,1,4,1577.9,0,0
3536.61,4,38,1,1,1,5,11,1613.94,1,1
2393.5,12,357,1,0,1,0,7,1721.69,0,0
1654.84,13,245,0,0,1,1,3,3320.67,1,0
7578.92,9,130,1,0,5,5,8,970.02,1,1
7020.4,4,65,1,1,1,4,7,1586.53,1,1
2590.86,8,820,0,0,0,0,2,2911.73,1,0
7494.17,4,20,1,1,4,3,5,1627.67,1,1
1522.58,9,648,0,1,0,1,2,1575.34,0,0
16399.36,23,207,1,1,5,1,11,1123.57,0,1
3910.67,22,1041,0,0,0,2,7,4264.16,0,0
7312.51,3,229,1,1,4,7,5,2791.35,1,1
3860.98,17,264,0,1,0,0,6,1860.12,0,0
7837.69,1,81,1,1,3,2,10,1954.13,1,1
6933.52,22,85,0,1,3,3,9,2034.32,1,1
7137.19,15,92,1,1,5,2,3,1824.09,1,1
14914.2,22,60,1,1,5,3,10,2577.1,0,1
1815.41,11,1023,0,0,1,0,4,1349.72,0,0
2461.37,8,165,0,0,0,1,4,1918.73,0,0
5043.79,3,152,1,1,4,4,8,2614.47,1,1
1930.33,10,574,0,0,0,0,2,1681.39,1,0
9295.58,5,46,1,1,1,3,15,2446.43,1,1
2167.26,19,734,1,0,0,1,5,1613.3,0,0
5048.14,12,534,0,0,0,1,2,1595.54,1,0
3392.76,5,41,1,1,4,4,5,1817.71,1,1
2389.51,8,364,0,0,0,1,2,1632.4,0,0
3803.44,4,166,0,1,4,6,8,1343.24,0,1
1533.7,20,909,0,0,0,0,3,1177.15,0,0
11861.48,3,50,1,1,3,1,11,1829.27,1,1
979.82,15,1414,0,0,1,0,2,1872.55,0,0
8236.53,2,72,1,1,3,4,6,2022.5,0,1
1290.19,14,996,0,0,0,1,0,1529.65,0,0
2488.96,18,930,0,1,0,1,2,1497.92,1,0
5024.32,15,52,1,1,2,5,14,1593.97,1,1
2875.28,10,232,0,0,0,0,3,1627.63,1,0
4345.11,3,56,1,1,5,4,11,4012.04,1,1
1588.99,11,398,0,0,0,0,3,923.29,0,0
2450.27,18,910,0,0,2,0,1,3428.21,0,0
1798.13,22,1499,0,0,1,1,6,2049.55,0,0
1853.69,21,1056,0,0,0,0,2,2078.32,0,0
7708.75,4,170,1,1,2,5,4,1422.23,1,1
5457.56,4,5,1,1,4,0,2,1427.62,1,1
2455.63,4,14,1,1,5,3,9,2668.23,1,1
1695.91,19,1090,0,0,1,1,6,2208.62,0,0
3893.42,3,167,1,1,1,2,7,3562.36,0,1
10677.28,1,68,1,0,4,4,4,1385.15,0,1
11333.18,3,61,0,1,5,2,8,3747.3,1,1
8961.21,1,60,0,1,2,1,7,2385.66,1,1
3448.96,5,49,1,1,3,2,5,1497.82,1,1
5715.38,1,189,1,1,5,3,9,1341.94,1,1
7633.39,7,54,1,1,4,1,8,1660.65,0,1
1759.56,20,411,0,0,0,0,1,1306.48,0,0
2054.65,14,322,0,0,0,1,5,1619.04,0,0
1375.37,8,136,0,0,0,0,2,1444.11,0,0
5133.94,2,93,1,1,3,3,11,2528.5,0,1
3948.49,2,121,1,1,4,3,7,2986.67,1,1
3095.9,4,174,1,1,1,5,8,1592.44,1,1
1084.6,9,697,0,0,0,0,4,2173.1,0,0
902.6,22,600,0,0,0,0,6,1453.04,0,0
5940.4,3,108,1,1,5,4,5,985.04,0,1
1543.59,20,100,1,0,0,2,7,1642.07,0,0
3206.13,8,1273,0,0,0,0,2,1946.56,0,0
3934.08,13,448,0,0,0,0,3,725.55,0,0
2787.15,3,204,1,1,2,2,3,1483.95,1,1
9361.54,21,112,1,1,3,2,9,1679.43,1,1
3592.91,9,197,1,1,1,4,8,1715.87,1,1
3676.55,14,53,0,1,3,3,8,1882.6,0,1
5999.81,3,6,1,1,4,5,8,1933.78,1,1
8688.73,4,219,1,1,5,3,13,1086.45,1,1
1464.24,13,210,0,1,0,1,3,948.74,0,0
4918.02,7,234,1,1,3,5,4,1114.11,1,1
1037.95,19,143,0,0,1,0,1,2130.43,0,0
1481.52,13,717,0,0,0,0,4,1708.56,0,0
4287.82,4,29,1,1,2,5,7,1205.77,1,1
1833.05,16,459,0,0,0,0,6,2195.94,0,0
1074.04,21,692,0,0,0,0,1,1137.65,0,0
2990.36,1,247,1,1,1,1,3,1751.22,0,1
2260.09,13,666,0,0,0,1,5,2310.5,0,0
5293.87,4,179,0,1,5,0,11,1274.41,1,1
3247.23,5,210,1,0,1,4,7,1756.88,1,1
7436.9,2,125,1,1,5,4,11,2815.59,1,1
3095.24,17,542,0,0,0,0,1,2166.52,0,0
1835.74,9,733,0,0,1,1,2,2108.0,0,0
963.31,8,542,0,0,1,0,2,2253.52,1,0
3963.74,22,511,0,0,0,1,2,1323.86,0,0
14319.61,5,108,0,1,3,2,3,1959.52,0,1
9097.22,23,4,1,1,2,5,10,1773.86,0,1
2208.76,18,101,0,0,1,0,3,2079.15,0,0
5608.82,0,225,1,1,5,4,9,1167.89,1,1
1129.32,15,1394,0,0,0,0,1,1944.68,0,0
13046.63,3,30,1,1,4,4,6,1117.15,1,1
2739.86,10,877,0,0,0,0,4,2009.81,0,0
6438.25,5,63,1,1,4,4,9,1921.6,0,1
29332.72,3,3,0,1,5,3,8,1379.46,1,1
832.94,13,1187,0,0,0,1,3,2394.82,0,0
2014.11,9,957,0,0,1,0,3,968.71,0,0
1104.6,13,106,0,0,0,0,5,1991.05,0,0
2149.57,14,1425,1,0,0,0,3,2193.47,0,0
1520.93,19,1375,0,0,0,0,2,2528.46,0,0
1522.3,22,720,0,0,0,0,4,1342.99,0,0
1217.13,22,911,0,1,0,1,4,1367.81,0,0
9918.96,5,84,1,1,4,3,9,2954.23,1,1
1101.23,11,262,0,0,0,0,2,1219.01,0,0
1454.39,12,1388,0,0,0,0,4,2981.7,0,0
9528.2,2,167,1,1,2,2,15,2088.09,1,1
2321.91,12,313,0,0,0,0,3,2488.11,0,0
6082.82,3,36,0,1,3,6,10,1582.97,0,1
5405.55,1,91,1,1,2,3,4,2760.63,0,1
2094.75,20,942,0,0,0,0,5,1674.45,0,0
9259.35,1,241,1,1,1,2,10,1441.04,0,1
1955.58,8,179,0,0,0,0,5,1590.32,0,0
7269.92,5,245,1,1,3,3,10,1416.66,0,1
5140.19,0,185,1,1,4,4,10,1805.93,0,1
4648.92,0,173,1,1,3,1,8,1346.8,1,1
2529.6,0,72,1,1,3,4,10,1225.5,1,1
2322.0,15,143,1,0,5,3,11,1756.92,0,1
2650.27,18,1027,1,0,0,0,2,1671.31,0,0
5717.81,5,13,1,1,5,7,4,1779.19,0,1
2326.98,21,1387,0,0,2,1,4,3368.28,0,0
10420.34,5,35,0,1,5,6,8,2065.25,1,1
1221.22,21,1022,0,0,0,0,4,1735.82,0,0
7094.25,5,73,1,1,4,5,8,2446.86,1,1
1931.16,13,960,0,0,0,1,2,1889.74,0,0
3691.77,18,1491,0,0,1,0,4,2287.7,0,0
3714.44,17,149,1,1,4,5,9,2035.97,1,1
5316.28,5,228,1,1,4,6,8,2233.39,1,1
15393.26,5,187,1,1,4,2,9,2270.18,1,1
1832.95,21,656,1,0,0,0,2,2101.67,0,0
25722.25,5,207,1,1,5,0,6,2003.91,1,1
7278.93,2,173,1,1,5,3,8,2904.58,1,1
2585.29,15,1193,0,0,0,0,0,983.12,0,0
3681.0,15,93,1,0,0,2,1,1256.29,0,0
911.23,17,348,1,1,0,1,2,873.74,0,0
2327.07,19,550,0,0,0,1,6,1784.28,0,0
3753.97,1,149,1,1,1,4,9,2100.41,1,1
2962.15,9,1056,0,0,0,1,7,1895.52,0,0
2952.75,8,966,0,1,0,0,4,3334.25,0,0
3625.45,4,42,1,0,2,3,5,2195.14,1,1
6251.48,15,139,1,0,4,2,8,1368.51,1,1
1838.4,10,592,0,0,0,1,3,858.88,0,0
694.5,14,696,0,0,0,1,4,1155.97,1,0
5235.68,3,163,1,1,4,3,10,1398.98,1,1
11801.29,23,114,0,1,5,3,9,1089.22,1,1
3503.85,3,112,1,1,4,2,4,1151.9,0,1
2956.76,12,790,0,0,0,1,6,2154.67,0,0
4667.38,5,35,0,0,4,4,12,1905.96,1,1
1724.4,10,173,0,0,0,0,3,1729.46,0,0
2139.14,8,68,0,0,1,1,5,1456.54,0,0
2743.25,2,185,0,1,5,3,6,2505.96,1,1
8704.31,7,237,1,1,4,0,10,1592.79,1,1
3658.98,5,211,1,1,5,2,4,1451.96,1,1
8923.59,4,104,1,0,3,1,10,2396.85,0,1
4097.12,5,102,1,1,5,5,11,3386.47,1,1
1438.95,8,992,0,0,0,0,1,2168.48,0,0
1028.94,21,351,0,0,0,0,1,1791.18,0,0
6802.05,12,761,1,0,0,0,0,2243.73,0,0
2333.21,3,238,1,1,2,0,4,1551.26,0,1
2252.56,11,893,0,1,0,0,2,2483.03,0,0
1412.7,14,719,0,0,0,1,4,636.95,0,0
6056.73,1,102,0,1,2,2,8,1389.05,1,1
1636.57,9,327,0,0,1,1,4,3742.87,0,0
4705.27,18,1047,0,0,0,0,3,1470.18,0,0
6787.54,22,36,1,1,2,3,7,1071.1,1,1
2790.45,20,1250,0,0,0,0,3,2208.7,0,0
4149.17,4,90,1,1,4,2,6,2863.31,1,1
2892.88,12,150,0,0,0,0,5,986.13,0,0
14013.92,3,19,1,0,4,2,6,1718.15,1,1
3090.33,16,1317,0,0,0,0,2,1882.97,0,0
2009.63,18,203,1,1,5,2,12,3732.21,1,1
6719.49,8,227,1,0,0,0,6,2284.94,0,0
3949.54,4,49,0,1,3,2,6,2857.53,1,1
2798.48,21,146,1,1,3,6,12,1658.79,1,1
1832.23,18,665,0,0,0,1,4,2006.5,0,0
2082.95,4,205,1,1,4,4,8,1414.07,1,1
1877.42,11,131,0,0,2,0,3,1738.99,0,0
8724.63,22,72,1,0,3,8,4,2115.0,1,1
4774.93,0,239,1,1,2,6,9,1865.66,0,1
1153.01,13,1064,1,0,0,0,4,890.02,0,0
8816.54,4,175,1,0,2,5,9,1293.29,1,1
1744.8,15,296,0,0,0,0,2,2816.99,0,0
2183.28,21,493,0,0,0,2,7,2231.09,0,0
1397.83,20,523,0,0,1,2,2,1445.88,0,0
3050.21,14,749,0,0,0,0,3,1641.3,0,0
2245.76,12,1389,0,0,0,0,4,1948.71,0,0
13873.91,4,181,1,0,2,4,8,1615.21,1,1
8362.18,4,138,1,1,3,2,7,1359.26,0,1
8257.76,0,12,1,1,4,2,7,2487.65,0,1
2997.09,1,171,1,1,5,1,5,2793.58,1,1
6545.92,3,7,1,1,5,2,11,1589.38,1,1
2766.54,11,308,0,0,1,0,4,3816.09,1,0
5434.97,1,32,1,1,3,3,9,2405.74,1,1
2918.28,8,1144,0,0,1,0,1,1367.91,0,0
1327.58,22,302,0,0,0,0,3,1949.16,0,0
2707.64,1,26,1,1,1,2,12,948.82,0,1
5513.08,3,16,1,1,1,2,7,3418.33,1,1
6616.43,14,91,0,1,2,5,2,1308.98,1,1
7005.33,3,217,1,1,3,8,8,2162.24,1,1
1309.92,12,410,0,0,2,1,2,1438.97,0,0
4265.49,1,49,1,1,2,4,5,2785.86,1,1
5514.64,1,8,0,1,3,1,3,838.13,1,1
3084.29,0,121,1,1,3,2,7,2482.75,1,1
4855.4,17,156,0,1,4,5,8,1552.07,0,1
6075.62,1,81,1,1,3,4,8,1544.32,1,1
3164.0,12,83,1,1,3,2,11,1223.25,1,1
5569.3,20,340,1,0,1,1,3,1748.17,0,0
1980.07,2,14,1,1,3,2,8,2237.65,1,1
3739.76,3,131,0,1,1,3,9,1295.87,1,1
3818.96,1,21,0,1,3,3,6,2252.94,1,1
5543.64,5,138,1,1,3,4,9,2344.26,0,1
2335.73,1,151,1,1,5,2,7,1677.44,0,1
1491.03,16,1472,1,0,0,0,2,2571.24,0,0
6330.57,1,70,1,1,4,4,11,1585.45,1,1
1400.06,12,1156,0,0,1,1,5,2041.99,0,0
1379.34,20,1336,0,0,0,0,4,3686.95,1,0
2352.11,19,111,0,0,0,2,3,1798.97,0,0
3673.08,16,236,0,0,0,1,4,3457.98,0,0
3128.59,19,1116,0,0,1,0,6,2062.82,0,0
2630.72,19,1086,0,0,0,1,4,814.85,0,0
1714.29,14,555,0,1,0,1,2,1832.02,0,0
3235.38,8,57,0,0,3,3,8,1539.52,0,1
831.23,22,263,0,0,0,0,3,1453.52,0,0
7769.12,3,4,1,1,5,3,5,3853.2,1,1
2286.89,19,240,0,0,0,0,5,2415.18,0,0
840.68,17,917,0,0,0,0,2,1663.28,0,0
7256.59,5,1,0,1,4,2,7,2130.73,0,1
5171.85,12,1320,0,0,2,2,3,2926.42,0,0
4305.94,14,1361,0,0,0,1,3,4615.67,1,0
5128.97,4,10,1,1,5,3,2,2384.4,1,1
3619.5,13,1239,0,1,1,0,4,2382.26,0,0
1623.54,11,566,1,0,0,0,1,914.52,1,0
1490.47,22,1355,0,0,0,0,0,2003.71,0,0
1483.97,17,259,0,0,0,1,4,1907.04,0,0
5045.22,9,653,0,0,0,0,2,907.7,0,0
9172.05,8,235,1,1,5,0,6,2041.87,1,1
8287.42,1,148,1,1,4,1,4,2249.42,1,1
6056.61,12,17,1,1,5,3,9,1936.55,1,1
2296.65,22,1445,0,0,0,1,2,1586.62,0,0
8330.83,13,218,1,1,1,1,10,3789.51,1,1
13839.11,9,155,1,1,1,3,7,2488.45,1,1
4887.35,16,103,1,1,4,1,7,1411.14,1,1
1606.26,16,1002,0,0,2,0,1,992.79,0,0
6231.19,0,230,1,0,3,3,5,1239.2,1,1
4049.34,8,202,1,1,1,6,7,1206.0,0,1
2219.82,22,200,1,0,0,0,1,1219.85,1,0
3066.22,18,594,0,0,0,0,3,1746.99,1,0
13394.52,10,59,1,1,3,0,6,1591.11,1,1
3842.65,15,616,0,0,0,0,4,981.43,0,0
5294.2,14,456,0,0,0,0,3,2280.25,0,0
1667.24,19,920,0,0,0,0,4,1698.26,0,0
1254.06,21,917,0,0,0,0,2,1455.53,0,0
3488.98,3,2,1,1,3,3,6,1215.03,1,1
8197.77,0,190,0,1,2,6,6,1341.24,1,1
2942.33,21,981,1,0,0,0,3,1318.85,0,0
4077.08,3,242,1,1,3,3,11,1495.44,0,1
1493.28,10,243,0,0,0,0,4,1739.83,0,0
5140.86,21,275,0,0,0,1,2,3873.64,0,0
4312.77,12,170,1,1,4,3,7,1114.3,0,1
2438.45,15,1417,0,0,1,1,5,1141.22,0,0
3957.15,13,296,0,0,0,3,3,1512.24,0,0
3093.96,19,578,0,0,1,0,3,2547.6,0,0
1370.95,20,634,0,0,0,0,2,1363.49,0,0
2374.03,14,158,1,1,4,3,4,1268.38,1,1
3536.92,8,166,0,0,0,2,3,1375.69,0,0
1635.84,8,1283,0,0,0,2,6,1421.45,0,0
1743.25,3,184,0,1,4,6,8,978.85,0,1
1730.41,10,326,0,1,0,0,1,1372.59,0,0
2739.06,13,195,0,0,0,1,3,2490.58,0,0
5047.42,3,74,1,1,1,3,3,2369.39,1,1
7722.54,1,132,1,0,5,1,6,1535.67,1,1
2901.81,0,156,0,0,5,1,7,1812.91,1,1
4521.99,0,220,0,1,3,2,8,2074.29,1,1
4111.57,5,144,1,1,4,3,9,1579.39,1,1
3172.74,4,46,1,0,3,4,2,1045.66,0,1
6476.46,5,239,1,1,2,3,11,1798.82,0,1
1922.1,20,722,0,0,0,0,4,1114.29,0,0
10159.34,10,104,1,0,4,2,6,2208.63,1,1
4905.56,0,216,1,1,3,6,10,1585.44,0,1
6913.11,2,197,1,1,5,2,17,1516.13,0,1
3129.81,18,1497,0,0,0,0,3,1310.64,0,0
5842.32,0,136,1,1,1,1,6,2238.5,1,1
3188.32,1,107,1,0,5,1,12,1292.2,0,1
1104.19,22,747,0,0,0,1,1,1862.8,0,0
6988.74,3,20,1,0,3,1,9,2278.96,0,1
2433.55,22,632,0,0,0,0,7,2217.75,1,0
3522.16,13,900,0,0,1,0,2,2317.24,0,0
4089.54,14,172,0,0,0,1,6,1931.28,0,0
968.45,20,1498,1,0,2,1,3,2763.64,0,0
3924.7,10,905,0,0,0,2,3,1820.29,0,0
2241.03,0,98,1,0,4,1,7,2388.29,1,1
10547.48,2,191,1,0,5,5,5,1145.11,1,1
4085.15,1,239,1,1,4,4,6,1206.37,1,1
2222.35,20,668,0,0,0,1,2,631.29,0,0
2494.99,16,304,0,0,0,1,5,1944.15,0,0
2220.62,15,12,1,1,2,6,5,1948.69,0,1
7034.88,5,143,1,1,5,4,6,1394.82,1,1
4285.76,1,113,1,1,1,1,11,1525.13,1,1
4548.75,16,1112,0,1,0,2,7,1694.06,0,0
1831.08,22,247,1,0,0,0,1,1362.22,0,0
3550.45,18,1403,0,0,0,0,4,888.11,0,0
5196.73,2,158,1,1,1,5,8,928.78,1,1
2767.66,21,847,0,1,0,0,3,3940.33,0,0
5615.91,1,84,1,1,4,0,12,1606.75,1,1
6295.29,6,147,1,1,5,1,7,1736.76,0,1
2603.67,22,1283,0,1,0,0,3,1566.9,0,0
2077.86,15,698,0,0,0,2,2,2330.61,0,0
1493.22,18,453,0,0,0,0,3,1940.59,0,0
1772.07,16,830,0,0,1,1,3,1621.76,0,0
5225.58,5,121,0,1,2,2,10,1540.22,1,1
7260.82,10,202,0,0,0,1,5,1661.99,0,0
5900.05,11,156,1,0,1,3,11,2054.85,1,1
8276.16,5,244,1,1,4,1,6,1990.84,1,1
2477.28,15,1482,0,0,0,0,4,1125.68,0,0
914.39,11,834,0,0,1,0,0,1354.07,0,0
3577.51,5,36,0,1,4,1,6,2164.65,1,1
4606.1,17,166,1,1,5,3,6,2447.8,0,1
3857.28,13,113,1,1,5,2,1,3026.96,0,1
1412.39,16,1411,0,0,1,1,2,1816.66,0,0
4867.7,1,26,1,1,5,5,9,1720.91,0,1
4480.36,1,84,1,1,2,6,7,2278.86,0,1
9419.91,3,74,1,1,4,2,8,1631.71,1,1
4912.65,16,98,1,1,5,1,7,1322.48,1,1
3931.98,6,172,1,1,3,3,9,2208.39,0,1
12240.91,4,211,1,1,1,5,9,1681.38,0,1
6155.18,3,175,1,1,1,3,4,1892.74,1,1
1848.07,18,1366,1,0,0,0,4,2601.5,0,0
8412.93,11,70,1,1,5,4,8,1706.85,0,1
2736.07,22,1242,0,0,0,0,4,1832.51,0,0
3174.72,1,141,1,1,4,2,6,2600.64,1,1
2436.25,9,632,0,0,0,1,5,2005.04,0,0
12888.27,1,21,1,1,3,2,7,2199.05,1,1
3412.59,13,1057,0,0,0,1,2,2015.28,0,0
1381.56,21,1293,0,0,0,2,8,2011.62,0,0
2184.26,13,1447,0,0,0,0,3,3297.62,0,0
5228.69,13,1032,1,0,0,0,2,1507.19,0,0
4150.97,1,182,1,1,4,3,5,1493.08,1,1
1750.8,0,188,1,1,3,6,9,1853.3,1,1
3489.37,11,802,0,0,0,1,2,1290.22,0,0
4316.84,1,241,1,1,4,2,14,1258.91,1,1
8663.05,1,239,1,1,2,0,12,1338.14,0,1
2942.82,12,1346,0,0,0,0,1,1401.34,0,0
2012.14,15,397,0,0,1,0,2,2446.62,0,0
5574.9,19,86,1,1,4,3,6,2021.02,1,1
4041.77,12,1166,1,0,0,2,4,2445.85,0,0
1867.8,14,202,0,0,1,1,3,1632.01,0,0
5175.72,2,155,1,1,2,3,7,1457.26,1,1
9402.6,0,78,1,1,3,3,12,2750.23,1,1
2064.82,0,226,1,1,3,7,6,1477.0,1,1
1628.17,8,621,0,0,0,0,3,1646.89,0,0
17880.83,4,62,1,1,3,3,7,1785.13,1,1
846.99,18,1469,0,0,1,0,2,2908.04,0,0
1467.38,11,211,0,0,2,3,2,2412.26,0,0
5750.8,0,233,0,1,3,3,4,1009.88,1,1
1548.1,19,320,0,0,1,0,2,3403.18,0,0
1987.89,11,249,0,0,0,0,0,2307.06,0,0
5195.96,22,1047,0,0,1,1,5,2476.22,0,0
2771.32,7,148,0,1,4,1,6,1392.49,1,1
15995.32,3,53,1,1,3,3,9,1610.62,1,1
2360.73,12,716,0,0,0,1,5,1160.89,0,0
3522.16,22,152,1,0,0,0,3,1273.42,0,0
6271.78,0,93,1,1,5,1,10,3251.15,1,1
1810.18,9,200,1,0,0,2,4,1260.74,0,0
1753.88,22,1200,0,0,0,1,3,1305.43,0,0
1551.64,12,1404,0,0,0,0,3,2335.38,0,0
2878.95,0,224,0,1,3,3,11,1520.72,0,1
2845.57,11,288,0,0,0,0,5,3651.13,1,0
3202.54,0,100,1,1,5,4,14,2254.15,1,1
1739.28,11,935,0,0,0,1,4,1828.96,0,0
1442.77,22,126,1,0,0,0,5,975.36,0,0
846.12,16,967,0,0,1,1,1,1772.39,0,0
3881.18,3,131,1,1,3,2,7,1552.3,1,1
4190.17,8,1149,1,0,0,1,6,1932.95,0,0
1480.89,20,412,0,0,0,1,6,2287.44,0,0
1043.73,17,218,0,0,2,0,0,2274.14,0,0
1444.97,13,108,0,0,1,0,1,901.98,0,0
6423.03,21,114,1,1,5,3,10,1382.88,0,1
3962.3,15,815,1,0,0,0,3,1699.4,0,0
6002.16,2,19,1,1,2,5,7,3020.1,1,1
2911.88,17,115,0,1,5,4,4,1551.93,1,1
1521.57,20,1444,0,0,0,0,1,818.36,0,0
2070.38,22,388,0,0,0,2,2,1623.43,0,0
4885.31,2,147,0,1,4,2,9,2308.46,1,1
2394.43,15,124,0,0,0,0,5,1306.66,0,0
3072.03,11,375,0,0,1,2,5,2274.8,0,0
11075.43,5,1,1,1,5,2,8,2557.71,0,1
2607.74,17,798,0,1,1,0,1,1888.15,0,0
2456.37,16,462,0,1,0,1,3,2115.53,1,0
1565.64,18,453,0,1,0,1,2,1958.69,0,0
12128.36,4,167,1,1,4,7,7,2186.49,1,1
1233.66,8,284,0,0,1,0,2,3460.09,0,0
1660.97,2,40,1,1,5,5,7,2430.71,1,1
1362.22,14,248,0,0,0,1,2,1064.23,0,0
7024.8,5,60,1,1,4,3,6,1506.61,1,1
4732.71,12,56,1,1,3,7,7,1163.39,1,1
7829.46,0,182,1,1,4,0,5,1289.9,1,1
3572.58,18,1308,0,0,0,1,3,1274.89,0,0
4368.84,5,174,1,1,4,2,10,2773.11,1,1
2112.36,16,489,0,0,0,1,2,1490.29,0,0
4623.15,8,136,1,1,4,3,6,1430.92,1,1
9747.3,20,21,1,1,3,4,11,2781.72,1,1
9948.37,5,127,1,0,4,5,5,2957.57,0,1
7244.58,23,174,1,1,1,4,10,1031.19,0,1
1380.04,22,1036,0,0,0,0,2,906.54,0,0
2884.75,16,491,0,0,0,0,0,1580.03,0,0
2063.39,18,219,0,0,0,1,2,2109.08,0,0
1633.19,8,926,0,0,0,2,5,2554.19,0,0
1435.46,19,270,0,0,0,0,5,1983.01,0,0
2425.17,21,1284,0,0,2,0,4,2000.93,0,0
4915.05,1,45,1,1,5,4,5,2060.93,0,1
4884.05,6,140,1,1,2,2,9,2739.86,0,1
5006.91,2,55,1,1,3,5,6,1684.63,1,1
10095.43,19,28,1,1,3,1,3,1452.41,1,1
1966.48,17,605,0,0,0,0,4,2138.08,0,0
2859.24,2,194,1,1,5,6,12,1974.48,1,1
1357.52,15,689,0,0,0,0,3,2755.86,0,0
6531.61,3,244,1,1,5,4,5,1456.47,1,1
873.09,19,539,0,0,0,0,4,1405.19,0,0
1902.84,14,329,0,0,0,0,5,2327.62,0,0
3336.65,16,440,0,0,0,1,3,1282.33,0,0
9591.7,4,158,1,1,5,1,11,1754.88,0,1
1537.36,21,520,0,0,1,0,5,1521.84,0,0
8139.46,6,50,1,0,5,2,9,1588.12,1,1
2370.06,21,1186,0,0,0,0,2,1249.89,1,0
7511.27,0,48,1,1,3,2,9,1722.28,0,1
12489.99,4,69,1,1,3,3,4,1938.17,1,1
18337.35,10,86,0,1,2,1,8,2395.3,1,1
2079.9,18,1123,0,0,2,2,1,1647.01,0,0
11933.48,2,23,1,1,3,1,12,1899.44,1,1
6385.9,5,147,1,1,2,2,6,1657.82,1,1
8772.91,17,140,0,1,4,8,5,1480.84,1,1
14194.64,13,195,0,1,5,2,7,2109.52,1,1
5234.83,4,107,0,1,4,6,9,1325.71,0,1
1712.81,13,1157,1,0,1,2,6,3623.17,0,0
1096.99,16,1201,0,0,0,1,3,1173.89,0,0
6954.02,7,38,1,1,3,1,7,1269.6,1,1
12416.61,0,216,1,1,1,2,9,2217.62,0,1
1990.84,19,365,0,0,0,1,4,1487.11,0,0
4961.6,7,193,1,1,5,5,8,1898.31,0,1
1725.81,8,1096,0,0,0,0,2,1153.4,0,0
1594.47,13,1019,0,0,0,1,4,2376.6,0,0
14667.89,3,138,0,1,2,3,4,1926.24,0,1
4269.1,22,85,0,0,1,0,6,1231.41,0,0
1789.83,16,143,0,0,0,0,2,2531.74,0,0
1630.52,18,1027,0,0,0,1,4,2385.38,0,0
2827.43,5,140,1,1,1,2,9,2159.32,1,1
2811.07,22,1024,0,0,0,0,3,1487.4,0,0
10361.26,3,146,1,1,5,1,10,1341.07,0,1
8701.49,19,92,1,0,2,6,8,1282.31,1,1
2006.37,12,1402,0,0,1,2,1,3255.78,0,0
15962.1,12,9,1,1,5,2,10,2050.6,1,1
5917.51,5,214,1,1,4,3,8,941.79,1,1
4095.88,17,1201,0,0,0,0,3,1710.96,0,0
4978.39,3,150,1,1,4,5,8,2481.8,0,1
2268.73,12,100,0,0,1,0,1,1654.58,0,0
3618.35,5,64,1,1,3,6,4,1374.35,0,1
1372.87,16,1250,0,0,0,0,3,3036.36,0,0
1232.0,13,870,0,0,2,2,4,1065.22,0,0
2624.71,21,984,0,0,0,0,3,2607.53,0,0
2456.27,15,249,1,0,1,3,7,742.41,0,1
3465.23,4,154,1,1,2,1,10,1526.67,1,1
6031.93,18,108,1,1,4,6,9,1770.97,1,1
7939.25,3,196,1,1,4,6,3,2090.27,1,1
12021.99,9,179,1,1,3,1,8,2516.58,1,1
2646.84,13,1471,0,0,1,0,0,2472.83,0,0
3931.66,0,238,1,1,4,2,11,1918.25,1,1
2343.31,10,211,1,1,5,2,7,1086.2,0,1
5008.86,14,178,0,0,0,1,3,1690.8,0,0
2020.9,11,1490,0,0,0,0,8,1573.19,0,0
1726.6,12,478,0,1,0,1,5,3084.5,0,0
1425.54,9,583,0,0,1,0,2,1884.48,0,0
4449.17,5,75,1,0,3,1,8,1729.8,1,1
2981.5,14,715,0,0,0,0,1,1231.81,0,0
2916.74,20,801,0,0,0,0,0,2220.28,0,0
2139.03,8,1445,0,0,0,0,3,2222.23,0,0
1363.36,11,1343,0,0,2,3,3,2275.43,0,0
6618.75,2,127,1,1,3,2,10,1350.46,0,1
6639.37,13,105,0,1,2,3,10,2735.86,1,1
1414.05,15,1325,0,0,0,0,4,2290.11,0,0
2689.38,18,725,0,0,0,1,7,2636.62,1,0
8821.38,20,148,1,1,3,0,7,1749.68,1,1
3925.22,2,48,1,1,4,3,12,1020.37,1,1
2342.72,8,296,0,0,1,0,2,1177.51,0,0
1514.95,20,226,1,0,0,1,4,1396.86,1,0
3507.86,3,214,1,1,4,3,5,2586.03,1,1
3987.61,8,560,0,0,1,0,6,1351.04,0,0
2811.17,14,61,0,0,0,0,2,2260.59,0,0
3417.39,5,171,0,1,3,3,6,2296.52,1,1
3150.51,9,355,0,0,2,0,5,2773.04,0,0
6977.63,16,210,1,1,3,2,8,1713.34,1,1
2653.56,20,850,0,0,2,0,0,1554.52,0,0
3643.51,5,85,1,1,5,3,11,1544.74,1,1
1258.38,15,1150,0,0,0,2,4,2459.45,0,0
2190.96,3,178,1,1,3,2,5,1877.39,0,1
6468.43,2,91,1,0,4,3,4,1295.62,1,1
3509.51,18,702,0,0,1,0,3,2092.05,0,0
1933.69,22,915,0,0,0,1,3,2418.22,0,0
1143.8,14,628,0,0,2,1,1,1271.3,0,0
4662.43,5,159,1,1,3,1,3,2756.07,1,1
6302.23,21,13,1,1,5,3,15,1389.59,0,1
2314.28,8,573,0,0,0,0,2,1763.68,0,0
3524.16,0,139,1,1,3,4,7,1283.96,1,1
5719.94,2,128,1,1,3,5,7,1392.4,1,1
1145.91,22,593,0,0,1,0,5,2181.6,0,0
25325.33,0,52,1,1,3,5,10,1846.58,1,1
1534.43,21,1006,1,0,0,0,4,1132.68,0,0
4769.35,2,174,0,0,4,2,8,1986.24,1,1
10091.98,4,224,1,1,5,0,7,3148.91,1,1
1252.95,14,1401,0,0,0,0,4,2610.23,0,0
2895.93,19,978,0,0,0,0,3,2075.42,0,0
4964.56,9,7,0,1,1,2,14,2306.0,1,1
2462.37,8,1146,0,0,0,0,1,1434.3,0,0
2215.03,9,719,0,0,0,1,2,1687.04,0,0
6408.33,4,89,1,0,3,1,7,1721.61,1,1
2379.13,13,642,0,0,2,0,3,1120.55,0,0
3088.16,12,1049,0,0,0,0,2,3360.56,0,0
1980.27,20,78,0,0,0,0,4,1411.4,0,0
6236.05,2,56,1,1,3,4,6,1605.93,0,1
1910.29,12,1099,1,0,0,0,1,2266.05,0,0
3079.03,14,975,0,1,0,1,5,2357.97,0,0
6083.41,21,2,1,1,4,5,7,2914.94,0,1
1333.13,11,978,0,0,0,1,3,1814.94,0,0
5011.76,3,128,1,1,3,3,5,1385.18,1,1
3775.09,20,79,1,1,1,2,6,3920.72,1,1
8399.22,14,73,1,1,3,1,6,1270.22,1,1
5867.12,3,13,1,0,5,3,12,3214.65,1,1
5540.97,2,239,1,0,3,5,16,1175.88,1,1
2700.42,8,941,0,0,0,0,3,2300.63,0,0
7097.49,14,1116,0,0,0,1,4,1057.75,0,0
2988.72,2,90,0,0,3,4,12,1221.38,1,1
5083.58,18,219,1,1,4,1,5,2358.32,1,1
9072.08,0,182,1,0,4,5,7,1838.21,1,1
2735.99,16,363,0,0,1,0,3,1157.72,0,0
2457.5,9,1185,0,0,0,0,1,872.7,0,0
873.1,11,1236,0,1,0,0,3,2419.13,0,0
5677.37,9,178,1,1,4,3,12,791.68,1,1
8774.53,3,107,1,0,3,3,7,1552.25,1,1
1320.7,20,625,0,0,0,0,2,1491.87,0,0
1601.98,15,964,0,0,0,0,3,3087.9,0,0
1390.56,8,926,0,0,1,0,2,1429.66,0,0
2418.73,17,230,0,0,0,0,1,1873.43,0,0
900.28,10,818,0,0,0,2,1,1422.19,0,0
2297.16,14,1148,1,0,0,0,4,1082.04,0,0
2771.31,21,1299,0,0,0,0,2,1734.7,0,0
2973.62,19,951,0,0,0,1,2,1370.41,0,0
5207.5,6,134,1,0,4,0,6,2254.47,1,1
2739.19,15,1434,0,0,1,1,2,1743.52,0,0
6027.45,8,70,0,1,5,2,15,1628.26,1,1
2376.18,19,1343,0,0,0,0,3,2240.77,0,0
4042.25,17,126,1,1,3,3,11,2474.14,1,1
1937.84,22,607,0,0,0,0,4,2656.93,0,0
4882.71,12,150,1,0,1,4,7,1956.7,1,1
4091.49,13,163,0,0,0,1,3,1352.83,0,0
2916.72,4,213,1,1,4,4,11,1689.37,1,1
1633.61,19,39,1,1,4,2,7,1522.03,1,1
19727.02,0,65,0,1,2,2,11,1377.27,0,1
15570.11,8,38,1,1,5,5,10,2088.39,0,1
5421.19,4,53,1,1,4,1,11,2281.93,1,1
3792.55,3,249,1,1,4,3,8,1499.66,1,1
6312.38,0,129,1,1,2,4,8,2293.19,0,1
7700.19,1,190,0,1,1,2,6,1566.83,1,1
1050.51,13,1265,0,0,0,2,8,1576.23,0,0
2641.67,15,1088,1,0,1,1,0,2107.05,0,0
825.84,21,1072,0,0,0,0,1,1290.69,0,0
1295.77,12,123,0,0,0,1,1,3064.48,0,0
5556.45,21,395,0,0,0,0,4,781.79,0,0
2925.66,20,1042,0,0,0,2,3,2458.0,0,0
6394.33,5,150,1,1,5,4,4,2160.06,1,1
1747.35,15,137,1,1,3,5,10,1592.67,0,1
1816.83,21,592,0,0,1,0,4,2280.85,0,0
7288.53,4,4,0,1,4,1,7,1328.65,1,1
4803.56,1,171,1,1,5,5,8,2125.11,1,1
2585.36,21,186,0,1,0,0,6,1318.75,0,0
1880.43,14,1454,0,1,0,0,4,1452.18,0,0
7803.55,9,202,0,0,2,1,8,1631.06,1,1
1585.54,19,1415,1,0,1,0,2,2043.66,0,0
4614.08,20,426,0,0,0,0,3,1742.59,0,0
4208.57,18,184,1,1,3,5,7,1405.25,1,1
1191.36,15,423,0,0,0,1,4,3244.75,1,0
17726.72,15,184,0,1,2,4,5,1418.73,1,1
10476.06,4,88,1,1,3,3,12,1001.77,1,1
1278.03,8,1248,0,0,0,1,2,1608.24,0,0
8217.21,6,217,1,0,4,6,11,1473.3,1,1
8754.56,17,42,1,0,1,3,9,1125.41,1,1
2286.74,1,132,1,1,3,5,6,1308.98,1,1
4310.74,0,3,1,1,3,3,7,1999.18,1,1
2815.16,12,1349,1,0,0,0,3,1622.9,0,0
9262.4,3,3,1,1,1,3,8,1682.51,1,1
1347.46,21,184,0,0,1,1,3,1476.95,0,0
919.94,9,343,0,0,0,0,5,3110.33,1,0
2183.45,13,1057,0,0,0,0,4,1753.01,0,0
1460.72,16,290,1,0,0,0,1,928.6,1,0
8306.7,3,96,1,1,4,3,6,1564.41,0,1
2287.79,16,515,1,0,0,0,2,1279.82,0,0
3589.96,12,501,0,0,2,1,4,1867.22,0,0
5438.02,2,52,1,1,4,5,5,1845.63,1,1
1920.22,20,145,0,0,3,5,7,2320.21,0,1
7914.7,5,18,1,1,1,1,12,1457.0,1,1
9914.95,2,113,1,1,3,4,9,1807.75,0,1
2510.31,8,371,0,0,0,0,2,3301.3,0,0
3305.41,0,209,0,1,3,4,8,2059.09,1,1
8076.65,1,16,1,1,4,5,10,1692.95,1,1
3334.87,13,87,0,0,0,0,3,998.2,0,0
3567.21,10,87,1,1,2,3,9,1058.53,1,1
7548.01,14,187,1,1,4,8,12,2234.7,1,1
2605.87,5,222,1,1,5,2,8,1565.02,0,1
2889.28,15,1394,0,0,1,1,2,1344.36,1,0
8884.75,12,41,0,1,5,0,11,1309.11,0,1
1644.25,16,378,1,0,1,0,1,1785.44,0,0
3359.07,1,74,1,1,4,6,13,1615.27,1,1
2165.64,10,624,0,0,1,0,7,1900.2,0,0
2195.39,16,300,0,0,0,0,2,2551.47,0,0
6798.68,18,214,1,1,3,5,11,1348.93,0,1
7163.41,2,116,1,1,3,2,8,1886.69,1,1
14053.2,2,21,1,1,3,3,6,3179.33,0,1
8037.52,0,164,1,1,3,3,6,1892.84,1,1
4584.59,0,64,1,1,5,4,6,1751.23,0,1
2499.88,16,183,1,0,0,1,1,1666.11,0,0
2233.23,22,692,0,0,0,0,0,1781.55,0,0
1003.44,12,230,0,0,0,0,3,4248.32,0,0
1468.45,8,97,0,0,1,0,4,3038.21,1,0
8533.93,2,166,1,0,1,2,5,1795.69,1,1
2661.19,19,1072,0,1,0,1,4,1038.08,0,0
12605.85,1,42,1,1,5,4,6,3051.61,1,1
1554.81,22,483,0,1,0,1,5,2537.01,1,0
3971.04,12,66,1,1,4,4,6,1067.24,1,1
4171.15,21,1224,0,0,0,0,7,912.08,0,0
3243.32,11,639,1,0,0,0,8,1896.72,0,0
3293.99,3,231,0,1,5,3,6,1046.48,1,1
3842.4,14,1436,0,0,0,1,4,1664.47,1,0
7415.83,0,21,1,1,3,4,2,2205.84,1,1
3871.65,16,953,0,0,0,0,4,1643.07,0,0
2649.56,5,51,1,1,2,4,8,1710.99,1,1
2315.24,20,1188,0,0,0,0,5,1697.12,0,0
4809.95,1,4,1,1,2,1,8,2353.46,0,1
4238.11,12,50,1,1,5,4,11,1944.62,1,1
4275.7,2,203,1,1,2,3,8,2406.42,0,1
2625.26,17,366,0,0,0,0,1,986.04,0,0
3782.11,14,179,1,1,4,3,10,1642.26,0,1
37911.93,1,30,1,1,4,4,8,3678.57,1,1
3919.13,8,1055,0,0,1,1,1,2329.44,0,0
5084.75,0,118,1,1,4,2,14,1364.23,1,1
4238.99,4,91,1,1,2,4,6,1847.76,1,1
11121.42,3,102,1,1,4,2,4,2136.49,0,1
6725.5,1,110,1,1,2,2,8,2458.35,1,1
3501.54,20,257,0,0,0,0,2,1620.87,0,0
1982.19,14,822,0,0,0,0,10,1275.3,0,0
2614.82,1,77,1,1,4,6,6,1167.27,1,1
16214.72,15,10,1,0,1,4,6,2122.53,0,1
2665.59,18,238,0,0,0,0,3,1597.44,0,0
12486.27,1,25,1,1,2,4,7,1488.23,1,1
3465.85,16,90,1,0,0,0,3,1666.19,0,0
2053.8,11,630,0,0,0,0,2,1500.84,0,0
2506.8,1,233,1,1,4,5,9,2963.53,1,1
30828.95,0,72,1,1,4,3,8,1760.5,0,1
1452.17,14,525,0,0,1,0,2,1484.38,0,0
1617.78,20,176,0,0,0,1,2,2796.27,0,0
2802.7,6,133,1,1,3,4,13,1126.63,1,1
8733.21,2,175,0,1,2,3,8,2036.2,1,1
927.59,14,578,0,0,0,0,2,1673.39,0,0
2225.82,13,1311,0,0,0,1,2,1367.43,0,0
3116.68,1,199,1,1,2,4,7,1079.35,1,1
2377.33,9,635,0,0,1,0,3,3686.55,0,0
16154.06,3,168,1,1,1,6,10,1943.67,1,1
3109.53,8,31,1,1,3,5,10,1301.87,1,1
3681.03,4,125,0,1,3,4,11,1813.2,1,1
1272.88,13,1080,0,0,0,1,1,2153.87,0,0
6028.71,3,60,0,1,3,3,9,3062.14,1,1
1011.7,8,607,0,0,2,1,4,2352.36,0,0
3588.61,13,410,0,0,0,0,3,1496.28,0,0
6680.79,5,45,1,1,3,1,7,1640.24,0,1
1840.0,21,149,0,0,0,0,3,2442.75,0,0
6246.35,4,188,0,1,4,1,2,1716.45,1,1
1961.83,22,125,0,0,0,0,2,1192.13,0,0
1437.96,20,321,0,0,1,0,3,1304.82,0,0
1278.94,21,217,0,0,0,1,0,1879.6,0,0
1303.87,10,532,0,0,0,0,4,2630.48,0,0
3640.0,4,63,1,1,3,3,4,1068.43,1,1
3283.69,22,130,1,1,4,2,9,1521.93,1,1
4873.95,1,198,1,1,3,1,9,1599.44,1,1
1791.96,11,540,0,0,0,1,3,1513.98,0,0
3385.32,2,132,1,0,3,5,6,1760.85,1,1
8056.7,13,208,1,1,2,1,4,1202.25,1,1
2891.48,6,44,1,1,3,3,6,1716.65,1,1
6841.77,14,119,0,1,5,2,3,2042.66,1,1
4912.73,16,171,1,1,1,3,11,1171.83,1,1
7547.15,3,136,1,1,3,2,8,1837.47,1,1
10304.33,1,11,0,1,4,1,12,1555.69,0,1
8054.69,2,91,1,1,5,1,13,1312.5,1,1
1585.59,15,431,0,0,1,0,4,2751.03,0,0
13005.63,3,226,1,1,3,3,6,1466.41,1,1
9720.4,19,229,0,1,3,3,9,1745.46,1,1
2568.36,17,1261,0,0,0,1,1,2377.79,0,0
2756.24,12,593,0,0,1,0,5,2057.34,0,0
2495.95,3,38,1,0,1,3,6,2299.23,0,1
9210.87,5,121,1,1,5,7,8,1145.45,1,1
1495.09,20,1161,0,0,0,0,0,1976.53,0,0
5467.27,5,23,1,0,4,3,9,1270.61,1,1
4299.2,3,221,1,0,5,2,7,1173.61,0,1
2632.44,17,589,0,0,1,0,2,2012.89,0,0
1593.95,9,1443,0,0,0,0,4,2633.35,1,0
4343.35,1,164,1,1,2,1,9,1495.01,1,1
18798.07,0,193,1,1,3,2,7,2246.3,1,1
4731.59,4,236,1,1,3,6,9,2461.08,1,1
2173.34,19,530,0,0,1,0,4,2249.78,0,0
12492.12,17,201,0,0,3,3,8,2984.93,1,1
1439.4,15,1086,0,0,1,0,1,1980.41,0,0
12471.24,3,115,1,1,1,4,5,1289.24,0,1
1991.65,21,1232,0,0,0,1,2,2061.64,0,0
1859.99,16,416,0,0,0,1,8,1802.45,0,0
6658.88,20,208,0,1,5,1,7,1810.89,1,1
7020.14,1,156,1,1,5,3,8,3287.61,1,1
1566.66,12,775,0,0,0,0,2,1773.86,0,0
1702.35,12,93,0,0,1,1,4,2069.62,0,0
1551.56,8,421,0,0,0,0,0,1321.2,0,0
1249.78,8,778,0,0,0,3,4,1583.49,0,0
1798.51,14,1414,0,0,0,1,1,2688.33,0,0
1934.11,10,426,0,0,1,0,1,1667.99,0,0
1145.17,21,170,0,0,0,0,8,2396.91,0,0
4680.18,16,108,1,1,5,1,9,1638.71,1,1
8029.05,3,234,0,1,4,4,5,2135.12,0,1
2651.81,8,98,0,0,0,0,0,1542.13,0,0
3268.48,12,995,0,0,0,0,4,1776.4,0,0
4207.24,3,198,1,1,4,1,9,1510.3,1,1
3642.45,6,47,1,0,3,1,9,2461.04,1,1
2083.04,4,26,1,1,3,1,5,2073.58,0,1
3286.73,16,547,0,0,0,0,3,2499.06,0,0
8942.19,3,225,1,1,3,2,4,3293.99,1,1
1168.37,12,802,0,0,2,0,2,1870.21,0,0
7504.71,4,235,0,0,3,6,8,1650.16,0,1
2783.87,21,1067,0,0,0,0,3,1724.44,0,0
7767.96,4,117,1,1,4,2,4,3416.26,1,1
14090.53,5,53,1,1,4,3,5,1403.89,1,1
2148.11,13,81,0,0,2,0,4,2257.04,0,0
845.2,22,957,0,0,0,0,3,1206.98,0,0
5392.26,10,65,1,1,4,0,11,2550.85,0,1
4656.4,4,169,0,1,3,1,9,1087.18,1,1
2157.29,9,1434,0,0,1,0,2,3320.68,0,0
1563.32,17,655,0,0,1,3,2,1191.39,0,0
5030.5,16,112,0,1,5,1,3,1744.55,0,1
6920.47,3,48,1,1,4,3,11,1911.11,1,1
5287.8,5,27,1,1,3,4,7,1849.94,0,1
4454.99,5,182,1,1,1,4,6,958.49,0,1
9577.19,21,151,1,0,3,2,8,2520.25,1,1
5808.52,8,1378,0,0,2,0,7,2999.2,0,0
2549.77,14,48,1,1,2,3,14,2323.7,1,1
1518.24,20,424,0,0,0,1,4,2221.56,0,0
1670.71,17,1036,0,0,2,0,0,2107.9,0,0
3574.16,9,118,1,0,3,3,13,1240.3,1,1
5293.06,3,234,0,1,1,1,13,2518.39,0,1
6731.96,4,163,1,1,3,3,9,2312.94,1,1
8140.93,4,243,1,1,2,1,7,1661.02,1,1
16418.12,4,91,1,1,3,2,10,3080.06,0,1
8245.98,1,181,1,1,1,4,10,1520.48,1,1
8096.88,2,134,1,1,4,1,9,1652.04,0,1
6526.59,3,195,1,1,5,5,7,2385.56,1,1
5249.32,5,240,1,1,4,0,8,2220.42,0,1
4676.76,8,1029,1,0,2,2,3,2509.32,0,0
2227.97,8,150,0,0,0,1,5,2945.26,0,0
1925.26,3,190,1,0,5,3,8,1682.49,0,1
750.56,17,1043,0,0,1,0,1,1489.33,0,0
8474.66,3,106,1,1,4,3,7,1834.62,1,1
2476.29,9,155,0,0,0,2,2,3209.91,0,0
7072.01,1,112,1,1,4,3,9,2849.67,0,1
1121.97,12,1198,0,0,0,0,2,1981.68,0,0
947.16,21,1270,0,0,0,0,1,1632.21,0,0
8742.24,5,60,0,1,4,2,7,1368.75,1,1
15650.03,6,71,1,0,5,5,5,2067.0,0,1
2752.15,8,1322,0,0,0,0,1,2092.66,0,0
990.52,13,525,0,0,0,1,8,1659.03,0,0
1909.42,3,171,1,1,2,2,8,2870.4,1,1
1890.22,12,1340,0,0,0,0,2,3308.88,0,0
3399.38,10,223,0,1,3,1,6,894.43,1,1
4199.45,5,199,1,1,2,4,7,890.02,1,1
15348.19,1,204,0,1,5,1,10,1579.45,1,1
4667.92,3,216,1,1,1,4,15,1235.69,1,1
11798.77,5,161,1,1,2,4,8,1724.65,1,1
6951.21,13,590,0,0,0,1,3,2230.29,0,0
2387.84,17,1173,0,0,0,0,5,1285.95,0,0
7535.62,1,52,1,1,4,3,10,1057.22,1,1
13132.75,4,78,1,1,4,3,9,1775.62,1,1
1652.67,19,829,0,0,0,2,4,1241.18,0,0
4174.8,5,8,1,1,4,4,12,2001.37,0,1
4395.56,5,209,0,1,3,2,6,2171.71,0,1
3205.81,14,125,1,0,1,1,6,633.68,0,0
1337.8,12,943,0,0,1,0,3,2205.72,0,0
2154.98,13,176,1,0,0,1,4,1711.64,0,0
6679.0,1,10,1,1,2,2,12,2043.78,1,1
1434.38,15,988,0,0,0,1,2,2077.78,0,0
6292.95,3,56,1,0,5,6,7,2374.97,1,1
4744.79,9,117,1,1,3,3,15,1783.08,1,1
10387.85,4,110,1,1,1,3,5,1762.73,0,1
6868.9,3,231,0,1,4,2,9,2019.9,1,1
1692.13,12,223,0,0,1,1,5,1874.95,0,0
12250.97,3,195,1,1,2,3,6,819.04,1,1
1311.38,20,1086,0,0,1,0,3,1364.05,0,0
4954.22,9,144,1,1,3,3,8,1456.68,0,1
1363.77,14,116,0,1,1,0,1,1238.79,0,0
2933.67,19,138,0,1,4,2,5,3289.01,1,1
3446.3,18,1233,0,0,0,1,2,2156.47,0,0
1003.96,14,966,0,1,1,0,5,1632.43,0,0
2307.64,5,48,1,1,4,4,9,1445.64,1,1
1565.07,15,988,0,1,0,0,0,2529.73,0,0
5141.51,11,776,0,0,1,0,1,1600.35,1,0
2966.62,22,861,1,0,0,0,2,1928.32,0,0
3514.12,16,853,0,0,0,1,4,2290.69,0,0
3513.72,12,1406,0,0,0,0,1,1572.94,0,0
8579.68,4,93,1,1,3,1,7,1639.58,1,1
8999.4,3,119,1,1,1,1,3,1317.71,1,1
1580.18,19,1260,0,0,0,0,3,2330.51,0,0
3325.4,21,129,1,1,5,0,5,1091.3,1,1
2079.47,18,127,0,0,0,0,3,1409.52,0,0
6993.17,1,137,0,1,2,0,8,1854.14,0,1
7271.25,16,60,1,0,2,0,2,1868.38,0,0
7326.44,1,223,1,1,3,5,15,2746.8,1,1
8765.97,0,9,0,1,5,4,11,2727.07,0,1
8781.65,3,179,1,1,1,9,10,2352.16,1,1
7259.15,5,144,1,1,4,3,8,891.55,0,1
1557.8,22,1415,0,0,1,0,2,1091.03,0,0
6061.15,3,208,0,1,5,4,13,1536.42,1,1
2698.2,9,629,0,0,0,0,5,2396.27,0,0
1665.95,17,482,0,0,1,2,5,2119.26,0,0
3203.54,8,696,0,1,0,1,6,1025.24,0,0
2176.64,19,436,0,0,1,0,2,2713.03,0,0
993.97,9,91,0,0,0,1,6,1375.02,0,0
898.7,8,1483,0,0,0,0,4,950.13,0,0
1509.06,18,1034,0,0,0,1,4,1955.6,0,0
2961.48,12,1453,0,0,0,3,4,1808.43,0,0
1751.8,16,732,0,0,0,1,4,1680.95,0,0
3505.97,4,141,0,1,5,3,7,1312.84,1,1
5701.83,1,234,1,1,2,3,8,2167.18,1,1
23767.09,4,131,1,1,3,4,14,1194.44,1,1
2250.33,16,849,0,0,0,0,1,1085.2,0,0
6735.61,2,106,1,1,5,3,9,2546.64,1,1
3211.78,10,20,1,0,4,2,3,2038.17,1,1
3781.0,8,216,0,0,0,0,4,2500.45,0,0
2398.72,0,206,1,1,2,1,9,1488.38,0,1
3508.25,2,190,0,1,5,2,8,1310.85,1,1
7601.82,3,237,1,1,3,5,8,1314.48,1,1
2061.71,21,1209,0,0,1,0,3,1407.52,0,0
2966.46,8,721,0,0,1,1,1,1174.61,0,0
14091.62,10,202,1,1,3,1,8,1042.46,1,1
5100.33,3,45,0,0,5,3,10,1365.17,1,1
1521.39,10,562,0,0,0,0,4,2099.48,0,0
8460.39,2,114,1,1,5,3,7,2228.28,0,1
5964.41,14,107,1,1,2,2,6,2314.28,1,1
2503.69,3,223,0,1,3,1,7,1258.94,1,1
2643.3,9,1477,0,1,0,1,6,1632.14,1,0
12401.15,1,183,1,1,3,5,8,617.39,1,1
6616.62,5,168,1,1,5,6,5,2610.72,1,1
3118.73,4,87,0,1,1,3,2,2499.82,0,1
5788.23,7,213,1,1,3,3,9,2131.79,1,1
3840.81,2,15,1,1,3,4,9,1644.17,0,1
5933.2,0,33,1,1,3,3,7,1883.2,1,1
1370.94,15,1414,0,0,0,0,3,2381.94,0,0
4900.54,16,1405,0,0,0,0,3,2981.71,0,0
9574.22,5,143,0,1,3,1,7,1574.31,1,1
1587.58,11,1296,0,0,0,0,5,1022.96,0,0
975.95,22,818,0,0,0,0,1,2019.94,0,0
1892.56,22,293,0,0,1,0,5,2024.01,0,0
3936.06,4,189,1,1,4,2,10,1023.95,1,1
929.97,18,972,0,0,0,2,4,2332.16,0,0
8396.55,0,107,1,1,2,4,10,1450.22,1,1
6382.55,5,194,1,1,3,5,10,2600.27,1,1
9098.5,2,24,1,1,4,4,8,1199.33,1,1
4495.27,2,169,1,1,5,1,15,2885.37,0,1
8282.69,7,178,1,1,1,1,4,1679.27,1,1
3973.9,21,81,0,1,2,1,5,2214.74,1,1
1762.83,8,306,0,0,0,0,3,2468.26,0,0
1436.98,10,731,0,0,0,1,5,2436.98,0,0
4011.35,5,97,0,1,3,1,4,1894.99,1,1
1537.51,13,1393,0,0,0,1,3,1502.91,0,0
1497.98,5,234,1,1,5,2,11,997.88,0,1
19057.08,23,218,1,1,4,4,7,2084.98,1,1
1469.8,16,511,0,0,0,0,3,966.06,0,0
5308.21,6,53,0,1,5,4,7,1744.84,1,1
3194.69,14,198,1,1,1,6,9,1592.73,1,1
8405.24,5,72,1,1,5,1,11,2176.66,0,1
2773.76,11,1157,0,0,2,1,1,1934.12,0,0
7873.66,2,36,1,1,5,4,7,2568.59,1,1
10571.98,4,64,1,1,2,2,10,2489.45,1,1
2804.63,17,855,0,0,0,1,6,1161.38,0,0
3710.97,18,604,0,0,1,0,2,1224.67,0,0
2688.92,12,823,0,0,2,0,1,1547.28,1,0
19416.93,3,136,1,1,2,1,7,2029.92,1,1
5502.59,1,17,1,1,4,7,6,1484.33,0,1
2413.33,13,734,1,0,0,0,5,2422.69,0,0
2337.48,17,1113,0,0,0,0,3,2637.54,0,0
2080.22,11,838,0,0,0,0,3,1382.88,0,0
1589.82,8,215,0,0,0,0,5,2618.06,0,0
2844.45,0,148,1,0,4,7,10,1070.11,1,1
3248.02,13,182,1,1,4,5,6,1959.23,1,1
3084.14,15,1412,0,0,0,1,0,1327.39,1,0
9118.39,3,120,1,1,4,2,4,1887.23,1,1
2098.12,14,850,0,0,0,0,2,735.54,0,0
6645.84,4,245,1,0,4,1,11,1888.75,1,1
2105.49,8,862,0,0,0,0,3,999.89,0,0
5316.71,2,22,1,1,3,2,9,1939.97,1,1
3208.5,0,110,1,0,3,2,7,2478.99,0,1
2168.33,11,458,0,0,0,1,4,1256.72,1,0
1820.29,17,887,0,0,1,0,3,2109.35,0,0
3762.34,5,108,1,1,3,4,11,2864.15,0,1
9171.41,4,230,1,1,2,1,16,2726.05,1,1
2661.91,12,102,0,0,1,2,3,2368.03,0,0
1426.7,21,1156,0,0,0,1,3,2175.61,0,0
3434.83,5,108,1,0,2,3,12,2900.21,1,1
1304.89,11,772,1,0,0,0,4,1522.43,1,0
3226.32,20,94,0,0,1,1,2,2397.85,0,0
1310.66,17,552,0,0,1,1,4,3026.07,0,0
469.4,10,681,0,0,0,0,4,1852.99,0,0
5472.2,10,230,1,1,4,3,10,1326.91,1,1
4148.37,2,214,0,1,2,1,1,1737.93,0,1
4110.85,13,66,0,0,1,1,4,1662.08,0,0
4590.67,16,288,0,0,0,0,1,2796.44,1,0
1425.05,9,1271,0,0,0,1,3,1367.55,0,0
14175.6,4,142,1,1,3,3,7,1926.33,1,1
6964.59,4,107,1,0,5,9,9,2201.6,1,1
1842.6,17,1202,0,1,0,1,4,2724.9,0,0
3875.02,12,904,0,0,2,0,4,2493.23,0,0
1940.21,10,110,0,0,0,0,8,1338.6,0,0
3404.29,4,115,1,1,4,4,10,1458.03,1,1
3092.68,10,1199,0,0,1,2,1,2730.6,0,0
3132.19,16,485,0,0,0,0,2,2752.5,0,0
4624.37,14,10,1,1,4,2,7,2487.82,1,1
9600.24,5,178,1,1,2,2,12,1789.99,0,1
2114.23,9,1421,0,0,2,1,1,1986.65,0,0
4931.22,4,156,1,0,4,0,9,1303.32,1,1
5082.58,4,172,1,1,1,0,9,1678.95,0,1
7489.93,5,173,1,1,1,2,3,910.58,1,1
5256.35,23,55,1,1,3,2,13,2079.67,0,1
3293.49,22,1305,1,0,0,1,3,2122.5,0,0
10367.67,2,49,0,0,4,6,6,1474.57,1,1
3133.28,20,1412,0,0,0,1,3,1812.64,1,0
3744.18,15,188,0,0,0,1,5,2616.27,0,0
3806.49,5,187,0,1,5,3,4,1077.85,0,1
1807.6,17,1379,0,0,0,0,0,1206.85,0,0
8951.69,1,72,1,1,5,3,8,1422.32,1,1
3486.38,1,103,1,0,5,4,12,1509.69,0,1
4389.15,2,3,1,1,1,1,9,1514.65,1,1
1150.67,19,913,0,0,1,2,6,2129.68,0,0
7107.38,9,129,0,1,5,6,9,1995.31,1,1
1449.97,13,233,0,1,1,0,2,3880.43,0,0
2533.78,0,228,1,1,1,3,15,1670.24,1,1
1434.79,11,795,0,0,0,0,3,2592.72,0,0
3144.62,1,229,1,1,1,2,7,2336.11,0,1
1747.67,18,753,0,0,0,0,1,1832.33,0,0
6336.33,1,133,0,0,3,0,13,1604.43,0,1
2992.34,10,1394,0,0,0,0,4,2235.98,0,0
3640.97,20,1452,0,0,0,2,0,2611.68,1,0
1679.87,21,223,0,1,0,0,7,1189.81,0,0
3309.01,18,638,0,0,0,1,1,1305.32,0,0
10756.14,5,46,1,1,3,2,12,1203.3,0,1
8491.96,15,128,0,1,3,4,7,1840.52,1,1
1719.94,17,289,0,0,0,2,1,1515.54,0,0
5030.72,20,637,0,0,0,0,3,1198.12,0,0
5793.18,0,186,1,1,5,4,4,1278.85,0,1
1694.93,16,926,0,0,0,2,1,2254.57,1,0
1300.72,11,551,0,0,0,0,2,1492.84,0,0
1519.16,9,405,0,0,0,2,3,1487.4,1,0
5563.41,4,86,1,1,3,2,10,1471.16,1,1
3452.43,17,955,0,0,0,0,4,2230.8,0,0
2293.71,20,97,0,0,1,1,2,2006.36,0,0
6468.2,19,75,1,1,4,3,6,2946.58,1,1
2424.94,11,60,1,1,3,3,6,2125.84,1,1
5136.83,5,17,1,1,1,2,13,1826.69,0,1
5925.22,11,125,1,1,1,2,6,2091.14,1,1
1359.75,22,663,0,0,2,0,6,917.4,0,0
13106.72,1,168,1,1,3,4,5,2033.45,0,1
4600.41,3,70,1,1,1,0,12,3083.0,1,1
2399.87,15,384,0,0,0,0,5,1890.02,0,0
2182.78,8,815,1,0,1,0,2,1225.45,0,0
4125.25,1,113,1,1,3,6,8,2053.25,0,1
3042.36,20,418,0,0,0,2,1,1845.16,0,0
4774.06,21,238,0,1,1,2,1,1157.07,1,1
2175.69,19,1462,0,0,0,2,2,1714.15,0,0
3308.5,20,999,0,0,0,0,3,1044.42,0,0
2662.39,10,1427,0,0,0,2,1,2408.88,0,0
3116.08,20,1100,1,0,0,0,0,1797.7,0,0
1878.23,14,597,0,0,2,0,4,1683.08,0,0
4663.95,5,83,1,1,5,3,9,2836.2,1,1
1371.94,4,20,1,0,4,3,10,1987.54,1,1
12444.56,4,215,0,1,5,2,9,1925.49,1,1
1926.92,12,821,0,0,0,2,4,2678.75,0,0
3915.16,16,714,0,0,0,0,4,1484.27,0,0
4726.42,0,107,1,1,3,3,7,1902.35,0,1
2022.98,9,176,0,0,0,1,2,2540.93,0,0
4845.37,5,199,1,0,3,2,4,2397.99,0,1
5904.46,2,113,1,1,5,4,9,2538.54,1,1
4163.15,18,559,0,0,1,0,5,1310.26,0,0
881.31,14,224,0,0,1,0,1,2104.6,0,0
3369.25,4,213,0,1,2,7,12,1858.2,1,1
2495.0,12,816,0,0,0,0,2,905.04,0,0
2179.39,1,214,1,1,5,2,13,2361.25,1,1
4372.36,5,178,1,1,4,3,4,2179.08,1,1
6164.65,1,128,1,1,1,1,10,903.39,1,1
6138.51,1,148,1,0,3,2,9,1207.46,1,1
1475.62,15,1496,0,0,0,1,0,1380.01,0,0
3306.79,15,542,0,0,0,0,7,1634.78,0,0
12196.52,2,97,0,1,3,6,6,2313.51,0,1
6759.62,1,161,1,1,4,1,10,1518.22,1,1
10278.66,0,141,0,1,4,1,7,1503.88,1,1
8175.27,7,26,1,1,5,3,5,1128.37,0,1
1138.87,11,678,0,0,0,0,1,2102.46,0,0
1534.08,13,543,1,0,0,0,5,1942.36,0,0
10507.17,22,129,1,1,5,3,4,2659.97,1,1
1501.34,19,1177,0,0,0,1,3,1107.4,0,0
12379.24,6,25,1,1,4,5,9,1580.95,1,1
4088.85,20,295,0,1,2,0,0,1872.93,0,0
1954.46,4,97,1,1,1,3,8,1339.34,1,1
13444.34,0,161,1,1,4,0,8,3056.26,0,1
5422.87,5,80,1,1,5,1,10,2478.26,1,1
4004.71,0,237,0,0,1,4,12,2536.37,1,1
7494.98,3,10,1,1,3,5,10,3342.0,0,1
4355.53,0,128,1,1,3,4,6,2017.95,1,1
4223.7,3,26,1,1,3,1,9,2364.6,1,1
3091.54,17,880,0,0,0,0,3,1542.58,0,0
2009.82,3,188,1,1,5,7,4,1761.57,1,1
6065.9,16,232,1,1,4,3,9,1909.98,0,1
5252.39,18,146,0,1,3,3,15,1289.24,0,1
24680.03,11,224,0,1,4,1,8,2613.59,1,1
6874.51,0,61,1,1,4,5,4,2093.03,1,1
3555.11,2,147,0,1,2,3,8,1899.97,0,1
1707.9,20,254,1,0,2,0,3,2057.29,0,0
1350.09,5,229,1,1,3,2,4,2508.77,1,1
7619.63,1,207,0,0,5,3,13,1877.26,1,1
11998.13,1,20,1,1,4,1,8,1551.24,0,1
10715.89,1,115,1,1,3,2,8,2369.11,0,1
1983.41,10,606,1,0,0,2,2,1841.5,0,0
1794.99,14,76,0,0,0,1,3,2714.71,0,0
1837.54,17,414,0,0,0,0,2,705.03,0,0
1276.2,20,574,0,0,2,1,0,2872.98,0,0
2780.37,12,319,0,0,0,1,1,2426.91,0,0
1355.48,11,758,0,0,0,3,3,1117.56,0,0
6455.8,5,135,1,1,5,5,5,1414.83,1,1
4669.35,4,139,1,1,3,7,12,3146.32,1,1
3255.02,4,238,1,1,3,4,8,2229.19,1,1
1571.39,9,916,0,0,0,1,3,2230.9,0,0
5126.57,0,106,1,1,4,3,9,2292.5,1,1
11158.07,11,224,0,1,2,6,9,2653.62,0,1
1008.12,13,1032,0,0,0,1,5,2199.77,0,0
5561.06,1,69,1,1,5,1,5,1451.54,1,1
2522.32,18,602,0,0,0,1,1,4157.45,0,0
3846.06,1,219,1,1,1,4,10,1436.15,1,1
4092.86,1,145,1,1,2,2,8,1655.96,1,1
21221.0,6,181,1,1,3,2,8,1717.52,1,1
5101.52,3,219,1,0,5,2,11,1179.87,1,1
3398.99,21,353,1,0,2,0,1,1966.97,0,0
3655.17,0,165,1,1,2,6,13,1343.12,1,1
15094.94,8,81,1,0,1,5,8,967.78,1,1
1464.8,10,546,1,0,0,0,1,1795.85,0,0
2391.25,17,1134,0,0,0,1,8,1597.48,0,0
1473.45,18,361,0,0,0,0,5,2011.46,0,0
2568.27,21,1091,1,0,0,2,3,2371.06,0,0
19015.49,1,102,0,1,3,1,7,1411.39,1,1
1931.46,17,1461,0,0,0,0,5,2464.23,0,0
3334.5,22,836,0,0,0,1,5,2256.4,0,0
1129.63,13,824,0,1,0,1,0,987.97,0,0
1721.78,21,641,0,0,0,1,7,1993.28,0,0
3293.87,13,638,0,0,0,0,4,1482.15,0,0
1475.17,20,162,1,0,0,3,3,2296.64,0,0
2515.78,11,83,1,1,2,4,11,3186.09,1,1
7334.74,12,84,1,1,3,2,8,1931.23,0,1
2673.78,22,1061,0,0,0,0,4,974.01,0,0
1500.07,17,900,0,0,0,0,4,2697.19,0,0
1220.14,21,1107,1,0,0,2,6,3538.22,0,0
12300.87,21,161,1,0,5,3,9,1598.19,1,1
2828.81,13,1157,0,0,0,1,4,3097.22,0,0
19060.75,0,85,0,1,5,2,4,2521.63,0,1
1667.76,18,1116,0,0,2,0,3,1774.94,0,0
3426.24,5,8,0,0,2,1,6,1697.83,1,1
6467.19,0,231,1,1,5,3,10,2350.36,1,1
7893.96,5,174,1,1,2,2,6,811.14,1,1
1747.56,12,794,0,0,1,1,4,3125.5,0,0
1874.86,15,919,0,0,0,0,2,1665.02,0,0
5649.89,8,113,0,1,1,1,8,779.71,0,1
1665.31,20,1024,0,0,0,2,4,1076.52,0,0
11131.91,6,225,0,1,3,5,9,943.94,1,1
5047.55,1,132,1,1,2,2,8,1635.26,1,1
1594.03,8,555,0,0,1,1,1,1786.06,0,0
3139.2,17,797,0,0,1,0,1,1786.73,0,0
5535.63,3,33,0,0,4,3,7,2454.77,1,1
2132.03,14,32,1,1,5,5,8,4060.9,1,1
1240.0,10,409,0,0,0,0,2,1662.23,0,0
8267.73,2,65,0,1,5,3,7,1433.92,1,1
1659.09,13,1197,1,0,0,0,3,2225.11,0,0
3687.72,19,194,1,1,5,4,5,1406.86,1,1
2247.11,9,1041,0,0,0,0,6,646.44,0,0
6474.83,0,130,1,0,3,1,6,1192.09,0,1
1780.77,16,316,1,0,1,1,6,1624.53,0,0
4559.91,16,980,0,0,0,0,3,2000.29,0,0
11723.53,3,55,1,1,2,5,5,2403.5,1,1
2722.44,16,402,0,0,0,0,3,1894.55,0,0
2927.72,18,99,0,0,0,0,7,1132.37,0,0
3785.0,0,114,0,1,4,4,12,3254.83,1,1
1176.37,21,1071,0,0,1,1,2,1333.43,0,0
7406.62,4,146,1,1,5,2,4,1312.91,0,1
3378.37,17,409,0,0,0,0,3,1637.66,0,0
2523.82,15,65,0,0,0,0,2,2159.99,0,0
3191.37,0,154,1,1,2,3,8,1811.85,1,1
6414.94,3,195,1,0,3,3,11,2011.59,1,1
2130.04,13,394,0,0,0,0,2,1138.67,0,0
3796.0,5,239,1,1,2,1,10,1359.03,0,1
3264.72,22,572,0,0,0,0,4,1534.83,0,0
1569.92,15,1066,0,0,0,1,5,1742.79,0,0
3808.81,3,192,1,1,1,3,7,1243.34,1,1
2313.97,16,260,0,0,0,0,5,1323.47,0,0
1588.16,12,725,0,0,0,0,2,1226.12,0,0
15410.59,5,199,1,1,3,2,8,1869.73,0,1
3230.6,10,144,0,1,2,2,13,1335.3,1,1
2126.09,14,710,0,0,0,1,2,2101.19,0,0
7399.04,17,138,1,1,5,4,9,1450.9,0,1
6109.23,18,248,1,1,1,1,12,4221.5,1,1
3748.16,11,86,1,1,3,6,8,1718.35,1,1
15967.52,5,245,1,0,5,5,8,1632.57,1,1
7208.56,4,70,1,1,4,1,9,2962.09,1,1
1437.27,17,439,0,0,0,2,4,1742.87,0,0
3638.69,1,13,1,1,1,5,9,2038.52,0,1
1912.99,9,1440,0,0,1,2,1,1542.68,0,0
2477.11,21,678,0,0,0,0,2,2665.35,0,0
1339.78,18,169,0,0,1,2,6,2175.63,0,0
4271.9,4,8,1,0,5,3,4,2158.56,1,1
683.82,15,209,0,0,0,0,3,1121.8,0,0
6007.33,2,184,1,1,5,3,7,1407.26,0,1
1633.36,22,1405,0,0,0,0,1,848.31,1,0
6690.57,1,143,0,1,2,2,9,1510.43,1,1
1757.85,19,454,0,0,0,0,3,1306.83,0,0
2709.49,16,90,0,0,1,1,7,1304.87,0,0
1961.25,16,1135,0,0,0,0,3,1865.0,0,0
2423.31,4,87,1,1,3,3,6,2217.13,1,1
3418.27,9,1068,0,0,0,1,3,1955.09,0,0
25094.46,3,134,0,1,3,1,11,2243.52,0,1
1003.52,16,1182,0,0,0,0,2,2932.58,0,0
1212.81,17,612,0,0,0,0,4,1236.62,0,0
1639.04,5,149,1,1,2,3,16,2315.86,1,1
6370.58,3,76,1,1,4,4,6,1249.3,1,1
3847.46,3,73,1,1,5,4,3,1565.33,0,1
5823.24,0,38,1,1,2,6,4,2628.79,0,1
2790.22,16,1334,0,0,1,0,4,4024.98,0,0
5263.77,14,236,1,1,3,1,12,1058.76,1,1
8393.68,2,176,1,1,5,2,3,1816.9,1,1
8543.35,1,234,1,1,5,5,7,1222.42,0,1
1728.01,21,659,0,0,0,0,0,1577.32,0,0
1569.4,15,211,0,0,2,2,1,2452.43,0,0
2542.35,18,685,0,0,1,0,5,1278.03,0,0
1455.18,10,1282,0,0,0,2,4,1182.96,0,0
1337.19,20,425,0,0,0,1,4,1385.39,0,0
4588.02,3,36,1,1,2,7,9,2085.8,0,1
1329.31,21,966,0,0,0,0,2,1547.69,0,0
7320.89,17,102,0,1,5,3,10,2332.05,1,1
2567.23,3,162,1,1,4,1,9,877.87,0,1
1452.94,17,820,0,0,0,3,7,1063.57,0,0
1663.27,16,815,0,0,0,2,3,2947.01,0,0
1078.27,10,853,0,0,0,0,3,2813.43,0,0
1880.91,11,1145,0,0,0,0,2,1673.03,0,0
10341.94,0,97,1,1,4,2,10,1677.67,1,1
2403.13,20,974,0,0,1,0,2,2503.82,0,0
5657.72,18,76,1,1,3,3,9,2630.43,0,1
2804.43,4,140,1,1,4,4,6,1106.82,1,1
4997.85,3,78,1,1,4,6,12,1400.02,1,1
2587.13,13,883,0,0,0,1,4,2342.05,0,0
1922.02,20,981,0,0,0,0,3,2210.87,0,0
1696.81,22,761,0,0,0,1,2,1081.93,0,0
4208.63,10,987,0,0,1,0,5,782.99,0,0
1931.5,9,1379,1,0,0,0,4,3045.17,0,0
12046.09,0,66,1,1,2,6,4,1794.56,0,1
4057.18,5,103,1,0,2,1,6,1473.62,1,1
6608.9,12,63,1,1,2,3,9,2007.96,0,1
14974.74,3,76,1,1,4,1,13,1219.08,0,1
3432.58,3,179,0,1,4,5,7,2787.83,1,1
14537.83,17,175,1,1,5,4,6,2681.0,0,1
1561.29,19,463,0,0,0,0,4,1183.43,0,0
1740.39,10,181,1,1,5,1,11,2421.15,1,1
8934.7,3,221,1,0,5,0,12,2265.22,1,1
2445.52,2,202,1,0,2,1,7,2684.7,1,1
6044.36,5,157,1,0,5,4,6,2641.9,1,1
2196.1,22,1319,0,0,1,0,1,1643.33,0,0
4466.54,0,208,1,1,3,4,7,1435.55,0,1
1179.28,19,92,0,0,2,1,2,1775.88,0,0
1244.82,18,785,1,0,0,0,4,1246.53,0,0
990.05,15,1082,0,0,0,0,4,2915.5,0,0
1459.76,16,142,0,0,0,1,3,1159.87,0,0
2023.62,13,62,0,0,0,0,3,2224.63,0,0
1541.8,12,857,0,0,0,1,3,1421.61,0,0
6022.0,2,241,1,1,5,5,11,3030.61,0,1
789.67,18,671,0,0,0,1,1,1899.72,0,0
9940.03,21,21,0,1,3,0,11,1240.77,0,1
2074.52,14,347,0,0,1,2,2,2493.28,1,0
2208.32,13,1201,0,0,1,1,1,1707.27,0,0
2555.32,2,10,1,1,5,2,7,1696.67,1,1
1530.74,9,347,0,0,0,0,2,1347.4,0,0
5368.61,1,178,0,1,3,3,6,1395.54,1,1
8050.51,1,238,1,1,3,2,11,2650.54,1,1
4047.6,12,93,1,1,5,0,8,3838.32,0,1
6441.29,4,125,1,1,1,6,10,1167.19,1,1
2427.92,15,584,0,0,0,0,2,1587.93,1,0
11969.28,4,187,1,0,5,2,4,1038.83,0,1
5919.23,3,6,1,1,3,4,9,2042.5,0,1
2235.03,11,1202,0,0,0,1,2,1540.92,0,0
4075.83,3,29,1,1,3,6,9,1870.04,0,1
9545.86,21,12,0,1,5,1,4,1028.08,1,1
1495.77,14,461,0,0,0,0,3,2724.54,0,0
8280.54,5,214,1,1,4,1,9,2011.04,1,1
4400.03,1,154,1,1,2,3,7,1941.67,1,1
7758.05,5,81,1,1,4,2,9,1744.16,0,1
7986.94,0,112,1,1,4,4,9,3243.72,0,1
1882.81,14,515,1,0,0,0,0,1521.01,0,0
3712.56,17,893,0,1,2,1,4,2118.75,0,0
763.0,11,692,1,0,0,0,1,1318.72,0,0
6140.06,9,134,1,1,1,3,7,3075.27,1,1
1848.3,16,897,0,0,1,0,2,773.1,0,0
1842.26,19,136,0,0,1,0,3,1080.3,0,0
1340.06,14,534,0,0,0,1,3,1139.86,0,0
1973.76,16,1204,1,0,0,0,3,2471.49,0,0
7503.23,17,218,1,1,2,7,11,1279.8,1,1
1806.78,17,443,0,0,2,1,1,1616.97,0,0
1843.19,21,849,0,1,0,0,6,2164.55,0,0
1547.63,19,734,0,0,0,1,3,2542.15,0,0
7533.87,3,214,1,1,5,5,4,1493.07,1,1
2903.2,22,202,1,1,3,4,6,1987.78,0,1
1860.71,20,1202,0,0,0,1,3,1665.31,0,0
14101.03,15,200,1,1,5,3,7,2966.17,1,1
7497.7,3,198,1,0,3,3,12,2387.61,1,1
2644.41,15,136,1,0,0,1,3,1729.44,0,0
3686.88,4,185,1,1,4,3,8,3169.81,1,1
1649.39,16,328,0,0,0,0,7,1105.54,0,0
5883.11,4,105,0,1,3,2,8,1746.03,0,1
5935.94,2,205,1,1,1,2,6,2402.46,1,1
2017.72,14,422,0,1,0,0,5,2239.48,0,0
3665.44,10,647,0,1,0,1,3,1598.12,0,0
18924.88,2,232,1,1,1,3,10,2827.62,1,1
5580.27,4,239,1,1,5,1,8,2374.66,1,1
2545.65,0,115,1,1,5,1,5,2324.63,1,1
12088.55,5,181,0,1,5,0,5,2742.86,1,1
1341.32,14,1442,0,0,0,1,4,2828.69,0,0
480.2,21,1359,0,0,0,0,2,4056.9,0,0
2442.98,21,1185,0,0,0,0,2,1664.19,0,0
7009.83,4,162,1,1,2,1,13,1922.34,0,1
6027.46,5,76,1,0,4,3,4,1821.99,1,1
10904.24,2,56,0,1,3,4,10,2404.0,0,1
7041.37,4,247,1,1,5,5,6,1339.23,0,1
12225.85,2,131,1,1,3,1,10,1612.2,0,1
2786.3,4,26,1,1,4,3,5,1529.08,1,1
2635.85,13,1123,0,0,1,0,0,1510.26,0,0
2089.87,14,1149,0,0,0,0,2,1435.43,0,0
3985.66,1,14,1,1,3,1,8,2823.85,1,1
2431.64,8,1493,0,0,0,0,3,1503.72,0,0
5708.71,1,54,1,1,3,5,9,1482.02,0,1
1959.87,19,645,0,0,1,0,0,1956.49,0,0
2882.86,15,144,0,0,0,0,1,1422.9,0,0
1782.1,22,1414,0,0,0,2,4,1453.79,0,0
3888.49,0,75,1,0,4,3,11,2279.74,1,1
8390.1,1,194,1,1,2,2,5,1243.83,0,1
19627.09,18,245,1,1,4,6,10,1556.87,1,1
1779.53,20,212,0,0,1,2,4,3286.3,0,0
4699.87,18,167,0,1,1,1,7,1597.87,0,1
2186.77,18,1285,0,0,0,2,1,2825.28,0,0
2802.75,9,1234,0,0,1,2,4,2437.75,0,0
1411.16,10,1000,1,1,2,0,2,2076.2,0,0
2349.45,1,139,0,1,4,3,12,1001.59,1,1
2157.7,11,761,0,0,1,0,7,1301.18,0,0
2603.23,2,148,1,1,5,4,10,2008.75,0,1
9550.2,21,180,1,1,4,1,7,1792.03,0,1
2249.5,13,1051,0,0,0,1,4,1801.82,0,0
6229.32,0,119,1,1,3,1,5,1708.99,1,1
4041.42,3,64,1,1,5,4,8,2322.34,1,1
1235.24,10,1113,0,0,0,0,4,1414.56,0,0
13780.7,11,125,1,1,5,4,3,1911.44,0,1
1854.25,17,711,0,0,1,0,4,1881.34,0,0
4797.39,7,116,1,1,4,1,9,1468.02,0,1
1576.29,12,299,0,0,0,0,4,1353.35,0,0
2221.3,20,444,0,0,0,2,4,1622.92,0,0
2674.88,20,745,0,0,2,0,5,1758.16,0,0
1539.4,11,1150,0,0,0,2,3,1656.14,0,0
5686.16,8,122,1,1,5,2,6,2360.07,1,1
2482.14,18,347,0,0,0,1,3,1956.88,0,0
10053.47,0,120,1,1,2,2,3,2681.14,1,1
8457.62,14,194,1,1,1,2,7,1429.07,0,1
1735.44,12,1344,0,0,0,1,6,1401.6,0,0
6167.77,15,224,0,1,4,4,11,2567.17,1,1
1469.47,9,756,0,1,0,1,1,1801.37,0,0
3717.67,3,120,1,1,5,1,3,2039.9,1,1
12937.52,5,71,1,1,4,3,10,2061.81,0,1
13131.89,0,88,0,1,1,2,5,1583.42,0,1
822.17,20,1252,1,0,0,0,2,1621.82,0,0
1099.16,12,528,0,0,0,1,3,1690.06,0,0
8781.31,19,25,0,1,5,1,5,1307.79,1,1
3705.68,3,57,1,1,1,4,5,1645.22,1,1
1232.44,13,1139,0,0,2,0,3,1799.36,0,0
1876.6,10,494,0,1,0,0,5,2317.8,0,0
1775.69,9,1108,0,0,0,0,4,1126.32,0,0
5391.09,3,235,0,1,4,1,7,1152.17,0,1
2781.83,5,114,1,1,3,2,6,2951.55,1,1
5804.31,12,117,1,1,1,4,6,1890.02,1,1
2660.05,11,224,0,0,0,0,2,3429.22,1,0
1966.94,16,860,0,0,0,0,3,2087.79,0,0
3242.03,2,110,0,0,5,3,11,1749.18,1,1
2575.79,3,69,1,1,1,5,4,1862.4,1,1
3213.46,1,210,1,1,4,1,10,1594.71,0,1
5907.54,1,132,1,1,5,1,6,1621.8,1,1
7696.55,18,113,0,1,2,4,12,1276.36,1,1
8195.94,3,44,1,0,3,3,7,1840.91,1,1
11935.21,9,119,1,1,2,1,7,3090.09,1,1
1535.21,18,534,0,0,0,0,1,1212.52,0,0
2745.28,3,1,1,1,4,1,3,1571.69,1,1
2320.3,9,728,0,0,0,0,2,1238.11,0,0
2592.73,1,142,1,1,4,3,11,3712.48,1,1
1518.87,15,1401,0,0,0,0,3,1717.51,1,0
2224.23,14,70,0,0,0,1,2,1697.72,0,0
1526.88,9,1212,0,0,0,0,1,1942.37,0,0
1950.43,17,369,0,0,0,1,5,1679.35,0,0
2624.23,21,838,0,0,0,0,2,1992.74,0,0
1615.94,21,172,0,0,0,0,2,1454.65,0,0
2608.78,6,186,1,1,4,2,10,2867.75,1,1
1914.83,15,1225,0,0,0,0,2,1562.65,0,0
3144.7,1,64,1,1,3,0,7,1239.74,0,1
5410.08,4,185,1,0,1,4,10,2115.56,1,1
4985.38,2,143,1,1,3,4,3,2905.05,1,1
5939.34,15,143,0,0,0,1,3,2232.29,0,0
3801.65,18,376,1,0,0,1,4,1298.89,0,0
2911.84,11,1227,1,0,2,1,1,2268.99,0,0
2328.58,17,852,0,0,0,0,2,3061.71,0,0
5226.56,1,40,1,1,2,1,5,1515.65,0,1
2030.86,12,227,1,1,2,1,6,1847.37,0,1
2903.31,12,180,0,0,0,1,2,2046.26,0,0
2401.58,21,738,0,0,0,1,3,1225.67,0,0
5109.42,3,163,0,1,4,4,6,1083.32,0,1
4862.16,19,537,0,0,0,1,0,3237.57,0,0
4113.19,17,58,1,1,3,0,9,2554.12,1,1
2201.38,19,406,0,0,0,1,2,1180.78,0,0
10909.06,3,78,1,1,1,2,6,1145.4,1,1
860.79,17,328,0,0,1,0,4,2237.63,0,0
7116.57,6,102,1,1,5,6,12,6001.48,1,1
8097.18,3,49,1,1,2,2,12,1624.6,1,1
5572.46,8,162,0,0,0,0,3,1724.72,0,0
1271.51,12,1188,0,0,2,0,1,1887.38,0,0
3072.37,14,1297,0,0,0,0,4,4237.66,0,0
7697.12,4,136,0,1,5,1,9,808.96,1,1
8837.32,2,231,0,1,1,5,6,1217.79,1,1
737.04,18,1154,0,0,0,1,2,1719.62,0,0
7410.05,2,76,1,1,5,1,7,3110.8,1,1
1532.76,20,1222,0,0,0,3,2,1309.6,0,0
2066.13,8,557,0,0,0,0,3,1668.36,0,0
1728.73,22,713,0,0,0,0,4,2836.09,0,0
1388.55,11,1243,1,0,0,0,1,998.11,0,0
1185.71,12,532,0,1,0,0,4,1795.1,0,0
2259.98,21,1479,1,0,0,1,1,1897.3,0,0
1491.72,19,992,0,0,0,0,4,1625.67,0,0
4762.61,18,132,1,1,5,2,10,2567.13,1,1
14793.26,5,203,1,1,1,6,5,3355.97,1,1
4908.75,5,170,1,1,4,3,5,1852.74,0,1
11323.46,12,961,0,0,0,0,1,1434.84,0,0
3773.33,22,1412,0,0,0,0,2,1363.91,0,0
4878.73,7,21,1,1,1,3,7,3701.26,0,1
6114.83,1,244,1,1,3,3,8,2672.81,1,1
753.36,21,291,0,0,0,2,3,2150.09,0,0
4163.3,3,109,1,1,4,1,9,1692.11,0,1
3123.54,13,70,0,0,0,0,4,2732.65,0,0
1323.49,12,255,0,0,1,1,2,3683.13,0,0
903.68,8,232,0,1,0,2,1,1406.53,0,0
6662.71,6,57,1,1,5,5,4,2264.77,1,1
11051.41,3,134,1,1,4,2,5,2170.36,1,1
8056.37,5,36,1,0,5,2,9,1724.07,1,1
1969.03,10,514,0,0,0,3,6,3413.8,0,0
1402.86,9,179,1,0,1,0,3,2618.9,0,0
787.09,19,1211,0,0,0,0,4,1849.5,1,0
9827.41,5,229,1,1,4,4,5,1456.66,1,1
1438.52,22,112,1,0,1,0,2,1982.55,1,0
1552.25,22,91,0,0,0,1,4,820.21,0,0
2063.39,15,739,0,0,1,0,3,2372.42,0,0
5619.84,6,165,1,1,1,4,7,1682.93,0,1
1172.02,12,809,0,0,0,0,5,1732.15,0,0
1255.56,22,408,0,0,0,0,4,1301.27,0,0
20759.13,1,153,0,1,4,4,6,1936.74,0,1
2391.63,12,619,0,0,0,0,1,1446.25,0,0
7177.64,5,42,1,1,1,2,8,1695.11,0,1
4038.31,11,101,0,0,0,2,2,2316.82,0,0
1874.07,20,1288,0,0,0,3,3,1830.24,1,0
2034.22,11,353,0,0,1,1,4,2342.72,0,0
1284.16,21,310,1,0,0,0,4,665.74,0,0
5544.16,3,205,1,1,4,5,9,1415.62,1,1
9497.44,0,40,1,0,5,4,9,3046.77,0,1
1736.83,22,957,0,0,0,1,3,3298.28,0,0
12930.33,17,239,1,1,1,1,10,1454.16,1,1
6029.8,19,814,1,0,0,1,1,1334.21,0,0
3788.09,2,236,1,1,4,3,14,2772.17,1,1
1442.3,1,5,1,1,5,1,9,2536.64,1,1
2222.11,22,762,0,0,0,0,4,933.9,0,0
1522.86,22,726,0,0,0,0,2,1842.09,0,0
15389.83,23,198,1,1,3,5,11,1321.92,1,1
6255.8,3,180,1,1,3,3,3,1912.79,1,1
934.58,13,512,0,0,0,0,3,2167.33,0,0
17011.81,4,216,1,1,4,4,2,1518.64,1,1
2165.03,10,765,0,0,0,1,2,2062.91,0,0
4635.09,1,177,1,1,3,3,3,1766.19,1,1
7174.62,8,243,1,1,1,5,10,1307.97,1,1
17457.19,3,4,1,1,2,2,10,2389.96,1,1
2528.94,22,1216,0,0,0,0,4,1742.73,0,0
1638.83,13,1423,0,0,0,0,2,1723.88,0,0
3033.45,11,942,0,1,1,1,0,1482.2,0,0
1220.01,20,655,0,0,0,0,3,1503.69,0,0
3492.64,2,215,1,1,3,3,4,2320.75,1,1
1266.62,21,854,0,0,2,0,1,1119.89,0,0
2824.79,19,138,0,0,0,0,0,1501.4,0,0
7196.31,0,231,1,1,2,3,5,2220.37,0,1
2148.79,19,603,0,1,1,0,1,2154.97,0,0
5054.86,7,148,0,1,3,4,11,1083.49,1,1
3634.98,5,168,0,1,5,4,9,1088.11,0,1
9425.63,1,19,0,1,5,4,12,2515.62,1,1
2682.21,5,178,1,1,4,4,3,1621.04,0,1
6456.14,0,143,0,1,3,4,6,1585.25,1,1
10560.29,1,141,1,1,4,1,5,935.84,1,1
5909.22,5,89,1,1,5,3,10,2467.12,1,1
1699.64,20,323,0,0,0,0,0,4097.26,0,0
7546.99,3,65,1,0,2,1,11,1680.85,0,1
7052.89,1,82,1,1,3,6,12,2855.51,1,1
4149.59,1,34,1,0,3,6,6,1368.64,0,1
17062.04,13,108,1,1,1,1,5,3255.92,1,1
19068.41,10,69,1,1,2,2,7,2612.83,1,1
6249.29,23,240,1,1,4,1,6,1726.39,0,1
3592.8,11,1319,0,0,0,0,3,1653.12,0,0
8927.34,0,167,1,1,5,2,11,1716.74,1,1
1719.95,22,169,1,1,4,3,6,1265.33,1,1
6336.05,10,106,1,1,4,3,5,1463.19,1,1
10423.88,0,24,1,1,5,2,5,2241.49,0,1
17672.33,2,3,1,1,5,5,7,1729.41,0,1
3556.96,15,1179,0,0,0,1,5,1961.0,0,0
3670.05,1,11,1,1,3,6,10,1672.98,1,1
3934.12,10,1178,0,0,1,1,2,1923.4,0,0
1455.94,11,279,0,0,1,0,6,2108.85,0,0
2573.46,2,95,1,1,3,2,8,2630.52,0,1
4875.41,0,21,0,1,3,0,10,939.76,0,1
2063.73,16,284,0,0,0,0,3,1853.79,0,0
2570.66,20,943,0,0,1,2,6,1844.04,0,0
3627.34,2,59,1,1,5,3,7,2974.56,1,1
15774.08,2,30,1,1,5,1,7,1902.52,1,1
2276.0,18,848,0,0,0,0,2,931.59,0,0
2243.58,0,170,1,0,5,3,10,1258.84,1,1
4442.05,0,237,1,1,4,4,3,2202.34,1,1
3745.99,3,189,0,1,5,2,5,2267.63,1,1
2099.03,20,159,1,1,3,5,13,1979.24,0,1
3466.04,4,92,1,1,3,5,11,1374.15,0,1
1914.31,8,1268,0,0,1,1,1,2123.12,0,0
2631.18,19,271,0,0,0,0,3,1254.54,0,0
2321.27,15,492,0,0,0,0,0,1401.77,0,0
5196.72,5,205,1,1,5,2,6,3471.76,1,1
7995.0,0,157,1,1,5,6,8,1567.99,1,1
5595.83,4,155,1,1,4,2,8,2473.07,0,1
1927.96,18,490,0,0,0,0,4,971.78,0,0
2819.46,16,8,1,0,2,1,4,1203.7,1,1
7155.78,4,222,1,1,3,0,6,1526.74,1,1
3014.99,7,100,0,1,5,1,10,1663.0,1,1
7775.64,4,173,1,1,5,1,5,2778.95,0,1
1236.53,14,78,0,0,2,0,2,1339.08,0,0
1697.1,22,89,0,0,0,2,4,2359.32,0,0
6604.12,0,49,1,1,4,2,10,1550.29,1,1
3205.11,5,72,0,1,3,2,5,2000.72,1,1
4758.12,5,34,1,1,1,5,5,1910.98,1,1
3778.65,3,105,1,1,2,1,9,1273.91,1,1
5977.97,23,102,1,1,3,4,7,1949.1,0,1
2382.3,6,196,1,1,4,3,6,1151.91,0,1
5515.46,2,219,1,0,2,6,9,1551.73,1,1
4440.03,21,1185,0,0,0,0,6,2317.38,0,0
1974.23,1,87,1,0,1,2,6,699.7,0,1
2380.02,21,468,0,0,1,1,5,1420.39,0,0
5420.76,5,188,1,1,5,1,14,2765.87,1,1
4260.59,0,126,1,1,2,1,9,1583.11,0,1
2492.56,15,1154,0,0,0,0,4,1503.95,0,0
5472.58,2,136,1,1,3,2,7,1672.91,1,1
1756.77,13,833,0,0,1,0,2,1512.13,0,0
2152.56,12,842,0,0,0,3,5,1786.76,0,0
1148.61,10,677,0,1,2,2,1,1662.38,0,0
2931.99,9,1429,0,0,0,0,2,925.33,0,0
6412.19,2,158,1,1,5,2,7,1051.88,1,1
5445.59,4,86,1,1,1,3,8,2798.71,0,1
3666.62,21,765,0,0,0,1,4,1845.32,0,0
2497.12,5,42,1,1,3,5,6,1572.48,1,1
2028.66,9,1344,0,0,2,0,6,2053.57,0,0
2186.06,21,683,0,0,1,0,5,1703.0,1,0
4237.57,3,51,1,1,5,1,10,2513.2,0,1
3731.04,5,81,1,1,2,2,8,2369.33,1,1
4504.6,4,4,0,1,4,2,7,1281.21,0,1
2198.58,16,118,0,0,0,0,1,1659.87,1,0
2196.73,19,808,0,0,1,1,2,1848.59,0,0
1598.78,21,856,0,0,0,0,2,2049.19,0,0
4732.54,22,1364,0,0,0,1,1,1733.32,0,0
5274.4,20,619,0,0,0,0,4,734.82,0,0
4034.08,2,113,1,1,4,5,7,3307.77,0,1
1953.08,18,1334,0,0,0,0,0,2016.03,0,0
4396.24,2,236,1,1,1,3,6,2162.38,1,1
1403.52,20,528,0,0,0,0,3,1621.35,0,0
10409.8,4,203,1,1,2,4,7,2761.13,1,1
2914.11,20,726,0,0,0,1,2,1673.41,0,0
923.98,11,625,0,0,0,0,3,1809.59,1,0
2585.9,20,83,0,0,0,0,3,1391.53,0,0
5311.45,1,217,0,1,4,2,6,1431.24,0,1
1838.54,10,1160,0,0,0,0,5,1962.33,1,0
5797.61,10,110,1,1,4,2,7,2085.06,0,1
1132.99,14,445,0,0,0,2,4,2660.09,0,0
1236.93,14,206,0,0,0,0,3,970.57,0,0
6593.74,0,228,0,1,3,1,12,2480.19,1,1
5467.96,4,218,1,0,4,2,10,1440.96,0,1
5088.98,22,936,0,0,0,0,1,1476.53,0,0
13732.22,1,5,1,1,3,7,6,2725.55,1,1
4161.84,12,653,0,0,0,0,4,2007.6,0,0
6421.58,22,64,1,1,5,4,11,2538.89,1,1
756.21,13,356,0,0,1,2,2,3017.33,0,0
1356.23,9,692,0,0,0,0,2,1500.69,0,0
2950.32,20,930,0,0,0,0,2,1480.48,0,0
1517.71,13,1245,0,0,0,0,4,1392.14,0,0
4878.11,20,198,1,1,3,2,11,2065.06,1,1
8780.85,4,48,1,1,5,4,6,2444.41,1,1
7263.51,3,191,0,1,2,4,8,2162.22,1,1
2321.51,19,1013,0,0,0,0,4,2231.73,0,0
5301.83,3,155,1,1,5,1,12,1421.02,1,1
4528.84,0,79,1,1,3,1,7,3132.92,1,1
690.02,21,91,0,0,0,1,3,3052.54,1,0
11729.45,0,239,0,1,4,3,11,1136.78,0,1
1714.04,15,161,0,0,0,0,0,2364.79,0,0
3494.14,23,115,1,1,1,3,10,1704.86,1,1
4855.04,2,202,1,1,3,1,7,1681.56,0,1
2542.53,21,511,0,1,0,0,2,1438.45,0,0
6413.79,9,475,0,0,0,0,4,1507.15,1,0
2530.96,17,985,0,0,1,1,2,1989.59,0,0
2484.29,16,321,0,0,0,0,3,3027.87,0,0
8683.73,3,18,0,0,5,1,8,1733.23,1,1
7344.86,17,34,0,1,4,1,9,1001.31,1,1
2231.91,8,588,0,0,0,0,4,809.27,0,0
1619.34,8,1093,0,0,0,0,1,3170.5,0,0
4579.85,3,150,1,1,4,4,5,1242.96,1,1
7262.33,2,48,1,1,4,1,14,3239.31,1,1
5037.37,0,183,1,1,4,0,4,2437.55,1,1
8286.95,0,39,0,1,4,2,7,1391.28,0,1
1069.88,13,200,0,0,0,0,2,812.84,0,0
6374.1,0,111,1,1,4,10,4,2979.24,0,1
7497.94,2,54,1,1,3,3,6,2170.07,1,1
1202.76,21,1039,0,0,0,0,7,2773.33,0,0
5001.94,4,187,0,1,3,2,10,2082.25,0,1
4559.12,2,42,0,1,1,4,8,1544.08,0,1
2525.92,21,892,0,0,0,0,2,1721.58,0,0
2831.8,14,82,1,1,5,3,9,2063.95,0,1
2367.23,1,167,0,1,3,2,5,1425.07,0,1
2630.45,12,100,1,1,0,0,9,1660.57,0,0
3111.67,9,199,1,0,5,2,11,1573.96,0,1
6315.13,4,126,1,1,5,3,10,1990.5,1,1
7477.24,3,246,1,1,5,1,6,1907.69,1,1
5869.57,18,184,1,1,2,5,8,2646.15,1,1
7822.04,13,248,1,1,1,5,4,1930.43,1,1
5006.84,1,20,1,1,4,2,4,2461.55,1,1
1124.78,20,1353,0,0,0,2,5,2397.98,0,0
5831.97,1,53,1,1,3,0,9,1527.22,1,1
11641.75,1,196,1,1,4,0,10,1830.45,1,1
2081.4,14,733,0,1,0,0,0,2068.71,0,0
1211.04,21,81,0,0,0,0,5,1520.62,0,0
2932.49,1,87,1,1,4,3,10,1522.85,1,1
6637.29,4,227,1,0,4,0,8,2368.44,1,1
910.93,14,374,0,0,0,0,4,2901.17,0,0
3883.99,8,4,1,1,2,3,5,1840.02,0,1
5381.2,2,42,0,1,5,4,12,1927.12,0,1
7728.42,4,126,0,1,4,4,6,1154.61,0,1
1555.07,18,296,0,0,1,1,5,2248.6,0,0
1984.75,12,885,0,0,0,1,2,1649.48,0,0
1555.33,10,372,0,0,0,1,0,2587.47,0,0
4233.93,4,177,1,1,5,4,4,1987.93,1,1
10424.46,3,69,1,1,3,0,8,1620.16,1,1
1968.76,15,680,0,0,1,0,4,2366.27,0,0
6753.81,22,124,0,1,2,2,8,1306.85,1,1
1251.06,14,602,0,0,0,0,1,3081.42,0,0
9477.09,2,8,1,1,1,3,11,1460.52,1,1
3740.81,18,366,1,0,1,0,3,1604.76,0,0
12847.41,3,115,1,1,3,3,9,1825.09,1,1
10410.83,9,7,1,1,1,5,7,2327.05,1,1
7013.71,4,74,1,1,5,7,8,3410.81,1,1
8888.09,1,122,1,1,4,4,9,1257.61,1,1
1574.76,14,893,0,0,0,1,4,2146.81,0,0
2299.21,12,801,0,0,0,1,5,1942.98,0,0
6473.62,11,130,1,1,5,4,9,1381.7,1,1
1932.87,13,312,0,0,0,0,5,3892.53,1,0
5032.91,21,205,1,0,5,5,7,1315.3,1,1
5112.83,2,123,1,1,3,3,10,1679.27,1,1
5491.67,3,12,1,1,2,5,7,1276.8,1,1
2446.05,8,98,0,0,0,1,2,1324.61,0,0
2505.58,13,984,0,0,0,1,1,1652.11,0,0
1676.75,13,988,1,0,0,0,4,1806.26,0,0
13677.19,0,43,1,0,3,7,5,1616.92,0,1
4662.84,1,240,1,1,2,1,5,2867.28,1,1
6237.02,1,145,1,1,3,3,9,1545.64,0,1
2194.62,18,1137,0,0,0,0,4,1143.35,0,0
1034.49,18,582,0,0,0,0,0,3072.27,0,0
7361.61,3,33,1,1,5,1,9,1710.06,1,1
4855.28,2,105,1,1,3,5,8,1188.75,0,1
9148.34,5,79,1,1,5,3,8,1881.16,1,1
4564.46,5,245,1,1,4,2,11,3250.28,1,1
13701.97,12,26,1,1,3,2,5,2592.73,1,1
3075.37,4,4,0,1,3,1,5,1975.01,1,1
13586.5,4,36,1,1,2,4,11,1793.85,1,1
15265.14,19,185,0,1,3,5,6,923.92,1,1
3694.63,3,55,1,1,5,4,10,2265.32,0,1
3807.07,2,214,1,1,4,5,8,2148.33,0,1
4011.57,18,240,1,1,2,1,8,1056.55,0,1
3424.57,8,665,0,0,0,0,2,1866.0,0,0
3644.01,8,120,1,0,4,2,6,1846.07,1,1
734.0,2,226,1,1,3,4,8,1294.68,1,1
3322.46,16,1366,0,0,0,0,2,871.34,0,0
1636.47,21,612,0,0,0,4,3,2601.01,0,0
17857.67,2,93,0,1,5,4,9,2415.61,1,1
2303.67,8,1438,0,0,0,0,1,1572.18,0,0
1017.0,14,265,0,0,0,1,5,1790.49,1,0
1559.94,22,1173,0,0,1,0,4,927.69,0,0
9639.38,0,55,1,1,2,5,16,1437.9,1,1
2504.81,10,469,0,0,0,0,4,2310.72,0,0
1176.15,21,997,1,0,0,0,5,2817.13,0,0
1705.32,19,166,0,0,0,1,4,1359.18,0,0
1589.85,21,1158,0,0,0,0,5,4985.67,0,0
15887.27,1,20,1,1,3,3,5,1635.64,0,1
2394.62,13,1299,0,1,0,0,3,2372.38,0,0
876.32,16,156,1,0,0,0,3,1428.96,1,0
926.81,20,153,0,1,0,2,2,1686.93,0,0
10087.26,1,148,1,1,5,2,3,2151.67,0,1
1896.59,17,1136,0,0,2,1,2,2417.26,0,0
2954.27,4,23,1,1,4,3,11,1984.6,1,1
3528.99,18,208,0,0,1,0,5,2021.19,0,0
745.84,14,284,0,0,0,0,3,1685.53,0,0
8328.29,13,117,1,1,4,1,4,2161.44,0,1
4011.41,4,15,1,1,1,2,12,2258.34,1,1
4524.58,0,13,1,1,2,4,9,809.81,1,1
892.04,20,321,0,0,0,0,3,1099.89,0,0
2505.92,10,1264,0,0,1,3,3,1153.63,0,0
1833.13,17,622,0,0,0,1,1,1433.79,0,0
1783.21,9,857,0,0,0,0,4,963.01,0,0
2137.06,10,400,0,0,1,0,1,2948.73,0,0
2834.74,17,1126,0,0,2,0,5,1729.57,0,0
9904.1,20,246,1,0,4,6,9,3014.16,0,1
5040.65,14,187,0,0,1,0,1,3479.92,0,0
3132.1,4,108,1,1,4,2,14,1895.1,1,1
7336.98,4,131,1,1,1,2,14,2956.46,1,1
1279.36,19,953,0,0,0,0,1,2482.77,0,0
3093.82,3,103,1,1,5,2,7,1129.53,1,1
2988.63,21,691,1,0,0,1,6,1451.42,0,0
5195.37,4,165,1,1,2,2,5,1255.84,1,1
7151.22,2,169,1,1,4,0,11,1815.07,1,1
12564.95,10,171,1,0,2,5,9,1783.88,1,1
1963.22,14,1037,0,0,0,0,5,2235.97,0,0
933.62,22,322,0,0,2,0,4,2285.71,0,0
6299.23,22,3,0,1,4,5,9,1998.44,1,1
10449.85,3,83,1,1,3,2,9,2847.46,1,1
13329.72,5,210,1,0,3,2,7,2509.98,0,1
3435.49,16,1431,0,0,0,1,4,2386.18,0,0
4911.23,5,199,1,1,4,7,9,1100.24,1,1
4544.46,1,204,0,1,1,8,7,1814.95,1,1
7661.21,6,229,1,1,5,3,7,2643.57,1,1
3494.01,17,37,1,1,5,6,6,1385.11,0,1
4249.32,17,235,1,1,3,3,4,1979.43,1,1
2987.92,12,1391,0,0,0,1,2,2800.31,0,0
1846.38,16,847,0,0,0,1,2,1735.0,0,0
1608.62,8,1149,1,1,0,1,3,3577.44,0,0
2584.52,8,816,0,0,0,1,1,1214.8,1,0
1524.96,14,1102,0,0,0,0,3,1940.0,0,0
5918.89,5,249,0,1,1,6,12,2418.3,0,1
1911.86,13,471,0,0,0,1,4,1599.15,0,0
1571.91,20,353,1,0,0,0,8,1303.33,0,0
5300.66,2,193,1,0,2,2,8,1780.51,1,1
9587.53,18,135,1,1,3,2,7,653.41,1,1
6986.95,11,15,1,1,2,2,2,2593.22,1,1
4462.5,3,59,1,1,2,4,7,1237.18,1,1
1711.69,22,793,0,0,0,0,4,1586.67,0,0
1802.59,18,886,0,1,0,0,2,1398.32,0,0
8099.13,5,176,1,1,4,2,7,985.93,1,1
3476.84,8,150,1,1,5,3,8,1322.01,0,1
1077.8,16,333,0,0,0,0,1,4488.66,0,0
2338.62,15,281,0,0,0,0,3,2581.85,0,0
9120.73,16,167,1,1,5,1,10,1383.66,1,1
11582.05,5,20,1,0,3,4,11,1145.96,0,1
2121.56,8,165,0,0,0,2,4,1379.31,0,0
1900.34,18,90,0,0,0,0,2,1270.17,0,0
2053.24,1,48,0,1,4,3,11,1459.24,1,1
1379.23,12,1305,0,0,0,0,7,2091.62,0,0
1335.6,21,967,0,0,0,3,8,3018.35,0,0
1204.28,9,310,0,0,0,1,3,2340.93,0,0
11640.81,2,185,1,0,4,0,12,1468.65,1,1
1175.79,20,1371,0,0,0,3,1,2158.57,0,0
3333.93,14,825,0,0,0,0,5,1524.07,0,0
2899.36,5,45,1,1,2,3,7,2438.07,1,1
14194.97,5,39,1,1,2,4,9,939.62,0,1
1856.81,17,917,0,0,0,1,2,978.63,0,0
1926.59,10,386,0,0,0,2,4,1392.22,0,0
8462.55,3,164,1,1,5,3,7,1904.34,1,1
1231.62,15,764,0,0,0,1,3,2845.22,0,0
2494.49,22,1008,0,0,0,1,4,873.19,0,0
6865.78,22,142,1,1,4,3,17,3864.69,1,1
2544.2,18,471,1,0,1,0,1,2100.67,0,0
2213.41,18,261,0,0,1,0,5,1624.2,0,0
2440.47,22,910,0,0,0,0,3,946.76,1,0
1899.44,15,808,0,0,1,0,4,1793.1,0,0
2281.0,21,560,0,0,0,3,1,3631.88,0,0
4333.04,5,243,1,1,2,4,5,1301.15,0,1
12811.54,5,98,0,1,3,5,6,1228.67,0,1
2638.82,14,952,0,0,0,2,5,3432.92,0,0
1893.99,20,556,0,0,2,0,3,1326.26,0,0
7438.12,1,75,1,1,5,4,14,870.38,0,1
13425.25,4,104,1,1,5,2,3,2036.05,1,1
4755.51,3,10,1,1,3,2,5,1607.38,1,1
10321.38,4,152,0,1,1,2,9,3043.12,1,1
2230.06,9,375,0,0,0,0,2,1525.38,1,0
7307.23,4,110,1,1,4,4,13,3332.28,0,1
2075.44,10,1479,0,0,0,2,4,3471.7,0,0
5664.41,3,54,1,0,1,7,5,2132.37,1,1
3118.84,2,164,1,0,4,2,5,1536.6,1,1
2049.1,11,618,0,0,0,2,3,2268.06,0,0
1638.21,14,382,0,0,0,1,4,1598.78,0,0
2509.21,17,676,0,0,0,0,2,2022.3,0,0
7380.07,3,21,1,1,5,2,9,2137.82,1,1
6124.71,14,10,1,0,4,1,10,1911.39,1,1
1377.77,8,185,0,0,2,1,7,1599.96,0,0
1688.45,13,1393,0,0,0,0,5,1720.46,0,0
7587.42,19,124,1,1,5,3,7,1447.82,1,1
1796.05,3,57,1,1,3,6,7,1620.62,0,1
1874.21,19,1129,0,0,0,0,3,2048.36,0,0
7074.94,5,112,1,1,5,5,8,1518.44,1,1
5623.65,0,176,1,1,3,1,5,2517.39,1,1
7492.58,9,182,1,1,2,4,8,2232.47,1,1
8936.27,5,96,1,0,4,0,4,1261.66,1,1
1124.13,20,245,0,0,0,0,5,2778.03,0,0
2937.14,8,607,0,0,2,0,3,2797.1,0,0
2941.35,13,897,0,0,0,0,2,1364.24,0,0
3290.65,3,51,1,1,5,2,12,2265.25,0,1
8933.46,18,248,1,0,4,5,11,2025.02,1,1
6649.14,23,192,1,1,5,2,9,2935.32,1,1
4282.92,0,249,1,0,5,2,4,2764.58,1,1
3554.77,0,138,1,0,3,4,3,3665.79,1,1
1456.48,20,573,0,0,0,1,2,1332.89,1,0
1248.62,8,483,0,0,2,2,4,1597.04,1,0
2404.89,18,364,0,0,1,0,0,2616.45,0,0
2555.45,22,370,0,0,0,0,3,2685.77,0,0
1987.46,8,183,0,0,0,0,2,1138.39,0,0
2719.89,19,569,0,0,1,0,6,1814.38,0,0
8063.78,13,350,0,0,1,0,3,1618.21,0,0
1869.25,14,395,0,0,1,0,4,959.53,0,0
3884.32,8,773,0,0,0,0,1,1507.14,0,0
9532.98,5,217,1,1,1,2,6,2033.91,1,1
2469.11,15,220,1,1,3,4,10,2378.99,0,1
11710.23,3,75,1,1,5,5,11,1799.65,1,1
7532.57,13,100,0,1,5,1,7,2982.18,0,1
7477.91,2,73,0,1,5,4,8,1621.53,1,1
1323.21,22,1161,0,1,0,0,3,1345.08,0,0
4003.24,5,104,0,1,4,2,10,4652.22,1,1
1510.52,18,792,0,0,0,0,2,1827.58,0,0
12967.07,5,38,1,1,1,1,8,1215.75,1,1
20494.33,2,26,1,1,5,5,6,2545.64,1,1
1965.19,8,871,0,0,1,0,3,1113.26,0,0
7669.83,21,247,1,1,5,2,7,1229.68,1,1
6645.37,5,229,1,1,3,1,7,1046.06,0,1
22594.99,11,7,1,1,4,0,5,2599.73,1,1
6916.83,5,201,0,1,4,3,11,1785.5,1,1
6574.61,0,162,1,1,3,1,7,856.14,1,1
1655.55,15,1191,0,0,1,0,2,1399.21,0,0
1529.83,18,670,0,0,0,1,5,4807.79,0,0
6556.17,4,37,1,1,1,2,12,1947.33,1,1
1464.56,15,835,0,0,0,1,2,1002.46,1,0
2383.27,17,1192,0,0,1,0,4,2067.18,0,0
2470.25,19,125,0,0,0,0,3,2242.72,0,0
4267.02,16,1396,0,1,0,1,3,909.7,0,0
7519.44,0,158,1,1,4,2,4,2779.3,1,1
2977.15,16,970,0,0,0,1,3,1753.03,0,0
11188.72,4,33,1,0,5,3,10,1902.25,0,1
1661.64,8,1201,0,0,0,0,2,1542.33,0,0
4302.86,18,775,0,0,0,0,1,1878.49,1,0
5550.76,4,226,1,0,3,1,2,1527.63,1,1
2926.36,8,509,0,0,1,0,4,1471.71,0,0
795.24,8,1186,0,0,0,0,2,1566.37,0,0
8299.5,2,81,1,1,4,3,5,3677.66,0,1
4702.29,1,100,1,1,3,3,2,2564.36,0,1
9125.51,1,2,1,1,2,5,11,3675.26,0,1
3237.42,1,86,1,1,3,4,5,894.03,1,1
2051.98,18,940,0,0,1,0,2,931.23,0,0
3744.39,0,88,0,1,4,3,9,2349.98,0,1
12781.27,2,80,1,1,3,5,10,2252.63,1,1
1681.09,0,218,1,1,5,3,3,1314.92,0,1
3049.6,14,856,0,0,0,0,3,1100.21,0,0
1968.8,8,513,1,0,0,0,2,2194.9,0,0
7365.44,2,23,1,1,4,3,4,985.67,1,1
4178.01,9,1212,1,0,0,2,3,1940.0,0,0
3697.42,16,1381,0,0,0,0,6,1252.22,0,0
10387.84,12,249,1,1,3,2,8,2734.66,1,1
6224.61,9,112,1,1,3,0,5,1378.44,0,1
2583.61,16,966,0,0,0,0,1,1526.64,0,0
1893.11,17,226,0,0,0,1,8,1780.84,0,0
1878.27,11,969,0,0,1,1,3,2368.74,0,0
2751.79,3,147,1,1,5,7,7,1327.3,0,1
6326.19,0,220,1,1,3,2,12,1066.5,1,1
4988.46,1,199,1,1,4,5,10,1259.26,1,1
9034.78,3,10,1,1,4,3,7,1470.15,1,1
11504.07,7,196,1,1,4,4,11,1580.94,1,1
5295.53,21,7,1,1,4,1,7,1923.78,0,1
4392.41,2,222,1,1,2,0,8,1527.55,0,1
2698.76,13,1335,1,0,0,1,1,1848.59,0,0
4732.25,11,97,1,1,4,2,11,1719.16,1,1
4261.38,10,78,1,1,2,3,9,1420.02,1,1
1526.32,20,729,0,0,1,0,7,3503.14,0,0
5449.33,12,20,0,1,4,6,6,2818.5,0,1
1273.81,8,388,0,0,0,0,3,1496.81,0,0
1589.94,21,1308,0,0,0,0,5,1840.24,0,0
1306.77,15,913,0,1,0,1,2,2081.44,0,0
1741.43,5,182,1,1,2,1,10,1835.93,1,1
4293.34,12,197,1,0,2,3,9,1822.84,1,1
4095.98,1,122,1,1,5,2,10,1492.86,1,1
7910.38,22,59,1,1,5,3,8,2496.24,1,1
912.11,21,951,0,0,0,2,1,1115.78,0,0
3686.89,13,509,0,0,0,0,1,1966.6,0,0
3180.2,9,997,0,0,0,1,2,2470.76,0,0
3150.04,4,89,0,1,4,3,7,2683.11,0,1
2974.65,18,109,1,1,2,2,6,2322.37,1,1
2066.67,19,164,0,0,0,0,3,1531.88,0,0
1078.01,21,939,0,0,0,1,2,1663.36,1,0
1920.85,10,931,0,0,0,1,6,1650.4,0,0
1844.79,9,427,0,0,0,0,6,2716.18,0,0
2855.11,14,556,0,0,1,1,4,1224.21,0,0
1827.7,9,1383,0,0,0,1,2,2277.56,0,0
2265.08,20,509,0,0,0,1,2,1977.13,1,0
2014.16,19,756,0,0,0,0,2,1771.93,0,0
2648.52,10,957,0,0,0,1,4,2652.47,0,0
1521.03,8,844,0,1,0,2,2,2561.05,0,0
2027.21,20,1119,0,0,0,0,3,2459.86,0,0
1864.5,16,688,1,0,1,0,0,968.26,0,0
2807.2,10,1405,0,0,0,0,5,1891.77,0,0
5960.59,20,544,0,0,0,2,3,2022.39,0,0
13382.46,1,41,1,1,4,0,9,1824.84,1,1
15654.3,0,90,1,0,1,1,10,1571.95,1,1
15829.51,15,176,0,1,3,4,3,1495.04,1,1
14821.0,5,31,1,0,5,2,9,2368.4,1,1
1957.83,4,82,1,1,4,2,2,963.56,1,1
4971.74,10,1161,1,0,0,1,1,2741.68,0,0
2704.88,16,942,0,0,0,0,3,1836.21,0,0
1576.18,19,1275,0,1,1,1,3,1505.88,0,0
4394.95,11,734,0,1,0,0,1,1708.15,0,0
4978.46,3,146,1,1,3,11,12,1729.91,1,1
3721.77,0,233,0,1,4,3,10,2513.18,1,1
8097.03,4,153,0,1,4,5,7,721.39,1,1
1702.39,14,1222,0,0,0,1,0,1308.01,0,0
2084.31,21,1116,0,0,1,0,0,2450.94,0,0
2414.47,13,1023,0,0,2,0,4,1346.99,1,0
2331.5,14,86,1,1,3,2,4,1245.71,1,1
1289.47,17,215,0,0,0,0,3,1970.66,0,0
7096.26,4,4,1,0,5,5,3,1318.29,0,1
19836.91,14,113,1,1,3,3,8,1873.6,1,1
7773.57,3,147,1,1,2,3,11,915.67,0,1
4101.83,0,77,1,1,3,3,5,2455.81,1,1
2811.71,14,1128,1,0,1,0,5,1438.97,0,0
3208.46,10,199,0,0,0,1,4,966.95,0,0
3743.72,17,537,1,0,1,0,3,1802.2,1,0
1912.7,17,407,0,0,0,1,2,1637.0,1,0
3036.7,1,79,1,1,5,3,10,1565.09,0,1
6173.1,1,241,1,1,3,1,8,1280.89,1,1
2970.0,1,74,1,1,3,4,8,2900.12,1,1
4401.7,5,151,1,1,5,2,5,1652.65,0,1
1886.63,21,1109,0,0,0,0,10,2508.89,0,0
8051.6,16,137,1,1,1,3,9,1073.11,1,1
4102.55,0,119,1,1,3,3,6,2813.86,1,1
1428.9,16,665,0,0,1,1,2,2574.11,0,0
1581.21,16,959,0,0,0,0,5,2685.84,0,0
3591.18,17,38,1,1,5,1,10,1320.44,0,1
1111.91,13,1198,0,1,0,0,2,2350.28,0,0
6272.09,5,128,1,1,3,5,7,2069.37,1,1
4799.37,12,565,0,0,1,0,2,661.57,0,0
1016.15,18,1474,0,0,0,1,4,1579.72,0,0
3015.87,3,116,1,1,3,4,11,1541.02,1,1
1928.66,12,771,0,0,0,1,6,1386.84,1,0
1696.88,11,516,0,1,0,1,7,1025.84,1,0
2369.89,11,477,0,0,0,0,3,1556.35,0,0
8634.06,0,20,1,1,5,3,9,2234.41,1,1
3122.0,14,32,1,1,3,4,5,1932.19,1,1
2861.08,4,111,1,1,5,1,8,1561.02,1,1
4400.28,11,674,0,0,0,0,3,1900.39,0,0
4377.42,5,155,0,0,2,4,6,2920.17,1,1
2725.06,17,249,0,0,1,0,1,997.45,0,0
4948.93,16,272,0,0,2,0,1,1971.69,0,0
5556.48,4,186,0,0,4,1,9,2107.11,0,1
1289.18,9,147,0,0,0,1,4,1505.99,0,0
3577.88,0,147,1,0,4,4,5,1632.22,1,1
1861.6,18,1024,0,0,0,0,3,3060.66,0,0
3531.83,19,784,0,0,1,1,7,2500.31,0,0
2528.07,13,191,0,0,0,0,5,2032.38,0,0
4459.14,13,1132,0,0,1,1,4,2962.59,0,0
8352.99,2,117,0,1,1,5,7,2352.46,1,1
1441.05,8,407,0,0,0,0,4,1220.01,0,0
2039.63,20,1110,0,0,0,2,2,1735.65,0,0
2847.87,3,89,1,1,5,2,6,2488.81,1,1
6448.07,1,73,1,0,5,2,10,1614.75,0,1
7060.42,4,191,1,1,2,4,8,3001.31,0,1
2572.71,2,231,1,1,5,4,6,2254.85,1,1
1661.97,8,416,0,1,0,0,1,1101.07,0,0
1672.55,18,684,0,0,1,1,2,2239.02,0,0
1162.34,15,1191,0,0,1,0,3,1912.73,0,0
3189.15,2,7,1,0,4,5,8,1667.72,1,1
7334.9,3,34,0,1,4,6,18,1607.21,1,1
1334.67,22,597,0,0,0,0,2,2520.76,0,0
4497.7,3,30,1,1,4,5,6,1298.88,0,1
1963.18,13,1116,0,0,0,0,3,1709.64,0,0
1907.0,9,1257,0,0,0,0,3,2355.44,0,0
7175.18,3,40,1,1,4,2,2,1031.94,1,1
2708.01,4,119,1,1,5,2,3,1539.69,1,1
19203.75,10,174,1,1,3,2,6,2660.62,1,1
1385.68,5,177,1,1,5,3,6,2871.05,0,1
1394.98,19,1146,0,0,2,0,4,2099.71,0,0
10050.64,1,191,1,1,3,4,8,1732.82,1,1
12398.66,12,9,1,1,1,3,5,1441.17,0,1
2652.77,15,1286,0,0,2,1,5,2178.56,0,0
1666.94,11,634,0,0,0,0,2,2843.54,0,0
1946.87,16,963,0,0,0,0,7,1615.43,0,0
3065.75,5,24,0,1,3,5,8,2046.94,1,1
5093.29,2,138,0,1,1,2,11,1795.63,0,1
1528.49,12,387,0,0,0,0,2,3564.69,0,0
1129.87,12,957,0,0,1,0,2,2568.98,0,0
10546.29,0,232,1,1,2,2,9,2390.55,1,1
3206.57,11,1201,0,0,0,0,4,1555.12,1,0
1343.59,21,739,0,0,0,1,8,1301.84,0,0
3985.39,5,90,1,1,4,3,5,2124.56,1,1
1419.46,21,1377,0,0,0,0,7,1041.36,0,0
2404.22,18,455,0,0,0,0,1,3053.82,0,0
11927.54,0,185,0,0,5,1,8,1799.14,0,1
3061.14,17,1282,0,0,0,1,3,1371.53,0,0
4773.88,22,1057,0,0,0,1,3,2662.58,0,0
1064.05,11,920,0,0,0,0,1,1014.25,0,0
2136.71,9,796,0,0,0,0,1,1015.66,1,0
2197.57,19,512,0,0,0,1,4,3488.9,0,0
687.91,8,1001,0,1,0,0,3,1718.71,0,0
24430.68,15,172,1,1,5,0,6,984.05,1,1
3769.82,10,448,0,0,0,1,2,1477.59,0,0
1898.08,21,1374,0,0,0,2,3,2493.62,0,0
12012.07,5,204,1,1,4,4,7,1406.72,1,1
1002.79,22,1143,0,0,0,0,3,2067.18,0,0
3199.38,18,543,1,0,0,0,4,3580.86,0,0
858.09,16,807,0,0,1,0,2,2112.62,0,0
9810.72,1,153,0,1,1,7,8,2563.52,1,1
3766.04,2,34,1,1,2,7,3,1889.45,1,1
799.99,13,1430,0,0,0,0,2,1435.24,0,0
13540.41,12,215,1,1,5,3,5,2073.61,1,1
2322.91,10,63,0,0,0,0,6,2030.47,0,0
1310.21,22,764,0,0,2,0,4,727.16,0,0
10851.39,1,14,1,1,5,6,8,1204.07,1,1
4067.57,4,91,1,0,4,4,10,1918.21,0,1
13088.36,3,62,1,1,2,5,10,2113.34,1,1
3663.66,8,557,0,0,2,0,3,2052.65,0,0
10977.57,2,173,1,1,3,2,6,1841.92,1,1
5333.5,4,168,0,1,4,3,6,2101.01,0,1
1377.57,17,938,1,0,0,0,5,2378.08,0,0
2715.1,12,1125,0,0,0,0,4,1852.56,0,0
3200.92,12,337,0,0,0,1,2,897.34,0,0
12741.35,4,245,1,1,5,2,8,1234.51,1,1
8596.2,5,32,1,1,5,4,7,842.22,1,1
4553.81,1,207,1,1,4,3,7,2020.3,0,1
1023.24,18,520,0,0,0,1,0,1575.94,1,0
6392.3,0,233,1,1,4,2,3,3581.92,1,1
4220.14,0,49,1,1,5,2,11,1538.23,0,1
4607.73,4,236,1,1,4,6,6,1874.41,1,1
1550.95,9,1442,0,0,0,0,6,2525.14,0,0
4394.96,3,115,0,1,5,2,7,1075.92,0,1
1838.69,20,1322,0,0,0,0,7,1711.23,0,0
1811.05,15,199,0,1,1,0,1,2432.11,0,0
8475.89,17,94,1,1,5,6,10,2027.87,1,1
2899.63,17,1218,0,0,0,0,5,1879.67,0,0
2185.71,20,1346,0,0,2,4,1,2061.36,0,0
1125.58,10,1207,0,0,1,0,5,1683.86,0,0
5860.02,2,236,1,1,2,2,6,1509.49,1,1
15136.76,4,85,1,0,3,1,7,1316.43,1,1
2108.79,16,170,0,0,0,0,2,1538.07,0,0
4591.31,22,296,0,0,0,0,3,1926.42,0,0
2257.13,18,217,0,0,0,0,3,1633.08,0,0
860.12,11,1392,0,0,1,0,4,1757.77,0,0
3986.52,5,154,0,1,5,4,8,2229.38,1,1
3751.36,5,211,1,1,4,3,8,1258.53,1,1
1640.51,20,146,1,1,4,3,6,2536.84,0,1
535.21,16,466,0,0,1,0,3,1700.58,0,0
2463.62,19,1270,0,0,0,0,3,1704.04,1,0
3138.93,21,159,0,0,0,0,5,2034.07,0,0
6911.16,8,146,1,1,5,1,9,1073.55,1,1
3822.36,4,205,1,1,4,1,12,1476.1,1,1
8244.71,3,135,1,1,4,1,5,1274.56,0,1
2711.7,19,405,0,0,0,1,1,1957.27,0,0
3262.55,20,50,0,1,4,1,7,1341.81,0,1
1900.36,14,1129,0,0,0,0,2,2226.42,0,0
5130.82,2,56,1,1,5,2,6,1396.37,1,1
6273.77,2,110,1,1,2,6,3,1684.94,1,1
6671.46,15,100,0,1,3,5,5,1778.73,1,1
12891.57,23,77,1,1,4,4,10,1447.72,1,1
6035.14,15,153,1,1,2,2,14,1680.19,1,1
2620.79,20,637,0,1,1,0,3,2028.38,0,0
1167.66,13,888,0,0,0,0,3,1804.64,0,0
1052.49,15,593,0,0,0,1,6,1588.84,0,0
1767.16,17,1278,0,1,1,2,4,1243.55,0,0
7300.9,1,109,1,1,2,0,7,1641.89,1,1
1241.9,20,1375,0,1,0,0,2,1475.51,0,0
1176.51,19,656,1,0,0,0,4,1476.39,1,0
7369.68,5,175,1,1,1,3,7,1078.78,0,1
6710.92,5,123,1,1,4,2,4,1257.22,1,1
7247.92,6,163,1,1,1,2,8,1896.39,1,1
5463.12,5,167,1,0,5,3,15,2280.05,0,1
3460.67,12,1271,0,1,0,0,2,2212.86,0,0
640.73,13,480,1,0,0,0,5,1168.32,0,0
2012.77,21,424,0,0,0,0,1,3919.76,0,0
15245.92,23,156,1,1,1,2,8,1609.11,0,1
7099.12,22,122,1,1,5,2,9,2169.21,1,1
2234.63,10,399,0,0,0,1,8,2367.29,0,0
9415.85,1,82,1,1,4,3,7,1330.85,1,1
2896.2,9,596,0,1,1,0,5,2275.27,0,0
1328.15,8,339,0,1,0,1,6,1031.05,0,0
1280.38,21,118,0,0,0,0,0,3691.19,0,0
4814.68,18,32,1,1,3,4,8,2571.32,1,1
4862.2,3,199,0,1,4,4,7,1416.7,1,1
5512.56,1,120,0,1,4,2,6,713.96,1,1
6503.68,14,148,1,1,4,1,10,2032.88,0,1
2777.25,16,228,1,1,4,2,8,951.77,0,1
2066.1,16,1355,0,0,0,0,0,2061.93,0,0
7414.48,3,199,1,1,1,2,6,1328.01,0,1
2272.79,4,222,1,1,5,1,5,1201.26,1,1
3066.86,16,619,1,0,1,1,4,1277.63,0,0
1601.53,9,1041,0,1,0,0,0,2084.49,0,0
2365.35,16,520,0,0,0,0,0,3245.24,0,0
3509.33,14,527,0,1,1,0,0,911.08,0,0
6879.16,21,128,1,1,4,3,12,1683.42,0,1
2978.35,9,195,1,1,2,5,6,1074.1,1,1
2704.21,6,76,1,1,4,3,8,1376.71,0,1
2389.7,13,948,1,0,0,0,5,1483.87,0,0
6392.03,2,132,0,1,3,6,8,1699.63,0,1
553.53,19,475,0,0,0,1,6,2199.43,0,0
2273.42,13,371,0,0,0,1,7,2620.13,0,0
1188.27,14,1209,0,0,0,0,3,2096.39,0,0
1814.07,19,935,0,0,1,3,1,3031.33,0,0
954.77,15,1181,0,0,0,0,3,1421.1,0,0
2601.86,19,649,0,0,0,0,2,2147.91,0,0
5093.01,2,2,1,1,3,4,11,1677.84,1,1
2016.77,1,137,1,1,3,2,9,1138.88,0,1
3582.25,21,811,0,0,0,1,1,1702.13,0,0
615.24,15,900,0,0,1,1,1,2753.8,0,0
2045.2,3,243,1,1,3,3,10,1326.32,1,1
9760.72,2,146,1,1,3,4,9,1894.06,0,1
3448.54,16,86,0,0,0,1,1,2688.3,0,0
4450.23,3,167,0,1,4,3,7,2107.5,1,1
11531.32,6,55,1,0,2,3,6,1582.82,1,1
3358.76,1,204,1,1,5,3,9,1578.95,0,1
6436.59,5,244,0,0,3,2,13,2289.57,1,1
15365.67,14,206,1,1,3,4,6,2003.86,1,1
4379.55,4,85,0,1,3,4,12,1236.84,1,1
2194.04,1,143,0,1,2,4,2,2696.93,1,1
8537.77,8,4,1,1,5,1,11,1970.19,1,1
1103.01,20,941,0,0,0,1,5,2220.42,0,0
3701.69,17,960,0,0,1,2,2,3050.81,1,0
1747.67,20,1173,0,0,0,0,2,2434.4,0,0
3854.6,3,11,1,1,5,2,11,2313.07,1,1
12039.58,9,109,1,1,4,3,7,2033.31,1,1
2286.24,12,625,0,0,2,1,2,1899.91,0,0
2304.55,21,1366,0,0,0,0,2,1503.65,0,0
11590.26,12,3,0,1,5,3,13,2906.19,1,1
5380.0,17,240,1,1,5,2,13,1106.64,1,1
2825.45,5,104,1,1,3,5,8,1486.7,0,1
2471.11,22,606,0,0,0,0,3,1779.85,0,0
7474.97,3,101,1,1,1,2,6,1368.06,0,1
9768.07,3,36,1,1,4,4,7,2239.32,1,1
5624.57,3,113,1,1,4,0,8,1592.91,1,1
5719.79,2,176,1,1,4,2,6,2113.06,1,1
3854.31,14,227,1,1,2,6,3,1548.29,1,1
2923.77,21,548,0,0,0,0,4,1392.12,0,0
1330.23,9,599,0,0,0,0,0,2249.96,0,0
6846.54,1,14,1,1,4,5,7,3143.51,1,1
4044.06,20,196,1,1,1,4,8,2497.99,1,1
2913.07,15,987,0,0,2,0,5,1718.03,0,0
1176.32,20,1323,0,0,0,0,4,1333.09,0,0
640.09,16,1054,0,0,1,0,1,2168.67,0,0
4178.44,18,215,1,1,2,5,3,1862.1,0,1
6138.96,2,199,1,1,4,1,9,2718.0,0,1
13902.73,15,247,1,1,4,4,3,3117.88,0,1
14790.98,1,47,1,1,3,3,8,1908.26,1,1
6349.84,16,112,1,1,3,3,5,2098.8,1,1
1304.63,22,712,0,0,1,1,2,1356.03,0,0
4700.71,0,185,1,1,5,2,11,2350.88,1,1
5972.93,8,227,1,1,2,4,9,1655.93,0,1
1813.92,19,589,0,0,0,2,6,1529.87,0,0
2451.96,11,1425,0,0,1,0,3,2295.39,0,0
7800.48,23,53,1,1,2,6,12,1605.71,0,1
3917.63,5,208,0,1,3,5,9,4687.7,1,1
1587.07,19,960,0,0,0,2,1,1688.22,0,0
3402.01,20,96,1,1,5,3,9,1956.84,0,1
8600.12,1,190,1,1,5,7,6,1268.61,1,1
2175.05,8,757,0,0,0,0,2,1422.69,0,0
1580.07,15,864,0,0,0,1,1,1899.18,0,0
1286.75,13,479,0,0,0,0,3,1140.1,0,0
3992.5,10,1471,0,0,0,1,8,1264.71,0,0
1057.84,16,703,0,0,0,1,3,1414.96,0,0
6084.71,4,182,1,1,1,3,6,1113.16,0,1
7118.7,2,29,1,1,5,1,6,1424.55,1,1
6174.13,3,100,1,1,5,4,10,1504.72,1,1
8691.07,17,32,1,1,5,4,2,2169.99,1,1
2056.48,18,635,0,0,0,0,3,1848.02,0,0
1174.42,17,1114,0,0,0,0,4,1399.69,0,0
2091.89,18,981,0,0,0,0,4,1338.34,0,0
12009.32,11,129,1,1,5,3,9,2460.0,1,1
1766.53,8,60,0,0,1,0,6,1598.12,0,0
6713.83,0,168,1,1,4,4,8,2832.18,1,1
3260.24,18,406,0,0,1,0,4,2159.68,0,0
1266.21,9,1140,0,0,0,2,1,1509.58,0,0
4531.89,2,47,1,1,2,0,9,1786.87,0,1
1264.02,22,1076,1,0,0,0,5,2131.2,0,0
1850.52,22,1302,0,0,0,1,3,1628.45,0,0
14682.72,4,234,1,1,3,0,5,2500.03,1,1
3359.2,16,854,0,1,1,0,4,2913.05,0,0
1876.59,10,1396,0,0,0,1,3,1461.85,0,0
7816.22,4,159,1,1,2,6,7,2243.31,0,1
905.55,22,651,0,0,1,0,7,1783.87,0,0
2745.87,18,1188,0,0,0,0,0,1279.07,0,0
15876.09,3,90,1,1,4,5,9,2928.14,1,1
4388.82,1,154,1,1,3,3,2,2299.92,0,1
4502.99,5,97,0,1,5,3,10,1477.64,1,1
1906.67,13,997,1,0,0,1,5,1878.71,0,0
3167.29,17,1273,0,1,1,0,5,2258.42,0,0
9335.27,3,88,0,0,3,4,4,877.23,0,1
2483.33,21,109,0,0,0,0,3,2015.68,0,0
1266.18,9,722,0,0,0,0,6,3032.97,0,0
2778.0,3,201,1,1,2,4,10,1138.75,1,1
7746.82,5,161,1,1,2,1,9,2468.88,1,1
6300.61,3,26,1,0,2,3,13,1156.81,0,1
1841.98,16,313,0,0,0,0,3,2391.65,0,0
14984.98,4,85,1,1,5,2,8,1195.03,1,1
2423.92,8,383,0,1,1,1,0,2739.59,0,0
3103.64,18,352,0,0,0,0,3,2047.01,0,0
1490.06,10,834,0,0,0,0,3,1663.06,0,0
3819.86,22,159,1,1,4,0,8,1895.22,1,1
1463.05,13,1303,0,0,2,0,2,2075.97,0,0
711.67,18,1297,0,0,0,0,4,896.6,0,0
1625.81,17,1025,1,0,1,0,2,871.05,0,0
8790.37,3,25,1,1,4,2,8,3012.12,1,1
2593.04,12,171,0,0,1,0,4,1991.48,0,0
1702.23,8,837,0,0,0,0,4,1793.14,0,0
3710.96,20,34,1,1,3,0,6,2196.79,1,1
7774.25,10,92,1,1,4,1,6,1161.34,1,1
1564.14,20,744,0,0,0,0,4,1699.53,0,0
1818.52,8,1466,0,0,0,1,3,1907.81,0,0
2563.5,4,32,1,1,4,3,11,1487.3,1,1
1365.86,12,458,0,0,0,0,5,1479.3,0,0
3391.33,5,181,1,0,4,3,7,1787.22,1,1
7485.84,12,186,1,1,3,0,3,1557.24,0,1
7544.57,2,211,1,1,4,2,13,2355.48,1,1
5477.13,3,104,1,1,5,1,4,1739.95,1,1
2481.09,8,1120,0,0,1,0,0,1973.86,0,0
2035.0,10,1234,0,0,0,1,4,1812.94,0,0
2901.94,8,1099,1,0,0,0,4,3021.02,0,0
4343.04,2,17,0,1,2,1,10,3050.73,1,1
1737.19,10,394,0,0,0,1,4,2602.22,0,0
11673.51,5,121,1,1,4,1,6,1959.54,1,1
19265.73,7,39,1,1,3,6,14,1877.67,0,1
1342.84,14,817,0,0,1,2,3,1530.93,0,0
5093.03,23,34,1,1,5,9,5,1142.15,1,1
6035.95,13,221,0,1,3,2,7,2142.85,1,1
4423.12,20,171,1,1,1,2,9,2620.61,0,1
1623.22,19,963,0,0,1,0,0,1566.82,0,0
7482.75,2,235,1,1,5,2,12,710.03,0,1
7824.75,5,17,1,1,4,2,6,1780.41,1,1
10312.39,22,234,1,1,3,5,10,2054.35,1,1
3724.01,13,85,0,0,0,0,5,2006.28,0,0
8687.22,3,144,1,1,4,4,8,1180.69,1,1
1937.55,13,480,0,0,0,1,3,1849.67,0,0
1395.86,9,1254,0,0,0,0,2,2026.51,0,0
896.91,18,864,0,0,0,0,3,2022.94,0,0
1687.63,12,1013,1,0,1,1,3,944.05,0,0
8225.0,5,14,0,1,5,3,3,1402.38,0,1
1504.34,11,1202,0,0,0,0,2,1812.56,0,0
2075.02,18,1418,0,0,1,1,1,2517.8,0,0
1475.97,16,1136,0,0,0,1,4,3177.52,0,0
6216.39,0,53,1,0,5,6,9,1653.64,1,1
1909.22,17,1274,1,0,1,2,3,2992.12,0,0
3074.17,15,1341,0,0,0,2,3,1479.75,0,0
6683.96,4,169,1,1,1,1,2,1563.0,0,1
1770.29,12,496,0,0,0,0,6,1716.56,0,0
11888.27,1,14,1,1,4,3,11,1263.29,1,1
2181.84,10,602,0,0,0,1,3,2320.56,0,0
5831.45,15,106,1,0,3,4,7,2054.97,1,1
10262.92,2,78,1,1,5,2,5,1994.26,1,1
3457.83,20,157,1,1,5,2,7,1034.81,1,1
3690.55,1,147,1,1,3,7,6,2279.8,1,1
12759.6,1,118,1,1,3,1,10,1354.18,1,1
2442.29,3,228,1,1,4,4,12,2991.52,0,1
4428.57,22,1289,0,0,0,1,4,1787.56,0,0
1542.16,2,161,1,1,2,2,4,1756.31,1,1
1598.5,18,753,0,0,1,2,4,1752.18,1,0
2705.32,12,662,0,1,1,0,3,1959.95,1,0
3314.36,0,235,1,0,4,4,7,1921.08,0,1
4180.41,16,1170,0,0,0,0,1,1247.4,1,0
3920.05,14,853,1,0,0,0,2,2421.49,0,0
1968.02,22,849,1,0,0,1,6,2130.64,0,0
5330.79,19,134,0,0,0,1,3,1344.85,0,0
1184.5,13,234,0,0,0,0,5,1259.36,0,0
3387.34,3,62,1,1,5,0,8,2765.71,0,1
11561.61,1,52,0,0,3,2,13,1670.83,1,1
2582.79,16,532,0,0,0,0,6,2830.91,0,0
4181.83,17,68,0,1,1,1,2,1953.05,0,0
3953.69,0,113,1,0,3,2,9,1236.74,1,1
1777.65,3,247,1,1,5,3,11,1885.31,1,1
14593.21,3,133,0,1,2,2,5,2126.79,0,1
16289.7,2,203,1,1,5,2,6,2492.8,0,1
3947.83,17,755,0,0,0,1,1,2092.45,0,0
2257.42,8,1071,0,0,0,1,4,2790.45,0,0
3178.48,15,682,0,0,0,1,5,1378.33,0,0
4437.09,5,121,1,1,3,3,11,2464.56,1,1
3073.34,2,22,1,1,5,1,10,1401.07,1,1
7644.92,1,147,1,1,5,5,8,1570.85,0,1
7004.36,22,69,1,0,3,5,10,2695.42,1,1
1743.01,11,136,0,0,0,0,5,1229.67,0,0
4877.57,4,131,1,1,3,2,7,2804.24,1,1
1752.02,4,236,1,1,3,3,16,1658.0,1,1
3779.0,13,899,0,0,0,0,2,2039.56,0,0
9860.87,2,186,1,1,2,3,10,1869.83,0,1
1464.9,17,420,0,0,1,1,2,1333.52,0,0
12347.66,15,244,1,1,3,4,6,1616.75,1,1
1557.98,21,1063,0,0,1,0,4,1390.32,0,0
7478.48,0,15,1,1,3,3,5,2512.83,1,1
845.89,20,476,0,0,0,1,1,1750.72,0,0
5470.84,17,105,1,1,4,4,4,1293.79,1,1
5838.02,0,217,1,1,4,5,4,1292.8,1,1
2545.88,22,381,0,0,0,0,3,852.91,0,0
4350.95,5,244,1,1,5,3,4,1596.16,0,1
6040.88,1,18,1,1,5,5,9,1753.66,1,1
7426.03,5,197,0,1,4,2,9,1447.33,1,1
3433.24,13,26,0,1,4,5,6,1265.76,0,1
3321.63,8,418,0,0,0,0,1,1889.82,0,0
12033.32,19,84,1,1,3,3,16,1518.87,1,1
3855.29,22,40,0,1,5,2,5,1836.24,0,1
2183.92,16,55,1,1,1,4,12,1755.54,1,1
4958.52,1,36,1,1,3,3,7,1667.99,0,1
5985.79,10,65,1,1,4,7,6,1519.28,0,1
1840.61,8,1092,1,0,0,1,2,3138.61,0,0
6566.97,11,141,0,0,0,0,4,1756.73,0,0
1887.6,11,1331,0,0,0,1,1,2211.17,0,0
6451.96,3,234,1,1,3,6,9,4071.47,1,1
2786.33,8,556,0,0,2,0,1,1943.92,0,0
2892.78,16,580,0,0,0,1,1,1479.45,0,0
10199.64,1,101,1,1,2,5,8,1681.07,0,1
911.72,17,826,0,0,0,0,3,1715.21,0,0
2116.98,10,728,1,0,0,0,0,2198.28,0,0
12059.49,0,66,1,1,5,2,4,2475.55,1,1
2184.54,22,832,0,0,0,0,2,1968.3,0,0
2568.59,18,721,0,0,0,0,4,4168.38,0,0
5400.06,11,164,1,1,2,3,9,967.82,1,1
2099.08,18,174,0,0,0,1,7,1940.15,0,0
2017.52,16,182,0,0,0,1,1,1635.87,0,0
3364.74,13,1414,0,0,0,0,0,1982.7,1,0
7344.68,5,191,1,1,1,4,16,1929.19,1,1
1965.43,14,1232,0,0,0,0,1,1832.79,0,0
6037.75,17,1206,0,0,1,0,0,2219.38,0,0
4879.03,5,21,1,1,4,0,12,1459.42,1,1
3114.57,8,1164,0,0,0,1,0,1807.59,0,0
1426.24,12,85,0,1,1,0,4,3288.55,0,0
4222.66,1,174,1,1,3,4,10,1732.27,1,1
2080.76,19,358,0,0,1,1,2,2787.07,0,0
5384.23,1,48,1,1,2,3,5,1152.44,1,1
1115.16,13,692,0,0,0,1,3,1833.56,0,0
3575.91,14,112,0,0,0,1,5,2804.24,0,0
2503.64,21,424,0,0,0,0,1,2206.69,0,0
2609.5,10,824,0,1,0,2,6,1697.02,0,0
11382.85,4,179,1,1,3,4,6,5116.87,1,1
7142.81,0,193,1,1,3,1,6,1722.59,1,1
3824.74,3,143,1,0,4,3,9,1438.31,0,1
2408.95,21,737,0,0,0,0,5,1674.51,0,0
5108.51,10,99,1,0,3,2,10,2134.9,1,1
10145.79,4,121,0,1,5,1,8,2185.65,0,1
4798.91,0,58,1,1,3,5,5,1631.43,1,1
1207.8,13,1375,0,0,0,0,2,1505.65,0,0
4486.14,20,1212,0,0,0,1,3,2541.83,0,0
7714.23,3,240,0,1,4,2,6,1938.16,1,1
1659.37,0,35,0,1,3,2,12,2845.8,1,1
1508.51,9,1041,0,0,1,0,3,2918.54,0,0
1897.28,18,872,0,0,0,0,4,1549.91,0,0
2444.16,8,715,0,0,1,0,2,2175.7,0,0
6474.61,3,73,1,1,3,2,4,1017.88,0,1
2126.09,21,1287,0,0,0,1,2,1686.02,0,0
1062.7,11,365,1,0,0,0,2,1143.54,0,0
2917.87,14,842,0,0,0,2,3,3195.5,0,0
1588.05,16,765,1,0,1,2,7,2544.75,0,0
2256.2,2,73,1,1,3,2,9,2154.22,1,1
2285.55,18,77,0,0,0,1,2,2369.08,0,0
2570.19,20,933,0,0,0,0,3,1681.76,0,0
7925.89,0,28,0,1,5,2,12,2354.24,1,1
6760.45,7,158,1,1,3,4,9,3614.73,1,1
1030.24,20,1000,0,0,0,2,1,2704.23,0,0
1373.7,3,222,1,1,5,1,12,1744.41,1,1
4672.55,9,61,1,1,1,2,9,1744.39,1,1
1594.41,8,251,0,0,0,0,3,1868.56,0,0
7941.84,5,203,1,1,2,3,13,3092.02,0,1
6506.57,11,168,1,0,2,11,7,1820.61,1,1
6612.22,5,2,1,1,3,1,7,1748.95,1,1
7798.52,23,211,1,1,3,4,6,1775.73,1,1
937.51,9,766,1,0,1,0,6,1764.18,0,0
1418.61,16,188,0,0,0,1,3,3319.96,0,0
3047.36,5,101,1,1,3,4,9,1350.57,1,1
2861.94,8,265,0,0,0,0,1,2330.62,0,0
907.71,9,875,0,0,0,1,4,2540.58,0,0
1775.86,5,169,0,0,5,0,6,1128.39,0,1
11209.73,1,98,1,1,4,3,7,2066.75,0,1
11107.23,0,4,1,1,2,6,14,2145.35,1,1
3759.95,9,782,0,0,2,1,2,1472.51,0,0
1578.72,18,772,0,0,0,0,10,1884.47,0,0
11214.06,5,176,1,1,5,2,11,1785.25,0,1
9511.0,0,193,1,1,3,3,7,1245.38,1,1
1682.63,8,1248,0,1,0,0,2,1500.78,0,0
2132.33,18,729,0,0,0,0,3,1461.54,0,0
6626.5,0,164,1,1,3,2,8,966.63,1,1
1902.24,4,163,1,1,5,4,13,1547.0,1,1
2030.58,14,597,0,0,0,0,0,2197.72,0,0
3779.14,19,1358,0,0,0,1,6,1509.36,0,0
7339.74,1,190,1,1,2,3,9,1587.18,1,1
2279.45,17,113,1,1,4,2,6,2538.79,1,1
3417.07,4,140,1,1,1,2,9,1337.62,1,1
757.86,20,534,0,0,0,0,1,2907.47,0,0
1360.16,13,1359,0,0,1,0,2,1215.44,0,0
2217.17,19,672,0,0,0,0,5,2444.4,0,0
2334.45,16,239,0,0,1,0,5,3549.03,0,0
5669.75,5,66,1,1,5,2,10,4071.8,0,1
4722.72,18,1056,0,0,0,0,2,1635.12,0,0
3639.72,8,1118,0,0,0,0,4,1483.62,0,0
13522.85,2,112,1,1,3,1,14,2388.27,0,1
2715.47,21,1176,0,0,1,0,2,2190.51,0,0
14586.66,0,34,1,1,1,3,6,1182.0,0,1
2790.56,19,21,0,0,3,5,7,1553.88,1,1
1953.39,22,1444,0,0,2,0,2,2158.06,0,0
1402.88,17,268,0,0,0,0,1,1903.5,0,0
5197.3,8,199,1,1,3,1,4,1390.33,1,1
996.87,18,1130,0,1,1,0,6,2843.69,0,0
3384.55,3,220,1,1,5,3,9,2812.33,1,1
974.44,20,726,0,0,0,0,2,1454.11,0,0
2373.7,3,240,0,1,5,3,11,2238.79,0,1
3131.36,17,1235,0,0,0,1,2,1196.01,0,0
7232.29,9,56,0,1,2,8,6,2271.67,0,1
3769.08,0,77,1,0,4,7,11,1100.21,1,1
3665.22,1,28,1,1,1,4,5,2339.79,0,1
2485.32,15,1189,0,0,2,0,1,1931.82,0,0
5803.63,13,710,0,0,0,0,1,2014.41,1,0
2313.99,12,132,0,0,1,0,4,3405.82,0,0
4910.0,0,234,1,1,4,1,10,1258.05,1,1
19716.8,2,121,1,1,3,2,6,2580.96,1,1
6064.71,2,203,1,1,2,2,11,3235.11,0,1
6107.81,14,37,1,1,2,1,8,2229.05,1,1
2515.14,15,155,0,0,0,0,4,2610.85,0,0
5011.19,12,53,1,1,5,4,8,1361.72,1,1
1553.4,16,1084,1,0,0,0,3,3078.73,0,0
8366.89,1,54,0,1,2,1,7,885.73,1,1
2482.01,21,355,0,0,0,0,6,1273.74,0,0
1423.39,21,160,0,0,1,2,0,2234.38,0,0
9375.61,5,2,0,1,1,2,7,2223.38,1,1
1746.78,8,711,0,0,1,0,5,1765.41,0,0
6847.54,5,214,1,1,4,3,5,1846.06,1,1
31981.74,22,214,0,0,3,1,3,1768.43,0,1
7394.16,2,41,1,1,4,2,10,1539.35,1,1
3257.75,16,505,0,0,1,1,3,1001.57,0,0
4592.0,2,95,1,0,2,5,12,2354.65,1,1
12461.69,2,25,0,1,3,4,6,728.06,1,1
1101.02,14,1344,0,0,0,0,3,1747.45,0,0
5387.11,4,36,0,1,2,7,8,2296.64,0,1
3150.45,4,33,1,1,1,1,7,1877.95,1,1
1608.82,12,495,1,0,0,1,1,1508.96,0,0
2508.67,1,37,1,1,1,2,7,3086.53,1,1
4404.17,4,92,1,1,1,5,6,2249.65,0,1
1608.66,22,685,1,0,0,0,3,1408.5,0,0
5440.88,20,127,1,1,3,1,7,3107.46,1,1
1731.16,14,325,0,1,0,0,4,2772.49,0,0
2619.28,21,1482,0,0,1,1,5,1870.16,0,0
3282.41,19,862,0,0,0,0,3,1578.53,0,0
7890.32,18,13,1,1,3,4,11,1519.34,1,1
2300.34,8,394,0,0,0,0,3,1343.91,0,0
7218.22,5,16,0,1,2,2,11,1269.61,1,1
967.95,12,278,0,1,0,1,5,1121.81,0,0
958.76,20,332,0,0,0,0,0,3858.5,0,0
3005.35,8,199,1,1,5,3,10,2273.02,0,1
11553.6,13,125,1,1,3,5,9,1503.7,0,1
1627.4,10,1163,0,0,0,1,3,2487.35,0,0
3989.16,3,10,1,1,2,4,10,3331.94,1,1
2585.51,14,723,1,0,0,2,5,1870.74,0,0
3935.82,2,19,1,1,3,3,3,2079.1,1,1
7554.99,22,62,1,1,2,4,3,1492.97,1,1
3433.89,12,1235,0,0,0,0,4,1850.94,0,0
1745.78,21,239,0,0,0,1,3,1660.22,0,0
17226.92,5,145,1,1,4,5,2,1484.05,1,1
1582.03,14,524,0,0,1,1,7,1712.89,0,0
6758.89,1,5,1,1,4,3,6,1589.02,1,1
3989.07,5,100,1,1,1,4,9,1811.22,1,1
1551.73,15,1034,0,0,1,1,2,1932.85,0,0
2816.59,16,616,0,1,0,0,3,2193.23,0,0
1685.3,8,593,0,1,0,0,2,3560.32,0,0
2021.63,18,207,1,0,0,1,1,3255.44,0,0
2614.08,11,1170,1,0,0,1,3,1935.57,0,0
1902.12,21,143,0,0,0,0,1,2137.22,0,0
21657.76,6,13,0,1,3,1,11,2215.35,0,1
4098.6,17,423,0,0,0,0,5,1370.92,0,0
6770.89,17,56,1,1,1,3,4,2195.62,1,1
13906.21,5,13,1,1,3,1,11,1444.24,1,1
2700.54,3,191,1,1,3,3,8,1865.88,1,1
7510.81,7,42,0,1,5,8,6,1689.14,1,1
6862.7,8,45,1,1,4,4,2,1801.44,1,1
7233.34,0,99,1,1,3,5,7,921.21,0,1
1401.16,11,133,1,0,0,2,1,1888.17,0,0
3771.05,9,1181,0,0,0,1,4,1439.3,0,0
3636.0,19,27,1,1,2,4,8,1169.44,1,1
3014.75,5,158,1,1,5,1,8,946.44,1,1
1355.57,15,817,0,0,2,0,4,3010.87,0,0
1679.16,8,1429,0,0,0,1,4,2117.36,0,0
6280.76,3,89,1,1,3,3,10,1931.72,0,1
5236.31,1,126,0,1,4,0,10,2291.3,1,1
4421.78,3,131,1,0,2,4,7,1690.39,1,1
2973.16,9,747,0,0,0,0,3,1614.59,0,0
6209.05,0,103,1,1,5,6,8,1179.59,1,1
1559.7,10,873,0,0,1,1,3,1447.61,0,0
12605.77,17,78,1,0,4,1,9,1920.69,1,1
6457.12,16,59,1,1,4,4,7,1585.95,0,1
1768.0,16,406,0,0,0,0,4,1491.05,0,0
3704.98,2,195,1,1,3,6,10,1216.97,1,1
7798.17,1,199,1,0,1,4,8,2801.14,0,1
1689.06,19,1407,0,1,0,0,2,2413.25,0,0
3764.22,1,226,0,1,4,2,9,2103.26,0,1
3884.84,2,213,1,1,4,3,6,1598.07,1,1
2201.01,20,914,0,0,0,0,2,2585.92,0,0
4253.3,1,117,1,1,3,5,5,2396.75,1,1
5460.47,5,111,0,1,3,5,8,3236.31,1,1
4321.35,13,147,0,1,3,4,5,1860.93,0,1
905.89,15,120,0,0,0,0,3,2862.51,0,0
7525.28,1,150,0,1,2,6,6,4214.05,0,1
2732.91,13,1207,0,0,1,0,4,1292.1,0,0
5035.46,5,12,1,1,3,1,5,1544.16,0,1
1257.05,22,1258,0,0,1,2,2,1909.26,0,0
2634.67,20,142,0,0,0,0,3,1438.89,0,0
1293.55,16,81,0,0,2,0,2,1117.6,0,0
643.02,9,1225,1,0,2,0,5,1267.95,0,0
2539.8,11,720,1,0,1,2,1,1156.61,0,0
2098.82,16,1103,0,0,0,0,3,1506.39,0,0
935.21,12,327,1,0,0,0,5,2210.1,0,0
2097.03,22,597,0,0,1,0,3,1413.59,0,0
2709.41,3,157,1,1,2,4,5,1681.5,1,1
2168.37,15,829,1,0,0,0,3,1903.72,0,0
8044.4,1,184,1,1,2,2,9,1348.97,1,1
2970.07,1,155,1,1,5,2,9,2454.32,1,1
5320.19,10,136,1,1,3,3,7,1381.47,1,1
4763.33,6,246,1,0,1,4,5,2896.22,1,1
1793.36,3,21,1,1,3,3,2,1761.29,1,1
4420.09,6,200,1,1,3,1,2,2455.65,1,1
4132.64,5,100,0,1,2,3,5,2381.69,1,1
3508.74,5,86,0,1,3,1,5,2204.58,1,1
6308.19,2,245,0,1,5,3,11,3639.31,0,1
2290.83,17,639,0,0,0,0,2,1950.89,0,0
4114.9,5,24,1,1,5,0,10,2961.41,1,1
8229.25,0,158,1,1,3,3,5,1182.9,0,1
5009.81,1,150,1,0,3,0,11,1167.6,1,1
1626.21,9,546,1,0,0,1,2,3473.23,0,0
2742.7,2,8,1,0,5,0,13,1514.85,1,1
1292.8,17,230,1,1,3,2,8,1126.68,0,1
2867.59,2,172,1,1,5,2,8,1636.68,1,1
3787.53,20,310,0,0,0,1,7,1490.0,0,0
4595.56,3,123,1,1,5,4,10,1351.79,0,1
5072.58,12,608,0,0,1,0,4,691.09,0,0
3016.84,8,115,0,0,0,0,3,1696.61,1,0
5680.86,4,162,0,1,3,4,5,1212.28,0,1
4073.04,22,1257,0,0,1,0,4,1199.17,0,0
1578.28,22,600,0,0,0,0,1,1755.18,0,0
5751.35,2,112,1,1,4,3,10,1453.12,1,1
3292.42,15,644,0,0,0,0,0,1644.52,0,0
3780.38,15,721,0,0,0,1,0,2034.67,0,0
3126.03,0,15,1,0,3,1,5,2350.1,0,1
3891.73,21,146,1,0,3,4,5,2133.57,1,1
2733.03,9,1469,0,0,0,1,4,1969.1,0,0
1931.8,15,600,0,0,1,1,5,1705.56,0,0
1116.68,11,322,0,0,0,1,2,1413.46,0,0
8737.77,17,246,0,1,4,5,3,2767.19,1,1
2955.42,21,115,1,1,3,1,8,2385.2,1,1
9686.49,3,33,1,1,5,6,8,3301.2,0,1
15653.44,0,156,1,1,5,4,7,2068.33,1,1
1823.86,9,160,0,0,0,1,2,1787.24,0,0
1838.31,16,1411,0,0,0,1,1,1802.48,1,0
2823.23,21,162,0,0,0,3,4,1629.43,0,0
2282.85,11,1104,0,1,1,0,3,1800.62,0,0
8598.51,22,153,1,1,5,5,4,2630.26,1,1
5769.17,1,79,1,1,4,7,6,1387.36,1,1
4187.57,19,140,0,1,5,2,9,2915.52,1,1
9547.22,4,217,1,1,3,1,8,1895.38,0,1
11153.29,3,33,1,0,1,1,5,3785.48,0,1
6102.17,5,163,1,1,4,3,8,1610.16,1,1
2900.3,15,1220,0,0,0,2,3,1576.07,0,0
3561.53,4,151,1,1,3,3,3,2075.93,1,1
1228.1,0,162,0,0,3,1,8,1309.93,1,1
1561.55,17,276,1,0,1,1,4,2237.78,0,0
1643.31,10,1109,0,0,1,0,0,1193.92,0,0
1680.24,11,1254,0,0,0,0,3,1282.39,0,0
2089.0,10,1260,0,0,0,0,3,1377.24,0,0
1003.48,18,1097,0,0,0,1,1,2655.25,0,0
6156.55,5,201,0,1,3,0,9,2750.81,0,1
8436.21,1,206,0,0,3,1,9,1599.05,1,1
12124.8,20,43,1,1,2,4,11,1114.03,0,1
4723.48,3,150,1,1,4,2,15,1458.2,1,1
2217.19,21,878,0,0,1,2,2,2044.24,0,0
2796.73,2,178,1,1,4,5,9,4553.09,1,1
3003.45,0,93,0,1,3,3,8,2306.38,1,1
6319.71,3,192,1,1,3,6,9,1733.01,1,1
513.95,20,288,0,0,0,1,3,1469.41,0,0
1741.13,20,1383,0,0,0,0,4,2023.66,0,0
1982.96,19,670,0,0,0,0,8,1014.73,0,0
1958.8,11,153,0,0,0,3,2,2156.43,1,0
3685.66,1,150,1,1,3,2,8,3290.5,0,1
6552.38,5,156,0,1,5,7,13,2438.96,0,1
3168.64,20,754,0,0,0,0,3,2457.09,0,0
3421.56,0,129,0,1,3,4,10,3624.73,1,1
2494.05,4,112,1,1,2,3,10,1140.03,1,1
1071.92,9,1317,0,0,0,0,5,1896.95,0,0
2994.21,5,131,0,1,4,4,3,1379.92,1,1
3355.69,4,148,1,1,3,3,11,2079.09,0,1
3619.67,9,182,0,0,0,0,2,1507.22,0,0
1802.71,9,778,0,0,0,0,4,3622.31,0,0
1632.17,10,402,0,0,0,0,3,1570.87,0,0
2502.4,4,194,1,0,5,1,2,3329.31,0,1
1272.21,11,1468,0,0,0,1,2,2715.32,0,0
2260.65,17,1309,1,1,0,0,3,1002.77,0,0
13503.22,3,16,1,1,5,2,6,1066.45,1,1
2398.98,17,1410,0,0,0,0,4,1545.47,0,0
1098.82,4,163,1,1,4,1,5,2687.5,1,1
9790.03,1,244,1,1,2,2,12,1640.03,1,1
1323.12,9,1299,0,0,1,0,0,3608.03,0,0
8382.92,1,99,0,1,5,2,9,3587.17,1,1
15655.54,1,36,1,1,3,2,6,1899.12,0,1
4688.7,3,98,1,1,1,3,7,1237.24,1,1
4538.82,11,107,1,1,4,1,6,1196.48,1,1
9814.5,5,175,1,1,5,3,6,2965.14,1,1
6795.95,2,207,1,1,3,3,9,3128.91,1,1
1271.81,10,226,0,0,1,2,4,2550.74,0,0
2155.74,10,694,0,0,1,2,3,1619.43,0,0
1127.53,16,574,0,0,0,0,4,1188.12,0,0
3836.86,10,1463,0,0,0,0,2,1095.89,0,0
1021.77,16,1477,0,0,0,1,4,1482.78,0,0
2374.43,11,1395,1,0,0,0,2,1436.99,0,0
2450.27,10,1448,0,0,0,0,4,2978.45,0,0
7404.96,19,122,1,1,2,3,7,3627.94,0,1
4247.99,7,216,1,1,4,2,13,2078.77,1,1
4336.19,5,73,1,1,5,2,8,1352.46,1,1
9813.06,5,198,0,1,3,7,9,1944.65,1,1
1798.56,18,827,0,0,2,3,1,1406.6,0,0
1493.82,15,846,0,0,0,0,3,1281.34,0,0
3171.59,2,248,1,1,2,4,14,1391.3,1,1
2248.52,9,699,0,0,0,0,4,1043.33,0,0
12681.37,7,97,1,1,4,2,8,975.83,1,1
4355.01,0,144,1,1,5,0,8,1310.86,1,1
2964.14,13,245,1,0,3,2,7,1897.44,1,1
1550.82,9,767,0,0,0,0,5,2035.42,0,0
4833.03,4,174,1,1,4,3,7,2620.6,0,1
1902.28,17,833,1,0,0,0,3,1839.07,0,0
3061.29,0,190,0,1,3,2,11,2032.09,1,1
3978.47,12,80,1,0,0,1,5,2108.82,0,0
6733.41,2,185,1,1,3,4,5,3596.51,0,1
1342.4,18,871,0,1,1,0,3,2144.38,0,0
1226.82,18,1418,1,0,0,0,4,1032.93,0,0
543.26,13,1176,0,0,1,0,4,1953.23,0,0
3057.88,4,59,1,1,4,3,8,1799.79,1,1
4937.55,17,24,1,1,3,0,7,2183.31,1,1
1415.1,17,85,0,0,0,1,3,2158.85,0,0
2140.24,14,841,1,0,0,0,3,1693.64,0,0
2623.76,11,293,0,0,0,0,0,809.17,1,0
7739.5,12,163,0,1,4,5,5,3866.86,1,1
6455.87,1,80,1,1,2,1,10,1906.89,1,1
2113.9,19,920,0,0,1,0,3,1214.32,0,0
4291.14,16,860,0,0,0,1,4,3250.06,0,0
3344.84,15,146,0,0,0,2,1,2139.96,0,0
9945.11,3,171,1,1,1,4,4,1914.75,0,1
2418.02,14,288,0,0,0,0,2,1774.89,0,0
1579.81,18,1402,0,0,1,2,4,2973.14,0,0
1788.9,19,419,0,0,0,0,6,1349.18,1,0
2291.09,10,816,0,0,0,0,4,2453.6,0,0
4333.44,5,113,0,1,5,1,10,1869.7,1,1
1739.38,13,263,0,0,2,0,2,1583.6,0,0
5784.93,2,237,1,1,4,5,11,1567.46,1,1
1778.92,13,1149,0,0,0,0,3,918.84,0,0
4721.89,1,41,1,0,2,4,8,1619.23,0,1
1389.26,18,935,0,0,0,1,2,1592.17,0,0
14009.34,4,45,0,1,5,4,4,1509.28,1,1
1723.93,15,1301,0,0,1,0,3,1206.62,0,0
2875.76,18,738,1,0,0,0,1,2001.99,0,0
581.45,13,769,0,0,0,0,4,1822.3,0,0
8931.52,4,62,0,1,3,2,12,2016.06,1,1
1230.31,12,311,0,0,0,1,5,1706.98,0,0
2091.05,16,673,0,0,0,1,1,922.71,0,0
17266.41,0,29,1,1,5,0,5,1401.85,1,1
3955.46,9,91,0,0,0,0,2,1779.31,0,0
1386.12,16,1296,0,0,0,0,4,998.57,1,0
7465.68,7,6,1,1,1,2,10,1340.31,1,1
2318.88,17,1406,0,0,0,0,2,1256.03,0,0
3241.27,13,107,0,0,0,0,3,1946.08,0,0
875.28,17,1184,0,1,0,0,6,2808.98,0,0
2200.77,16,76,0,0,0,0,4,3845.07,0,0
4636.15,3,41,0,1,4,3,8,1306.17,1,1
2042.73,11,1133,0,0,0,0,2,1980.24,0,0
3631.05,11,910,0,0,0,0,2,1790.3,0,0
4865.59,11,162,1,1,5,2,11,1467.75,1,1
7213.36,3,117,1,1,3,2,9,1879.81,1,1
1017.95,9,811,0,0,1,3,6,1699.1,0,0
2893.02,9,1361,0,1,0,1,3,2088.76,1,0
3007.45,13,550,0,0,1,0,2,2003.14,0,0
2601.62,15,286,0,0,1,0,2,1298.16,0,0
8401.06,13,161,1,1,4,3,10,2361.43,1,1
1943.06,13,522,0,0,0,1,2,1775.86,0,0
5378.13,1,151,0,1,5,2,9,1236.02,0,1
1840.16,16,1430,0,0,0,0,1,816.39,0,0
1660.46,9,619,0,0,0,2,1,1512.06,0,0
9728.72,3,3,0,0,5,3,8,2147.32,1,1
8960.93,1,75,1,1,4,3,13,3092.35,1,1
2651.4,18,1011,0,0,0,1,1,1930.83,0,0
1885.11,12,1234,0,0,0,1,0,1701.62,0,0
1609.36,18,1465,1,0,1,1,3,3150.25,1,0
2929.82,16,1422,0,0,0,0,2,2046.75,0,0
2407.79,11,241,0,0,0,1,2,2410.25,0,0
6211.74,4,135,1,1,2,3,7,3496.12,1,1
2141.02,17,193,0,0,0,1,4,1595.43,0,0
2260.61,23,161,0,0,3,5,10,2243.14,1,1
2853.22,8,25,0,1,4,3,12,1417.76,1,1
1564.96,21,69,0,0,0,0,4,2281.43,0,0
825.54,12,886,0,0,1,0,3,1541.81,0,0
1640.55,14,305,0,0,0,0,3,1926.86,0,0
2690.49,11,495,0,0,0,0,4,2140.6,0,0
11448.56,21,53,1,0,4,2,3,1538.07,1,1
1383.97,10,904,0,0,0,1,1,2655.77,1,0
6739.33,5,158,1,1,3,4,3,2897.71,1,1
1174.4,11,654,0,0,1,2,2,1415.01,0,0
5880.72,8,205,1,1,4,3,7,1114.21,1,1
7446.39,3,1,1,1,3,4,8,2254.96,1,1
3047.14,9,1476,0,0,0,0,2,1686.0,0,0
2115.04,11,592,0,0,2,0,1,1823.54,0,0
1618.59,18,532,0,0,0,0,3,2162.36,0,0
2799.66,14,865,0,0,1,0,3,1650.37,0,0
11484.23,5,126,0,1,3,3,7,3562.35,1,1
7225.23,3,93,1,1,5,7,6,3889.31,0,1
7403.92,21,66,1,0,4,3,10,1380.89,1,1
1770.13,10,827,0,0,0,1,3,2632.93,0,0
1495.33,21,298,0,0,0,0,4,2254.36,0,0
1694.3,18,820,0,0,0,0,4,1126.94,0,0
1958.21,9,115,0,0,0,0,5,2394.56,0,0
4673.64,5,108,1,1,3,4,5,1646.04,1,1
2721.41,19,457,1,0,2,0,6,1545.04,0,0
7441.83,3,185,1,1,3,4,9,2128.88,1,1
1847.07,13,412,0,1,1,0,3,1503.21,0,0
1934.52,9,567,0,0,0,1,2,1278.32,0,0
2337.46,20,713,0,0,1,0,4,1430.31,0,0
2587.64,18,1326,0,1,0,1,4,1584.54,1,0
10514.56,5,182,1,1,5,5,7,2022.8,1,1
3138.1,13,1478,0,0,0,0,4,1744.2,0,0
3400.19,8,1441,0,1,0,2,2,1352.67,0,0
8336.25,19,10,1,0,4,0,5,876.16,0,1
1774.98,11,239,0,0,1,0,2,1486.37,0,0
5674.99,9,154,1,1,5,3,10,2631.29,1,1
11890.34,4,59,0,1,4,3,12,2599.62,1,1
4232.52,4,247,1,1,3,7,7,2926.91,0,1
4126.06,1,195,1,1,4,2,5,3010.23,1,1
2587.45,14,163,1,1,1,3,9,984.3,1,1
11077.91,5,168,0,1,2,2,16,2815.49,1,1
4592.25,16,152,1,1,5,5,5,2043.27,0,1
2221.95,11,1003,0,0,2,1,2,2320.26,0,0
4116.84,1,179,1,1,3,4,9,2660.13,1,1
5952.18,3,44,1,1,2,7,9,1623.9,1,1
6174.16,0,62,1,1,5,2,10,2642.58,0,1
12505.52,3,128,1,1,4,4,7,3620.89,1,1
1891.44,8,310,0,0,0,1,2,2366.5,0,0
1739.97,11,1390,0,0,0,2,3,1258.33,0,0
3891.96,22,1100,0,0,0,0,0,2325.83,1,0
1090.31,21,502,0,0,0,1,0,1065.35,0,0
1113.42,10,1380,1,0,0,1,4,1390.8,0,0
1897.98,10,154,1,1,4,0,9,1651.15,1,1
1882.7,15,857,0,0,0,2,3,1503.77,0,0
7885.58,1,117,0,1,4,3,8,2419.4,1,1
2189.49,21,139,0,0,0,0,2,1325.48,0,0
897.81,14,356,0,0,1,0,3,1235.0,0,0
6962.96,21,96,1,1,4,3,7,2028.53,1,1
3414.93,22,1303,0,0,0,3,4,1373.7,0,0
5259.87,5,71,1,1,2,3,9,2867.46,1,1
8490.46,0,90,1,1,4,4,14,2173.09,0,1
8516.66,12,156,1,1,2,3,7,556.85,1,1
1875.74,16,54,0,1,3,2,12,1554.03,0,1
8659.4,10,148,1,1,1,4,4,1410.37,1,1
1372.32,8,1404,0,0,0,0,2,1340.03,0,0
1180.46,21,292,0,0,0,0,4,1593.25,0,0
3511.83,3,61,0,1,2,2,10,894.46,1,1
1833.28,16,983,1,0,0,0,2,2202.3,0,0
4040.64,4,65,1,1,4,5,4,1517.93,1,1
6153.27,15,962,1,0,0,0,1,1341.57,1,0
1420.82,19,401,0,0,0,1,3,2297.87,0,0
2221.85,17,225,1,1,5,2,5,1716.38,1,1
1897.62,8,121,0,0,0,0,2,3059.84,0,0
2572.99,16,69,0,0,0,1,2,1515.0,0,0
1686.58,20,247,0,0,0,0,4,2235.52,0,0
2997.5,19,53,1,0,1,1,10,1988.92,0,1
4925.52,2,133,1,1,4,2,6,1325.21,1,1
4752.69,23,45,1,0,5,1,7,1663.22,1,1
2904.84,21,1228,0,0,0,0,3,1754.24,0,0
2322.66,13,1481,0,0,0,0,2,1359.96,0,0
3149.83,3,239,1,1,3,4,10,2227.65,1,1
8217.2,5,154,1,1,3,3,8,1434.24,0,1
2062.99,10,665,0,0,0,0,4,1333.03,0,0
10786.87,0,91,1,1,3,0,3,1447.62,1,1
4968.39,1,68,1,1,2,3,8,2120.41,1,1
1305.51,22,82,0,0,0,2,2,2022.33,0,0
2921.98,0,92,1,1,3,4,6,1660.95,1,1
2160.67,7,11,1,1,5,2,6,1763.3,1,1
4663.51,4,67,1,1,3,4,3,1118.16,1,1
3006.33,13,109,0,0,0,0,1,1854.68,0,0
785.4,20,417,0,0,1,1,1,2157.75,0,0
8517.71,14,131,1,1,3,2,6,1865.11,0,1
3788.27,0,91,0,1,5,4,8,1671.64,0,1
1501.05,20,1460,0,0,1,1,1,2099.39,0,0
1836.83,20,925,0,0,0,0,3,1635.56,0,0
1854.05,14,1231,0,0,0,1,3,2203.62,0,0
693.25,10,1057,0,0,1,0,2,1553.74,1,0
5121.45,20,86,0,1,3,4,6,1729.38,1,1
5964.41,8,47,1,1,5,3,5,907.96,1,1
1801.51,18,990,0,0,0,0,1,3178.96,0,0
2565.76,21,1119,0,0,1,0,4,1205.35,0,0
2460.27,11,276,0,0,0,0,2,2064.14,0,0
5770.78,3,128,1,0,2,3,10,2623.08,1,1
6782.71,12,121,1,1,4,3,17,1991.8,0,1
10087.04,0,41,0,1,5,4,4,1132.3,0,1
5144.19,7,59,1,0,3,6,8,723.38,0,1
1698.5,18,764,0,0,1,0,3,1462.72,0,0
2668.53,13,512,0,0,2,2,5,1019.88,0,0
2808.86,18,1410,1,0,1,0,4,1902.83,0,0
3101.82,11,860,0,0,0,1,4,2677.92,0,0
8643.88,2,86,1,1,3,2,3,3049.15,0,1
1864.69,14,887,0,0,0,0,5,1876.5,0,0
6056.75,21,123,0,1,3,2,8,1510.13,1,1
1223.47,13,180,0,0,0,0,4,1026.8,0,0
1957.19,21,80,0,0,1,0,2,3176.62,0,0
33040.23,5,248,1,1,3,3,12,2512.41,1,1
2956.34,5,86,0,1,3,5,6,945.84,1,1
3774.46,22,926,0,0,0,1,3,1846.03,0,0
3930.42,8,1075,0,0,1,2,2,2578.48,0,0
7673.41,1,184,1,0,2,5,9,1887.35,1,1
5465.52,10,167,1,1,1,3,12,1005.08,1,1
12440.84,2,120,1,1,2,2,8,1701.63,1,1
4413.02,1,246,1,0,3,4,9,1842.12,1,1
1620.01,4,195,1,1,4,4,4,3003.61,1,1
3603.71,5,129,1,0,2,4,9,2473.86,1,1
2638.78,14,262,0,0,1,2,4,1111.59,0,0
8582.09,5,48,1,1,5,1,9,1933.09,1,1
2782.2,9,1490,0,0,0,0,7,1486.12,0,0
4087.89,12,580,1,0,0,2,3,1929.83,1,0
3288.38,8,1299,0,0,0,1,1,1734.77,0,0
3237.82,0,78,1,1,5,2,12,3114.65,1,1
2495.09,11,123,0,0,0,0,7,2484.16,0,0
1995.0,13,1258,0,0,0,1,1,1435.74,0,0
531.92,17,164,0,0,0,0,3,804.87,0,0
4046.35,14,166,1,1,3,3,10,2524.15,1,1
5005.01,22,161,1,1,5,3,6,2064.76,1,1
3792.83,21,77,1,1,2,5,13,1847.58,1,1
7234.9,4,85,0,1,3,3,8,2383.02,1,1
1947.14,12,676,0,0,0,0,2,1813.94,0,0
8638.16,6,78,1,1,4,1,7,1755.84,0,1
4238.52,8,174,1,1,5,5,6,1114.26,1,1
1491.67,9,216,0,0,0,1,7,1553.35,0,0
7352.71,3,59,1,1,3,2,8,2038.29,0,1
1610.87,14,857,0,0,0,0,1,1348.79,0,0
1373.97,8,990,0,0,0,0,3,1173.24,0,0
5726.24,5,107,0,1,5,3,12,1730.15,1,1
2703.37,11,1009,0,0,0,2,2,4525.38,0,0
1775.53,12,1386,0,1,0,1,0,1731.24,0,0
6270.58,21,440,0,0,0,2,4,1908.44,0,0
1971.16,9,1320,1,1,0,1,6,1082.53,0,0
8108.52,18,214,1,1,1,7,8,2840.29,0,1
2016.31,18,360,0,0,1,2,3,1291.37,0,0
2166.55,14,850,1,1,0,0,0,1532.6,0,0
5869.05,3,178,1,1,3,2,6,2672.13,1,1
3120.57,0,236,1,1,5,1,13,1956.58,0,1
2416.18,21,511,0,0,0,0,3,879.84,0,0
4021.97,11,164,1,1,5,1,9,1141.05,0,1
3620.33,2,19,0,1,4,3,9,1985.18,0,1
8767.75,19,235,1,1,2,3,4,1910.68,1,1
2613.75,12,1262,0,0,0,1,2,1660.9,0,0
1009.68,17,1207,0,0,2,0,3,3172.99,0,0
1168.55,19,462,0,0,0,0,4,3377.63,0,0
6050.19,16,1191,0,0,0,0,2,2648.97,0,0
1335.97,18,664,0,0,2,0,3,2289.98,0,0
2424.37,20,248,0,1,3,1,6,2243.12,1,1
6235.55,15,1176,0,0,0,2,1,3001.38,0,0
2525.26,13,483,0,0,2,0,2,2117.19,0,0
1678.53,21,330,0,1,0,1,3,4389.31,0,0
1499.42,21,674,0,0,0,1,5,1828.38,0,0
4106.18,3,217,0,1,5,4,9,1755.85,1,1
2388.7,16,559,0,0,1,1,5,1976.12,0,0
3034.25,17,746,0,0,0,1,5,1621.84,0,0
3407.68,12,15,0,1,3,2,12,1702.82,1,1
2735.51,22,1120,0,0,1,2,3,1401.97,0,0
6442.25,5,221,0,1,4,2,3,2592.11,1,1
1283.47,22,324,0,0,0,1,1,1916.68,0,0
7736.03,3,165,1,1,4,1,8,2381.22,1,1
4995.05,1,15,1,0,1,4,3,1572.94,0,1
2328.51,16,860,0,0,0,1,3,2255.38,0,0
1822.43,20,770,0,0,0,0,1,1993.64,0,0
1946.37,10,1491,0,0,0,0,4,2996.62,0,0
7054.91,2,216,1,1,2,6,10,2415.33,1,1
16352.14,2,243,1,1,4,4,12,1908.17,1,1
5678.9,3,223,1,1,4,2,3,2211.08,1,1
3346.24,8,463,0,0,0,1,2,1838.95,0,0
1103.79,11,1439,0,0,0,2,6,2926.48,0,0
6860.42,0,43,1,1,2,1,7,2537.36,1,1
1695.35,17,242,0,0,0,1,4,1547.51,0,0
4486.05,5,108,0,1,4,3,9,1637.3,1,1
1768.61,5,92,1,0,4,4,2,1779.38,1,1
2324.84,21,678,0,0,0,0,2,2654.46,0,0
4306.2,10,8,1,1,5,4,13,3290.14,0,1
1613.35,19,1102,0,0,1,0,1,3071.86,0,0
1445.87,15,79,0,0,0,0,5,2059.43,0,0
9584.39,1,133,1,1,2,5,7,2532.99,1,1
3306.39,11,68,1,1,4,4,7,2136.17,0,1
2004.72,8,386,0,0,0,1,2,2034.97,0,0
2094.4,15,144,0,0,1,1,3,1920.75,0,0
4383.1,12,58,1,1,4,3,4,805.81,0,1
2192.67,14,503,0,0,0,1,3,1720.44,0,0
8647.93,7,102,1,1,5,1,6,2961.38,0,1
3992.33,12,568,0,0,0,0,1,1523.09,1,0
3085.35,12,1257,0,0,0,0,3,1013.21,0,0
5904.22,20,102,1,1,3,5,9,1490.93,1,1
9461.93,22,137,1,1,5,6,8,1324.22,0,1
6737.69,2,147,1,1,2,1,15,2207.39,1,1
3455.66,5,249,1,1,2,5,3,1662.9,1,1
10770.55,1,49,1,1,5,3,8,2888.84,1,1
1285.45,9,1408,0,0,0,0,2,3830.48,0,0
1900.87,2,165,0,0,3,3,9,2361.26,0,1
1265.2,14,273,1,0,0,0,2,1370.53,0,0
7613.9,21,193,1,1,5,2,7,1815.67,1,1
5814.79,5,184,1,1,5,2,8,1845.55,0,1
1423.98,13,381,1,1,0,1,3,1748.24,0,0
1354.41,10,832,0,0,1,1,2,2452.54,0,0
2719.37,3,238,1,1,5,2,7,1756.75,1,1
2138.38,8,1004,0,0,0,0,1,3219.7,0,0
1851.46,18,1222,0,0,0,0,0,1450.97,0,0
7510.37,3,112,0,1,5,5,7,2495.61,1,1
5467.97,4,29,0,1,2,6,8,1205.25,1,1
1871.82,15,694,0,0,0,1,3,1054.44,0,0
2987.66,18,48,1,1,4,2,4,881.38,1,1
3815.57,7,246,1,0,2,1,8,2661.96,1,1
1577.47,20,1038,0,0,0,0,3,1514.19,0,0
1124.07,14,550,0,0,0,0,2,876.2,0,0
1816.83,18,95,0,0,1,2,4,1110.15,0,0
1537.48,19,639,0,0,0,0,3,1454.51,0,0
5104.27,0,95,0,1,3,4,5,3842.37,1,1
4064.5,9,1018,0,0,0,1,2,2173.27,0,0
2132.92,13,855,1,0,1,0,4,2179.42,0,0
4703.32,16,463,0,0,0,0,1,2508.16,0,0
9367.74,7,114,1,1,1,3,3,1986.33,0,1
1693.85,15,437,0,0,0,1,4,1369.0,0,0
5798.39,15,187,0,0,0,0,3,1615.24,0,0
6910.18,10,896,0,0,0,0,3,2820.21,0,0
3515.18,20,243,1,1,3,2,9,1738.58,0,1
869.2,19,102,0,0,0,1,3,1767.5,0,0
6872.94,3,49,0,1,5,2,8,1435.56,1,1
1789.67,11,1280,0,0,1,0,4,2172.46,0,0
741.29,21,422,0,0,1,0,5,1715.38,0,0
4735.51,12,23,0,1,5,6,9,1631.16,1,1
9713.41,0,173,1,1,5,3,9,1406.27,0,1
1926.53,12,993,0,0,0,0,3,1444.02,0,0
4884.84,5,22,0,1,2,5,3,1073.05,0,1
5806.8,5,154,1,1,4,4,7,2155.95,1,1
1720.84,17,1277,0,0,2,1,6,2016.23,0,0
1615.14,13,148,0,0,0,0,2,1115.07,0,0
892.48,11,691,0,0,0,0,3,2842.97,0,0
7319.78,1,169,1,1,5,4,8,1950.79,0,1
3978.24,3,172,1,1,4,7,6,1362.87,1,1
1542.27,8,1061,0,0,1,1,2,2388.35,0,0
3487.72,13,971,0,0,1,0,3,1460.69,0,0
12779.61,4,26,1,1,2,3,6,1910.84,1,1
2222.3,14,500,0,0,0,1,4,2795.07,1,0
3167.78,15,441,1,0,0,0,3,2772.44,0,0
4693.08,0,144,1,1,5,6,4,934.67,1,1
1944.45,15,353,0,0,0,0,2,1876.39,0,0
5511.29,4,235,1,1,4,6,2,2301.72,1,1
1762.31,10,1274,0,0,0,0,5,1458.73,0,0
6951.44,1,108,0,1,3,4,8,1698.22,1,1
5097.09,3,228,1,1,2,5,5,1951.74,1,1
17746.76,5,245,1,1,4,6,10,1178.86,1,1
28054.31,1,185,1,1,4,3,9,1661.11,1,1
3012.7,20,1052,1,0,0,1,4,2307.83,0,0
7438.79,21,247,0,0,3,4,8,1130.6,0,1
2433.04,9,1156,0,0,1,0,2,2517.74,0,0
3515.06,18,1210,0,0,0,1,1,2501.85,0,0
1134.0,18,206,0,0,0,0,5,2610.45,0,0
6964.07,3,230,1,1,5,4,13,2610.55,1,1
1770.89,13,1290,0,0,0,2,2,2572.05,0,0
3028.77,1,133,1,1,3,4,10,1555.22,1,1
2229.9,9,1059,0,0,0,0,3,2340.63,0,0
1318.02,16,140,0,0,2,0,1,2165.67,0,0
6366.89,2,99,0,1,3,0,7,1430.94,1,1
5278.35,3,190,1,1,5,3,6,1773.66,1,1
3422.12,22,813,0,0,0,0,4,1214.08,0,0
5057.55,3,89,0,0,4,1,8,1940.63,1,1
2116.85,10,352,0,0,0,0,3,993.76,0,0
8675.05,0,39,1,1,1,3,13,3370.11,1,1
11977.17,6,38,1,1,4,4,12,2587.94,1,1
2199.41,16,1110,0,0,0,1,2,2831.27,0,0
3843.57,4,3,0,1,4,3,9,1851.17,1,1
1200.54,8,385,0,0,0,0,1,2572.94,0,0
1804.59,15,318,0,0,0,3,3,1784.14,0,0
1344.88,21,1081,0,1,0,0,1,2708.57,0,0
2231.77,8,479,0,0,0,0,2,2668.84,0,0
4853.96,0,20,1,1,4,2,11,1747.09,1,1
4831.04,5,147,1,1,4,3,10,1205.3,1,1
4409.29,4,223,0,1,2,2,7,2833.47,1,1
2358.94,15,1003,0,0,0,0,2,2711.94,0,0
2016.28,12,150,0,0,0,0,3,1618.81,0,0
6084.46,14,223,1,1,5,3,7,2468.81,0,1
1665.37,11,984,0,0,1,1,3,2365.7,0,0
5927.2,2,234,1,1,5,6,12,1144.54,1,1
6309.04,1,31,0,1,5,5,9,1229.74,0,1
17141.12,2,200,1,1,3,2,9,1302.78,0,1
3277.01,14,1215,0,0,0,2,2,1486.72,0,0
1061.97,11,780,0,0,0,0,2,1742.54,0,0
1675.41,13,945,0,1,0,1,3,2242.06,0,0
2563.65,19,1213,1,0,0,1,2,1018.05,0,0
2040.32,9,844,0,0,0,1,1,2714.7,0,0
3489.92,18,1236,0,0,0,0,6,1723.67,0,0
4178.22,10,82,0,0,5,2,4,1286.65,1,1
783.65,14,307,0,0,0,0,3,1855.86,1,0
7735.85,0,106,1,0,3,1,8,2085.16,1,1
928.67,19,837,0,1,0,0,5,2663.23,0,0
8210.58,14,220,0,1,2,4,7,1284.72,0,1
1799.61,17,197,0,1,0,1,3,1133.29,0,0
1346.45,9,110,0,0,0,1,1,1194.55,0,0
1294.58,21,1014,0,1,0,1,3,1931.23,0,0
2779.49,21,1025,0,0,1,1,3,1223.04,0,0
1242.49,10,958,0,0,0,1,3,1530.57,0,0
3692.39,2,174,1,1,3,2,11,1834.65,1,1
2283.13,16,859,0,0,0,0,4,2399.35,0,0
4564.92,21,643,0,0,0,1,3,1185.57,0,0
4403.51,2,166,1,1,3,3,8,1709.47,0,1
1709.97,11,178,0,0,0,1,3,1406.1,0,0
6548.2,8,49,1,1,4,1,5,1464.91,0,1
4373.05,5,168,1,1,1,4,8,2617.56,0,1
1747.53,16,1483,0,1,2,0,6,870.41,0,0
1105.65,8,566,0,0,0,3,3,2745.35,0,0
2409.35,8,814,0,0,0,0,4,1365.74,0,0
2396.66,1,51,1,1,3,3,5,1349.04,1,1
10875.93,4,38,1,1,4,3,4,2543.84,0,1
657.64,13,207,1,0,0,0,3,1211.77,0,0
2044.46,8,138,1,0,0,0,1,3417.81,0,0
10295.26,5,24,0,1,3,1,10,2454.55,1,1
1855.36,21,1093,0,0,0,0,0,3325.38,0,0
1221.41,20,1051,0,0,1,1,4,2253.32,0,0
1361.96,17,955,0,0,0,1,5,870.51,0,0
3054.87,12,952,0,0,0,1,4,1049.26,0,0
1116.59,11,89,0,0,0,0,4,2632.96,0,0
11206.6,3,157,1,1,2,5,6,1591.8,0,1
2029.01,14,1243,0,0,0,0,4,1592.33,0,0
7465.32,4,12,1,1,4,3,7,2640.25,1,1
4634.28,23,186,1,1,3,1,3,1503.06,1,1
2211.9,12,305,0,0,0,1,3,2357.47,0,0
3134.53,0,118,1,1,5,6,3,1380.43,1,1
1534.16,15,837,0,0,0,0,3,2373.48,0,0
2004.61,16,627,0,0,1,1,5,1804.24,0,0
5456.0,4,25,0,1,2,2,12,2265.5,1,1
1410.19,10,196,0,0,1,1,2,2034.83,0,0
4416.09,0,228,1,1,1,2,11,1009.16,0,1
1272.93,11,1233,0,0,2,2,3,1142.25,0,0
24476.61,1,40,1,1,4,2,8,1891.36,1,1
2603.36,12,1066,0,0,1,1,2,1498.85,0,0
8589.33,2,31,1,1,5,0,4,2218.49,1,1
1800.19,14,145,0,0,1,1,3,3238.55,0,0
3049.99,20,188,1,1,5,5,13,2479.16,1,1
3132.77,20,400,0,0,0,2,4,2477.44,1,0
4098.66,4,34,1,0,2,2,8,905.81,1,1
5405.79,15,1285,0,0,1,1,4,1162.86,0,0
9079.52,1,97,1,0,3,6,12,1382.92,1,1
2143.55,9,145,0,0,0,0,6,1032.42,1,0
2183.51,18,811,0,0,0,1,6,2550.89,0,0
2283.64,8,444,0,0,0,1,1,1324.49,0,0
2611.14,22,66,0,0,0,0,1,1932.4,0,0
15411.52,3,77,1,1,1,1,7,1991.88,0,1
4424.38,4,103,1,1,4,3,10,2090.81,1,1
11204.24,5,81,1,1,3,0,9,1930.5,1,1
2024.34,21,463,0,0,0,1,3,1030.78,0,0
6018.09,4,30,1,1,4,3,10,978.56,0,1
1724.43,20,1448,0,0,1,2,2,2699.44,0,0
10900.95,2,22,1,0,3,2,8,1643.49,1,1
1088.9,22,945,0,0,0,0,4,1676.68,0,0
10739.4,10,113,1,0,2,3,11,1019.73,1,1
2604.71,10,1164,1,0,1,1,7,1717.39,0,0
1663.56,12,142,0,1,0,0,3,806.15,0,0
7108.37,12,141,1,1,4,3,9,2487.33,1,1
11591.42,21,161,1,1,5,0,3,1835.05,1,1
959.58,22,538,0,0,0,0,2,1593.11,0,0
1963.02,13,144,0,0,0,0,3,1220.53,0,0
2723.13,21,1109,0,0,0,0,3,1266.92,0,0
2105.73,19,792,0,0,0,0,2,2512.46,0,0
2857.87,13,1179,0,0,0,1,6,1406.78,0,0
4952.62,2,43,1,1,3,4,2,1412.48,1,1
2856.63,2,126,0,1,4,5,6,1454.84,0,1
5679.05,0,203,1,1,4,2,5,1508.05,1,1
1501.0,22,1420,1,1,0,0,5,1414.7,0,0
2698.5,5,49,1,1,1,0,8,1116.83,1,1
3029.77,15,39,1,1,4,1,13,1730.83,1,1
2132.97,1,227,1,1,4,2,5,2366.06,1,1
1552.97,17,1047,0,0,0,1,1,621.54,0,0
8444.13,17,141,1,1,4,2,6,2856.77,1,1
2260.84,16,1441,0,0,0,1,5,2672.75,0,0
2698.1,18,1286,0,0,0,0,3,1102.2,0,0
882.18,0,172,1,1,5,2,6,2128.58,0,1
5279.52,12,124,1,1,4,3,6,2622.84,1,1
11758.62,4,2,1,1,5,1,10,1871.01,1,1
1202.7,11,1424,0,0,0,1,3,1278.79,0,0
14461.6,13,76,1,1,4,1,12,2767.91,0,1
3352.4,5,166,1,1,4,4,7,1650.9,1,1
2740.9,15,111,0,0,0,1,2,1825.22,0,0
2449.6,16,1132,0,0,0,1,2,2615.92,0,0
6367.2,12,1341,0,0,0,1,5,1466.6,0,0
2207.1,22,677,0,0,0,0,1,2850.7,0,0
1523.22,22,976,0,0,0,0,3,1600.86,0,0
2825.94,18,831,0,1,0,1,5,1796.46,0,0
5475.26,0,6,1,1,5,6,8,3054.76,1,1
5110.35,17,125,0,0,0,0,3,1514.41,0,0
1597.57,12,355,0,0,0,0,2,3850.38,0,0
2758.6,18,910,0,0,0,0,3,2481.28,0,0
1183.94,0,67,1,1,5,2,5,1605.13,1,1
2968.62,2,242,1,1,1,2,15,2458.45,1,1
1800.43,12,352,0,0,0,0,3,2654.84,0,0
5928.43,3,76,0,1,4,3,2,966.11,1,1
1363.58,10,1482,0,0,0,1,2,2006.21,0,0
2346.79,18,1431,0,0,0,0,5,1511.76,0,0
989.13,11,1377,0,0,0,0,3,1656.84,0,0
5525.88,3,83,1,1,3,3,4,1972.9,0,1
3587.06,1,199,1,1,2,3,5,2662.08,1,1
6138.8,8,468,0,0,1,1,2,1565.54,0,0
1069.05,15,1052,0,0,0,1,2,1471.69,0,0
11126.85,4,48,1,1,3,9,11,1202.75,0,1
10084.28,1,224,1,1,1,2,9,2679.49,0,1
3313.95,2,237,0,1,2,3,9,1434.96,1,1
4483.01,0,232,0,0,3,3,5,3618.82,1,1
4308.26,4,121,1,1,5,1,4,3226.84,1,1
2418.17,22,1352,0,0,0,0,3,1076.11,0,0
4647.63,4,41,1,1,5,4,6,2072.22,1,1
3545.25,2,195,0,1,3,1,12,1125.2,1,1
5412.91,20,1193,1,0,0,0,2,715.32,0,0
1997.84,9,1093,0,0,0,0,2,1569.27,0,0
1139.79,13,1234,0,1,1,0,6,1651.88,0,0
6480.33,0,119,1,1,5,1,4,2753.03,1,1
1305.24,20,1016,0,0,0,1,4,1515.2,0,0
4786.81,4,152,0,1,3,8,11,2510.63,0,1
2630.25,19,1363,0,0,0,2,3,1104.27,0,0
15464.65,3,83,0,1,3,4,5,1880.61,1,1
1647.82,17,1347,0,0,0,0,2,1749.44,0,0
4186.51,1,157,1,1,5,3,7,1606.6,0,1
2198.71,11,1014,0,0,1,0,5,2684.31,0,0
4343.22,4,143,1,1,4,1,10,1738.03,1,1
1799.98,12,590,0,0,0,1,2,1992.45,0,0
2079.02,22,303,0,0,0,0,2,1339.62,0,0
1758.47,8,108,0,0,0,0,3,2646.46,0,0
4367.23,9,201,1,0,3,3,9,1909.93,1,1
4097.49,1,16,1,0,3,5,6,1655.54,1,1
4904.5,1,246,0,1,5,4,9,1696.39,1,1
730.48,22,258,0,0,0,0,5,2032.96,0,0
1532.76,14,72,0,0,1,0,2,1545.45,0,0
3417.45,21,1355,0,0,1,0,5,1481.44,0,0
1318.34,12,1273,0,0,0,0,3,1730.35,0,0
3118.74,2,182,1,1,3,4,0,1722.91,0,1
3222.6,17,922,0,0,2,0,1,1781.25,0,0
12851.71,7,125,1,1,4,3,10,2234.07,1,1
3840.12,5,119,1,1,2,4,9,874.85,1,1
6935.02,18,128,1,1,5,5,7,3662.89,1,1
4530.59,4,162,1,1,3,4,6,1724.38,1,1
1645.27,18,857,0,0,0,0,1,2259.81,0,0
4160.65,22,118,0,1,5,1,4,1216.64,1,1
5301.17,5,158,1,1,1,2,11,3243.76,1,1
2679.79,17,1041,0,0,0,1,1,1920.82,1,0
2178.01,10,858,0,0,0,1,3,2111.83,0,0
1451.57,9,918,0,0,0,1,3,2658.73,0,0
12600.3,4,171,1,1,4,4,7,2355.2,1,1
6952.01,16,189,1,0,5,4,7,1421.73,0,1
4158.03,19,284,1,0,1,0,0,1776.99,1,0
3081.96,21,556,0,0,0,0,1,1560.25,0,0
8093.01,5,48,1,1,4,2,11,2121.99,1,1
2558.29,11,456,0,0,0,0,6,3978.81,0,0
1762.18,19,1426,0,1,0,1,3,919.12,0,0
8305.43,1,241,1,1,3,3,9,3271.6,1,1
1808.66,22,425,0,0,0,1,3,3307.16,1,0
1545.0,22,606,0,0,0,0,4,1592.89,0,0
5889.36,2,124,1,1,1,1,12,1692.22,1,1
5833.34,3,172,1,1,4,0,3,5063.65,1,1
4382.29,4,173,1,1,3,1,5,2046.41,1,1
6026.25,9,201,0,1,4,0,8,2609.2,1,1
6147.04,21,148,1,1,4,7,7,1452.83,1,1
1433.95,9,876,0,0,0,2,3,1426.26,0,0
3967.4,5,93,1,1,5,1,9,1764.68,0,1
1712.32,20,511,0,0,0,0,2,4001.36,0,0
2715.2,10,1362,0,0,0,2,2,2199.88,0,0
1078.65,22,233,0,1,0,0,7,1166.65,0,0
14932.44,14,143,1,1,5,1,14,1279.95,0,1
2962.29,16,59,1,1,3,2,7,1915.45,1,1
7458.5,4,113,1,1,1,4,4,1407.64,1,1
5929.74,0,201,1,1,5,2,12,1296.8,0,1
3772.94,18,1145,0,0,1,1,5,2355.53,0,0
14048.82,15,162,0,1,4,5,11,1565.78,0,1
8785.12,3,27,1,1,4,2,7,1640.51,0,1
3536.0,8,1249,0,0,1,0,3,1962.49,0,0
6550.3,2,148,1,1,2,5,9,1958.82,1,1
2204.62,10,1479,0,0,0,0,3,1811.82,0,0
1324.53,10,1007,0,0,1,2,2,2110.29,0,0
11260.26,16,89,1,1,4,4,7,2207.69,1,1
3112.29,19,657,0,0,0,0,4,1545.54,0,0
5428.15,16,602,0,0,0,1,2,1251.11,0,0
15749.03,5,44,0,1,3,3,6,1614.35,1,1
3902.48,21,1127,0,0,0,0,3,2007.67,0,0
4200.22,1,173,0,1,3,1,7,1903.32,0,1
3438.21,4,5,0,1,5,0,3,1361.49,1,1
4571.4,3,115,1,1,5,2,6,2514.41,0,1
6095.19,7,148,1,0,3,0,4,1420.78,0,1
782.35,8,292,0,0,0,0,1,3221.98,0,0
5479.78,4,54,1,1,4,3,7,1949.45,0,1
1787.47,10,517,1,0,0,0,5,2390.47,0,0
2439.84,11,122,0,0,0,1,5,2535.21,0,0
5654.4,12,110,1,1,5,3,13,738.94,1,1
2374.5,10,797,1,0,0,0,1,3658.65,0,0
6538.57,13,715,0,0,0,0,1,2129.98,0,0
3041.92,3,91,0,1,3,4,3,2163.14,1,1
10513.46,4,106,1,1,2,3,8,1562.07,1,1
2009.51,16,713,0,0,0,0,3,1700.01,0,0
1865.55,10,446,0,0,0,0,6,2091.58,0,0
10436.8,0,41,0,1,5,4,8,1334.43,1,1
7605.33,4,81,1,1,5,2,10,1168.61,0,1
1559.91,13,166,0,0,0,0,0,2103.35,0,0
4998.64,0,12,1,1,2,3,8,1315.72,1,1
1496.07,10,1276,0,0,0,1,2,1292.23,0,0
1744.58,14,1215,0,0,0,0,3,1741.01,0,0
1037.39,14,896,0,0,1,2,2,941.33,0,0
1271.29,10,1104,0,1,0,2,3,1492.93,1,0
2585.82,5,73,1,1,3,3,8,1479.62,0,1
8204.05,1,5,1,1,5,0,10,1185.3,1,1
2398.46,19,887,1,0,1,0,3,2441.19,0,0
1986.12,8,318,0,0,0,0,2,1623.63,0,0
921.39,17,1355,0,0,0,0,5,966.78,0,0
2269.94,21,125,0,0,0,0,4,2082.91,0,0
5157.91,15,478,0,0,1,0,6,2037.66,0,0
1170.93,12,409,0,0,0,2,5,1459.64,0,0
12546.62,5,114,0,0,4,3,12,868.1,1,1
1189.1,22,480,0,0,0,0,1,2036.53,0,0
2499.3,5,182,1,1,4,1,12,1483.8,1,1
2966.63,9,1319,1,0,0,1,2,1508.72,0,0
4630.12,5,56,1,1,2,1,6,1909.74,1,1
8182.77,10,75,1,1,2,3,9,2278.37,0,1
4918.92,2,83,1,1,4,2,14,2002.45,1,1
5378.95,7,214,0,1,3,1,12,1386.32,1,1
4774.18,14,84,0,1,4,2,10,2385.36,1,1
2864.81,20,502,0,0,1,0,3,1595.46,0,0
6700.87,11,224,1,1,3,3,10,2137.31,1,1
1286.11,12,263,0,0,0,0,5,1474.87,0,0
806.4,20,313,0,0,1,0,1,2362.57,0,0
1025.47,9,837,0,0,0,0,3,2575.93,0,0
7020.24,3,147,1,1,3,2,7,1514.05,1,1
2338.42,17,316,0,0,1,0,7,1653.09,0,0
2332.17,2,244,1,1,3,4,11,1826.56,1,1
3749.8,2,209,1,0,5,3,4,2553.59,1,1
3007.93,5,246,1,1,5,6,3,1839.66,1,1
7057.15,14,194,1,1,5,1,8,1327.26,1,1
685.82,10,226,0,0,1,0,3,1679.57,0,0
2807.2,0,202,0,1,1,3,7,2444.86,1,1
1987.2,8,788,0,0,0,0,2,1535.31,0,0
3243.61,16,688,0,0,0,1,0,4043.76,0,0
16819.58,3,199,1,1,4,4,20,2690.5,0,1
9997.71,3,28,1,1,2,2,12,3196.88,1,1
2469.7,21,871,0,0,1,2,3,2955.16,0,0
3156.97,18,544,0,0,1,0,0,702.86,0,0
6655.17,6,214,1,1,5,3,3,1268.87,1,1
11439.26,5,4,1,1,5,3,10,1261.84,1,1
4137.39,18,925,0,0,0,1,3,2973.91,1,0
2680.92,18,421,0,0,0,2,2,1126.74,0,0
1137.43,13,263,0,0,0,1,5,2833.33,0,0
3753.92,14,1078,0,0,0,2,3,2151.87,0,0
5363.7,16,9,0,0,5,2,9,1489.87,0,1
3557.05,9,1095,0,0,0,1,5,1785.63,0,0
7582.22,18,227,1,1,4,3,4,956.96,1,1
1501.05,16,240,1,1,3,3,10,1341.66,0,1
1249.06,13,936,0,0,1,0,1,1751.34,0,0
3032.91,1,3,1,0,1,3,10,1690.91,1,1
3098.12,22,535,0,0,0,0,6,1966.51,1,0
1679.81,22,1129,1,0,2,0,2,1774.35,0,0
2190.32,10,1319,0,0,1,0,4,828.99,0,0
1723.4,17,787,0,0,0,1,7,2285.11,0,0
4869.6,16,239,0,0,4,3,9,4044.29,1,1
4238.49,17,564,0,0,1,1,1,1119.35,0,0
1329.15,15,934,1,0,0,1,0,2414.93,0,0
4356.65,0,175,1,1,2,5,8,1244.14,0,1
1710.63,12,127,1,0,3,3,5,1882.47,0,1
3556.0,14,146,0,0,0,1,4,1012.57,0,0
2949.67,13,1104,0,0,1,0,0,2216.84,0,0
6987.91,1,169,1,1,4,3,9,1774.91,1,1
5841.09,13,905,0,0,0,0,0,3409.01,0,0
1899.17,12,686,0,1,0,1,3,1993.73,0,0
4779.88,3,232,1,1,5,2,12,1397.94,1,1
3687.0,15,101,1,0,2,0,7,3109.27,0,1
4791.55,5,87,1,1,3,2,9,1820.22,0,1
1448.34,10,935,0,0,0,1,6,1499.37,0,0
1516.95,22,205,0,0,0,0,4,3542.89,0,0
4981.63,6,71,1,1,3,0,8,2185.73,0,1
3455.06,16,95,1,1,2,5,7,1673.18,1,1
8968.29,2,141,1,1,4,1,9,1313.29,1,1
1751.32,16,394,0,0,0,0,5,1794.74,0,0
5392.16,10,69,1,1,4,2,12,1356.24,0,1
2355.02,5,42,0,1,4,4,10,1554.43,1,1
1319.59,14,428,0,1,0,0,1,1493.33,0,0
2011.28,11,1428,1,0,1,0,3,1869.92,0,0
5642.93,0,83,1,1,3,4,10,2060.92,0,1
1999.72,13,329,0,0,1,0,4,1508.16,0,0
2950.59,12,176,1,1,3,2,12,802.51,1,1
2396.28,14,1285,0,0,0,0,7,1301.09,0,0
895.19,22,239,0,0,1,0,3,1447.98,0,0
3860.22,2,132,1,1,5,4,5,2893.11,0,1
2802.56,9,1467,0,0,0,1,1,1387.91,0,0
6587.52,2,69,1,1,3,5,6,2389.21,0,1
2198.81,15,280,0,0,0,0,2,2451.77,0,0
3889.58,10,346,0,1,0,0,5,1565.04,0,0
3131.79,12,1143,0,0,0,3,4,1002.76,0,0
709.84,17,584,0,1,0,0,3,1087.74,0,0
3775.93,22,983,0,0,0,1,3,892.38,0,0
10765.44,2,171,1,1,3,3,8,2825.42,1,1
4276.22,1,32,1,1,4,3,5,1755.68,1,1
5609.77,1,4,1,1,5,5,8,1626.39,0,1
11394.48,4,94,1,1,1,3,11,2500.18,0,1
2096.01,21,1485,0,0,2,0,4,2084.52,0,0
2224.69,0,222,1,1,4,2,8,1431.31,0,1
1721.65,20,248,0,0,0,3,2,931.12,0,0
2178.74,17,809,0,0,0,0,4,2087.41,0,0
10910.91,4,160,1,1,3,2,9,1105.6,0,1
7158.88,3,107,1,1,3,1,10,2396.13,0,1
1453.66,15,232,0,0,0,0,3,756.0,0,0
5108.67,4,192,1,1,4,2,11,1251.63,0,1
8030.96,0,22,0,0,3,3,11,1307.11,1,1
4889.72,13,160,0,0,4,3,10,1496.63,1,1
3635.82,13,1486,0,0,1,0,3,2648.94,0,0
5016.76,22,221,1,1,5,3,13,1939.63,1,1
6187.13,5,144,1,0,3,2,9,2469.98,0,1
1137.77,11,743,0,0,0,1,6,1948.23,0,0
5734.32,5,185,1,1,3,3,7,1838.6,1,1
1212.4,18,685,0,0,0,0,5,1527.35,0,0
6525.17,2,60,1,1,4,3,5,2486.14,1,1
1024.95,15,1026,1,0,2,1,4,2292.7,0,0
3474.4,10,1057,0,0,1,0,2,1800.53,0,0
1629.36,14,68,0,0,0,2,2,1543.97,0,0
2017.73,10,703,0,0,0,0,6,1631.3,0,0
1397.85,14,467,1,0,1,1,3,2466.03,0,0
966.59,20,623,0,0,2,1,2,1591.76,0,0
1810.23,20,681,0,0,0,0,1,1202.63,0,0
1502.62,9,414,0,0,1,2,4,3841.78,0,0
2768.63,13,825,0,0,0,0,2,1115.55,0,0
2494.76,13,964,0,0,0,0,7,1267.1,0,0
1019.48,11,1472,0,0,0,1,5,3410.9,0,0
5379.58,2,25,1,0,2,2,5,4002.34,1,1
1910.89,10,926,0,0,1,0,3,1203.87,0,0
2585.49,19,1489,0,0,0,1,6,1774.41,0,0
2133.5,19,404,0,0,0,0,4,770.27,0,0
6697.46,1,230,1,1,2,2,8,1290.01,1,1
4841.91,1,33,1,1,5,3,8,930.44,0,1
9033.4,18,67,0,1,3,0,4,2467.45,1,1
6820.29,20,90,1,1,3,2,13,1834.77,1,1
1026.14,20,1188,0,1,0,1,4,2453.71,0,0
3851.22,2,27,1,1,4,2,12,1020.76,1,1
2313.06,13,792,1,0,0,0,3,986.77,0,0
8331.8,4,149,0,1,4,2,9,1936.19,1,1
5273.64,11,84,1,1,2,2,5,2577.2,0,1
8516.38,17,66,0,1,5,2,5,3221.08,0,1
1319.35,22,647,0,0,0,1,3,2856.94,0,0
2857.27,12,104,0,0,2,0,2,1299.79,1,0
1077.19,16,534,1,0,0,0,3,1730.67,0,0
2877.74,9,946,0,0,0,0,1,3915.03,0,0
12316.04,17,117,1,0,2,1,10,2948.39,1,1
5079.77,2,244,1,1,5,1,11,2566.44,1,1
6009.59,11,237,0,1,3,4,9,2427.74,0,1
9910.44,2,230,1,1,5,3,8,4105.34,1,1
2311.53,22,1424,0,0,0,0,0,1744.1,0,0
1229.1,22,324,0,0,0,0,2,3143.93,0,0
4107.89,20,1356,0,0,0,3,8,2185.51,1,0
3155.72,0,60,1,1,3,2,6,1353.92,1,1
3386.3,14,1357,0,0,0,0,0,1776.28,0,0
4816.39,9,1036,0,0,1,2,3,2985.38,0,0
2280.03,8,724,0,0,1,0,4,2392.24,1,0
2768.26,19,75,0,0,0,1,0,1423.45,0,0
4065.15,2,81,1,1,5,3,8,1110.78,1,1
3713.01,22,962,0,0,1,1,3,2173.57,0,0
6371.92,4,228,1,1,5,3,8,1245.68,1,1
1455.79,12,813,0,0,0,0,2,1929.22,0,0
1823.12,16,1251,0,0,0,1,2,2596.16,0,0
4850.44,0,129,1,1,5,1,8,2191.28,0,1
5478.81,16,206,0,0,4,2,8,1966.59,0,1
7662.79,19,180,1,1,4,2,6,2524.48,1,1
1909.27,3,233,1,1,3,3,10,3118.4,1,1
6922.37,0,222,1,1,3,3,3,1840.38,1,1
1441.25,10,760,0,0,0,2,1,2196.27,0,0
1091.87,15,900,0,0,0,0,1,2786.4,1,0
1769.25,16,704,0,1,0,0,6,1996.59,0,0
2229.34,12,366,0,0,0,0,2,3417.36,0,0
2485.04,18,1277,0,0,0,1,2,2628.29,0,0
1303.58,13,827,0,0,1,1,3,1769.48,0,0
2650.46,17,12,1,1,1,3,6,780.21,1,1
1208.2,2,209,1,0,4,2,9,1739.13,1,1
3678.08,19,960,0,0,0,1,5,1765.9,0,0
1573.7,22,427,0,0,0,1,2,2441.76,0,0
7540.13,13,270,0,0,0,0,3,3262.09,0,0
5397.44,5,195,1,1,5,3,12,1848.07,0,1
5865.73,20,82,1,1,3,3,5,1593.24,0,1
5775.7,1,27,1,1,5,5,5,1588.91,1,1
2653.75,5,108,1,1,3,2,11,2112.87,1,1
1917.48,20,963,0,0,0,1,5,1945.86,0,0
5106.26,6,72,1,1,5,3,7,1342.16,0,1
2794.4,12,1331,0,0,0,3,3,1587.46,0,0
1377.26,19,120,0,0,0,1,4,3254.53,0,0
5583.92,22,1080,1,0,0,0,4,2683.92,0,0
7628.8,3,6,1,1,1,3,6,2130.74,1,1
1076.93,14,1136,0,0,0,0,2,1828.76,0,0
14426.53,0,145,1,1,4,3,12,1954.29,1,1
8655.03,5,5,1,0,4,4,4,1926.08,1,1
2351.17,21,1147,1,0,0,0,1,1094.81,0,0
1065.52,13,1216,0,0,1,0,1,2286.6,0,0
2653.58,1,120,1,1,5,3,6,1621.84,1,1
5034.08,0,190,1,1,3,7,9,4035.95,1,1
5306.35,0,24,1,1,5,4,6,1711.07,0,1
3026.56,5,112,1,1,3,2,7,2297.57,1,1
4588.23,0,73,1,1,5,5,7,1727.7,1,1
11704.49,9,97,0,1,4,3,3,766.44,0,1
2694.01,15,236,1,1,5,5,8,2699.6,1,1
1994.65,12,509,0,0,0,1,3,1640.52,0,0
1523.73,10,58,1,1,2,6,10,2988.86,1,1
1619.21,13,1250,0,0,0,1,0,2610.54,0,0
32097.17,4,207,1,1,4,3,10,3546.46,0,1
7363.99,1,60,1,1,3,6,12,2239.76,1,1
2558.49,19,577,0,0,1,0,1,2991.52,0,0
1319.41,8,758,0,0,0,0,2,1747.78,0,0
11275.3,13,122,0,1,5,6,4,1347.8,1,1
2028.15,22,1099,0,0,0,0,6,1350.21,0,0
2547.25,13,1009,0,0,2,0,2,3172.26,0,0
1447.54,9,703,0,0,0,0,2,1950.79,0,0
4687.48,2,52,1,1,2,4,5,1406.47,1,1
919.84,14,1273,0,0,2,1,6,2171.33,0,0
5532.39,18,107,1,1,5,4,9,810.45,1,1
1676.56,9,137,0,0,0,0,1,1431.28,0,0
3916.96,16,631,0,0,0,0,3,1063.41,0,0
3885.34,17,156,1,1,4,2,5,1334.71,0,1
10844.76,5,16,1,1,4,3,11,2987.37,1,1
4082.51,6,243,1,1,5,3,9,1526.38,0,1
1981.99,21,176,0,0,0,0,3,1572.99,0,0
4262.17,14,100,1,1,3,5,8,768.91,1,1
2240.73,16,331,0,1,1,0,3,1340.11,0,0
2122.97,16,912,0,0,1,1,3,584.3,0,0
6323.67,1,45,0,1,2,4,19,821.56,0,1
1532.68,12,938,1,0,1,1,2,2659.36,1,0
2949.79,13,1163,0,0,0,1,2,1862.56,1,0
2748.55,19,965,0,0,0,1,7,999.63,0,0
3915.42,0,122,1,1,3,0,4,1576.6,0,1
3595.65,8,465,0,0,0,0,0,1895.37,0,0
1085.23,22,521,0,0,0,0,6,1985.45,0,0
9983.66,11,77,1,1,2,2,11,1996.83,1,1
10688.99,4,18,1,1,4,0,11,1662.3,1,1
2910.75,19,524,1,0,1,1,3,2043.46,0,0
6263.37,3,170,1,1,5,2,5,1491.72,1,1
2401.12,21,36,1,1,5,4,9,1422.84,1,1
3240.28,0,35,0,1,5,1,6,1899.32,0,1
7014.06,0,52,1,0,5,4,12,1022.56,1,1
803.07,20,1302,0,0,1,0,5,1235.36,0,0
7294.66,16,113,1,1,4,1,6,1767.49,1,1
2551.65,15,1417,0,0,0,0,0,2290.67,0,0
5166.39,3,12,1,1,5,4,9,2028.1,0,1
3955.73,5,202,1,1,1,6,7,2086.96,1,1
7121.41,5,172,1,1,2,2,15,1736.2,1,1
2803.61,19,853,0,0,0,1,1,2960.46,0,0
1481.29,16,587,0,0,1,2,5,1549.19,0,0
5488.02,0,193,1,1,3,2,7,964.77,0,1
4491.14,20,473,0,0,2,0,3,1780.55,0,0
3794.69,0,155,1,1,1,5,7,2673.2,1,1
2281.95,8,1404,0,0,0,0,3,2788.82,0,0
1896.86,14,1236,0,0,0,1,3,1708.29,0,0
9258.04,0,143,1,1,3,1,7,2173.01,1,1
1547.72,22,305,0,0,0,1,4,2059.19,0,0
4928.02,1,43,1,1,4,1,11,2928.89,0,1
2467.11,18,1266,0,0,0,0,1,1595.16,0,0
16465.21,4,136,1,1,2,6,5,2247.55,1,1
1516.8,16,290,1,0,0,1,4,1834.85,0,0
4505.72,12,68,1,1,1,5,6,1992.69,0,1
729.27,13,1210,0,0,2,0,2,1118.17,0,0
1088.79,16,1016,1,0,0,0,3,1622.05,0,0
4630.87,22,1026,1,0,0,0,3,1604.1,0,0
6390.38,1,10,1,1,2,3,10,1278.85,1,1
2299.4,17,945,0,0,0,0,5,1405.4,0,0
3874.05,3,201,0,1,3,2,7,1598.89,0,1
1347.24,16,242,0,0,2,0,4,3233.77,0,0
2237.54,3,100,0,1,1,1,8,2776.51,1,1
8851.33,3,85,0,0,4,0,4,1318.45,1,1
4084.06,7,123,1,1,3,4,16,1386.64,1,1
3646.28,1,117,1,1,5,4,6,1108.88,1,1
2548.89,11,1063,0,0,0,0,0,1212.12,0,0
2839.62,10,1451,1,0,0,1,5,1425.67,0,0
2237.52,22,1296,0,0,0,0,4,2824.67,0,0
12983.34,0,132,1,1,4,4,8,1285.0,1,1
3343.91,17,979,0,0,0,0,3,1528.24,0,0
2337.42,14,1118,0,0,1,0,2,781.98,1,0
5025.83,1,88,0,1,2,1,8,1141.11,1,1
4017.35,5,245,1,1,4,3,7,2191.64,0,1
4535.57,20,108,0,1,5,5,13,1639.31,1,1
3426.72,22,767,0,0,1,0,3,2395.14,0,0
3067.26,13,489,1,0,0,0,7,1895.28,0,0
1357.95,17,1368,0,0,0,1,2,1377.3,0,0
5740.21,5,187,1,1,5,1,8,1633.28,1,1
3182.68,9,276,0,1,0,0,3,1882.25,0,0
3055.1,0,119,1,1,1,4,9,1904.54,1,1
2220.18,18,1007,0,0,1,1,2,2024.34,0,0
7742.09,3,98,1,1,2,5,9,1300.48,0,1
2457.41,21,1162,0,0,0,0,3,1326.67,0,0
3130.39,11,365,0,0,0,0,3,2689.21,0,0
2649.45,10,466,0,0,0,0,2,1262.15,0,0
1528.84,10,1420,0,0,0,2,6,1483.96,0,0
2140.41,7,79,1,1,4,1,9,1094.02,1,1
2608.93,11,738,0,0,0,0,3,1636.04,0,0
2374.83,10,1004,0,0,0,0,2,2811.95,0,0
2422.01,15,316,0,0,0,0,4,1261.28,0,0
6854.94,5,121,1,0,5,3,10,1451.85,0,1
13039.92,3,130,1,1,4,4,12,1951.72,1,1
1987.35,10,1144,0,0,0,0,3,2062.21,0,0
2593.38,9,260,0,1,0,1,3,1613.65,0,0
7832.45,2,237,1,1,5,4,7,1455.47,1,1
1592.05,8,1243,0,0,0,3,2,1917.97,0,0
10129.2,0,38,1,1,4,1,10,1859.71,1,1
1950.3,16,525,0,0,0,0,4,2250.44,0,0
1137.04,14,1274,0,0,1,0,7,3392.27,0,0
2989.11,13,546,0,0,0,1,4,2212.15,0,0
2500.59,13,777,0,0,0,0,2,1271.65,0,0
1843.37,12,719,0,0,0,0,4,1375.67,0,0
13883.46,1,190,1,1,5,4,7,1222.09,0,1
9628.74,5,10,1,1,4,4,7,2442.17,0,1
2846.87,19,1202,0,0,0,0,0,1989.04,1,0
1514.33,11,708,0,0,0,1,3,1356.25,0,0
1789.47,16,564,0,0,0,0,3,2436.57,0,0
1862.39,19,154,1,1,3,3,6,1553.19,1,1
2570.01,1,103,1,0,5,0,7,2689.88,0,1
3211.47,2,237,1,1,2,2,8,2274.34,1,1
13267.72,5,245,1,1,5,7,7,2304.96,0,1
7890.8,3,200,1,1,5,1,9,2398.53,1,1
3815.97,3,48,0,1,3,2,8,1373.94,1,1
4352.42,22,924,0,0,0,0,2,2543.5,0,0
1091.77,10,263,0,0,0,1,6,1532.35,0,0
2279.77,9,222,1,0,1,2,3,1666.65,0,0
11784.22,15,192,1,1,5,1,8,2526.19,1,1
2606.5,12,632,0,0,0,0,3,1693.2,0,0
752.72,11,433,0,0,0,1,1,2341.64,0,0
12736.14,3,22,1,0,2,2,5,1783.53,1,1
2047.04,21,1094,1,0,1,1,4,1694.01,0,0
8519.11,0,92,1,1,4,3,3,1512.21,1,1
2349.97,15,774,0,0,0,1,4,1612.9,0,0
1145.83,12,763,0,0,0,2,6,1403.76,0,0
4531.43,1,172,1,1,3,3,9,2134.39,0,1
9432.11,1,148,1,1,3,4,6,1416.58,1,1
7747.71,1,116,1,0,5,2,7,3510.34,1,1
1776.52,19,207,0,0,0,0,4,1908.13,0,0
5768.04,12,15,1,1,4,2,13,1434.31,0,1
1382.65,19,1477,1,0,1,1,2,1352.67,0,0
3322.27,11,1183,0,0,0,0,5,2398.68,0,0
4009.2,4,150,1,1,3,3,3,1007.96,0,1
3658.45,11,245,1,1,2,2,8,827.35,0,1
4406.88,1,152,0,1,3,5,6,2197.41,0,1
13868.63,14,173,1,1,5,0,4,2232.23,1,1
5740.01,4,110,1,1,4,2,6,1401.84,0,1
2464.68,20,393,1,0,0,0,4,1148.14,0,0
3779.39,20,99,1,1,4,4,12,2214.63,1,1
10254.25,7,5,0,1,1,2,8,2255.28,1,1
8486.33,1,89,1,1,4,5,8,3308.53,0,1
2125.68,16,976,0,0,1,0,2,3398.45,0,0
6438.81,0,52,1,1,1,5,9,2493.48,0,1
2455.44,20,329,0,0,0,1,1,1821.01,0,0
2285.55,13,964,0,0,2,0,5,2632.59,0,0
7110.65,17,169,1,1,3,8,7,2030.96,0,1
1273.98,12,1354,0,0,0,0,2,1831.1,0,0
1664.46,19,839,1,0,0,0,7,1873.15,0,0
4247.84,3,225,1,1,2,5,11,2546.79,1,1
2553.92,13,696,0,0,0,0,4,1855.52,0,0
2321.72,16,1096,0,0,0,0,2,1375.06,0,0
8043.11,2,80,1,1,4,4,4,2341.91,1,1
2100.92,10,560,0,0,0,1,3,2780.81,0,0
16623.62,2,177,1,1,1,2,8,1732.6,1,1
2382.59,14,750,0,0,1,0,4,1830.45,0,0
6660.13,4,233,1,1,5,4,6,1928.48,1,1
6139.94,4,152,0,1,3,5,5,2942.28,1,1
3067.1,1,213,1,1,2,4,9,3852.92,1,1
2284.45,17,164,0,0,0,0,4,868.66,0,0
4057.95,1,63,1,1,3,6,6,2227.92,1,1
4011.44,1,38,1,1,2,7,14,1818.22,1,1
2966.68,0,69,0,0,5,4,7,2195.15,0,1
1431.94,10,1292,0,0,0,1,3,2216.79,0,0
2266.06,4,63,1,1,5,0,8,2920.24,1,1
2069.54,15,1401,0,1,1,0,1,1777.05,0,0
8873.81,4,91,1,1,2,2,11,2425.45,1,1
4543.66,17,96,1,0,5,4,6,1633.02,1,1
17201.45,0,75,1,1,4,2,10,1172.32,1,1
11784.36,1,173,0,1,2,3,6,2397.18,0,1
2385.62,11,620,0,0,0,0,1,2050.15,0,0
14156.99,3,244,1,1,4,1,9,3648.89,1,1
2134.19,16,833,0,0,0,1,0,1772.86,0,0
4087.56,9,242,0,0,1,0,2,1668.75,0,0
2882.31,4,110,0,0,4,5,6,2123.0,0,1
6194.94,5,21,1,1,4,3,9,1697.62,1,1
3193.68,19,950,0,0,0,1,4,2518.12,0,0
1234.52,13,1257,0,0,0,0,3,2125.77,0,0
9037.67,4,104,1,1,1,1,5,1068.45,1,1
2927.63,8,543,0,0,0,0,6,2320.07,0,0
17746.23,22,102,1,1,5,4,9,1038.85,0,1
1710.72,19,530,1,0,0,0,2,1709.58,0,0
5021.31,9,953,0,0,1,1,3,2258.73,1,0
2152.54,11,1079,0,0,0,0,2,2427.51,0,0
7933.13,1,240,0,1,1,3,6,1721.83,1,1
1825.36,19,1082,0,0,0,1,1,2660.98,0,0
1370.16,19,339,0,0,1,0,1,1459.16,0,0
1871.86,17,517,0,0,0,1,2,2140.27,0,0
1626.14,22,1408,0,1,1,0,1,1465.34,0,0
1191.48,14,169,0,0,0,0,5,1451.88,0,0
3372.04,12,1481,0,0,0,0,3,2440.69,0,0
3066.28,13,1332,0,0,0,3,3,2001.47,0,0
6782.18,3,165,1,1,3,1,6,3482.5,1,1
1947.03,21,1469,0,0,0,0,2,2427.87,0,0
1903.41,10,1268,0,0,0,0,2,1258.94,0,0
1490.81,11,1497,0,0,0,0,4,2169.09,0,0
853.34,8,568,0,0,0,0,3,1475.17,0,0
12289.91,5,47,1,1,4,7,8,2193.83,1,1
12425.19,3,173,1,1,4,7,7,1473.12,1,1
3337.81,22,462,0,0,0,1,3,2321.78,0,0
1667.06,9,1460,0,0,0,0,5,1729.82,0,0
5713.67,22,71,1,1,4,1,5,951.94,1,1
12092.04,3,15,1,1,3,5,8,1400.49,1,1
12804.4,3,152,1,1,3,4,10,1634.39,1,1
1074.76,18,598,0,0,0,0,2,2893.25,1,0
6887.56,5,130,1,0,3,4,9,1048.73,1,1
9752.96,5,119,1,1,5,4,6,1364.21,1,1
10109.34,5,236,1,1,4,2,9,1736.16,0,1
2770.45,19,1177,0,0,0,0,3,1752.61,0,0
2880.64,20,792,0,0,2,1,9,1144.18,0,0
7032.59,6,244,1,1,3,2,7,1544.04,1,1
7339.93,0,98,1,1,3,2,5,1428.42,1,1
1837.99,21,247,0,0,1,0,3,2050.19,0,0
5507.69,5,226,1,1,4,2,5,3684.2,1,1
2169.59,16,140,0,0,2,1,4,2041.52,0,0
1879.35,15,726,0,0,0,0,1,987.8,0,0
2134.74,19,961,0,1,0,0,4,2435.85,0,0
5790.42,3,88,1,1,3,0,8,1750.03,1,1
1503.39,15,1404,0,0,0,1,3,1442.8,0,0
3439.26,16,151,1,1,3,2,5,1350.28,1,1
1991.75,8,1320,1,0,1,0,6,2179.46,0,0
6695.26,0,33,1,1,4,5,8,2289.84,1,1
3994.73,16,117,0,0,1,0,4,1444.22,0,0
4508.15,11,64,0,0,1,0,3,2437.4,0,0
1616.09,17,929,0,0,0,0,2,1525.77,0,0
2933.37,17,862,0,0,0,1,5,1863.13,0,0
2896.79,1,116,1,0,5,4,15,1661.61,1,1
6446.06,20,219,0,1,3,3,8,1140.98,1,1
1062.52,14,1330,1,0,2,1,3,2695.74,0,0
2146.12,9,1348,0,0,0,1,5,1503.86,0,0
1491.56,10,538,0,0,0,0,2,2638.09,0,0
2200.15,20,38,1,1,1,4,7,1224.12,1,1
10010.74,4,146,1,1,4,3,10,1078.51,0,1
3427.25,20,1428,0,0,0,0,0,2948.0,0,0
2236.35,12,344,0,0,0,0,4,2025.55,0,0
6635.1,23,52,1,1,3,4,9,1438.36,1,1
6078.63,21,157,0,1,5,1,12,1541.71,1,1
5458.52,5,99,1,1,3,3,3,1321.88,1,1
10326.15,1,39,1,1,3,5,9,991.83,1,1
2763.84,1,198,1,1,2,4,8,3008.86,1,1
10086.23,4,2,1,1,3,6,6,1756.84,1,1
2907.21,19,651,0,0,0,0,3,1800.09,0,0
2176.51,13,1386,0,0,0,0,3,1312.43,0,0
1588.01,14,1167,0,0,0,0,1,1972.14,1,0
1885.41,19,735,0,0,0,0,1,1130.14,0,0
12189.31,21,182,1,1,2,3,5,1545.33,1,1
1161.43,15,550,0,0,0,0,0,2956.85,0,0
4435.95,6,208,1,0,3,1,3,1779.25,1,1
6146.98,2,68,1,1,3,1,6,2134.25,0,1
9427.64,1,17,1,1,5,3,6,2176.28,0,1
3557.57,1,133,1,0,5,3,10,1467.4,1,1
3379.91,3,151,1,1,5,2,9,1695.86,0,1
1403.04,9,602,0,0,0,1,2,969.74,0,0
24634.51,0,182,1,1,3,3,9,753.79,1,1
5268.06,3,246,1,1,1,6,10,1684.57,1,1
2637.63,17,913,0,0,0,1,2,1117.84,0,0
2890.97,14,901,0,0,1,0,5,1828.3,0,0
1576.39,8,742,0,0,0,1,5,4044.37,0,0
4361.34,9,706,0,0,1,1,3,2087.83,0,0
7545.19,4,194,0,1,3,3,8,2725.13,1,1
3481.82,2,170,1,1,4,3,6,1107.04,1,1
13454.43,4,92,1,1,3,1,9,962.07,1,1
2452.82,10,1240,0,0,1,0,0,2186.2,0,0
4702.54,4,157,1,1,5,5,7,1502.17,1,1
9961.8,2,192,0,1,4,3,8,1348.69,1,1
7217.16,3,157,1,1,5,5,8,1476.2,1,1
3951.19,5,124,1,1,5,3,6,2155.84,0,1
1743.33,11,471,0,0,1,2,4,1398.13,0,0
1477.76,21,370,0,0,0,0,0,1944.66,0,0
1363.71,11,284,0,0,0,0,3,1828.82,0,0
6240.27,6,209,1,1,5,2,10,2641.13,1,1
1615.81,0,131,1,0,4,3,8,2012.0,0,1
4571.36,2,60,1,1,4,5,11,1306.18,1,1
2749.9,18,243,0,0,0,0,1,1002.66,0,0
4014.99,13,1018,0,0,0,2,2,1538.1,0,0
12937.24,4,40,1,1,3,3,7,2082.68,1,1
2643.27,22,589,0,0,1,2,0,1761.43,0,0
2206.53,19,351,0,0,0,0,5,3026.27,0,0
4611.48,1,176,1,1,3,3,9,1791.97,0,1
6027.21,4,175,0,1,3,4,13,1629.09,1,1
2141.35,15,403,0,0,0,0,3,1082.17,1,0
5377.6,4,46,1,1,4,0,8,2509.34,1,1
10260.16,2,202,0,1,5,2,3,1220.37,1,1
1401.08,14,636,0,0,0,0,6,2784.93,0,0
8151.64,4,178,1,1,2,1,8,1890.56,1,1
1621.24,20,875,0,0,0,0,2,1612.86,0,0
9834.33,5,51,1,1,2,2,7,2173.22,1,1
10770.79,20,173,1,1,5,4,10,1724.19,0,1
5406.39,21,758,0,0,1,2,1,2306.73,0,0
2237.03,12,1201,0,0,0,1,2,1421.01,0,0
2697.33,18,955,0,0,0,0,3,3130.13,0,0
3189.51,13,578,0,0,0,1,7,2407.67,0,0
1206.11,9,115,0,0,0,0,4,2964.39,0,0
7289.48,4,55,1,1,2,7,9,1252.43,0,1
5001.62,0,223,1,1,5,3,8,1714.75,0,1
1728.52,17,270,0,0,1,1,3,2085.79,0,0
1569.03,12,1151,0,0,0,0,1,2469.91,0,0
7992.18,4,198,0,0,4,4,9,1900.77,0,1
1400.06,13,827,0,0,1,1,3,4370.24,0,0
5240.09,2,164,0,1,2,2,5,2329.76,1,1
5292.1,7,34,0,1,5,3,7,1432.16,0,1
4992.49,4,131,1,1,1,3,10,1496.97,1,1
2839.88,15,214,1,0,1,4,9,4875.36,0,1
11773.33,2,22,1,1,2,5,9,1520.73,0,1
8545.76,4,87,1,1,3,2,5,1765.38,1,1
5311.74,2,136,1,1,5,1,3,1099.17,1,1
2488.2,16,685,0,0,0,1,1,1451.04,0,0
11425.59,4,70,1,0,5,1,12,1781.2,1,1
3320.66,22,191,0,0,2,1,4,841.17,1,0
7674.78,21,230,1,1,4,2,8,1229.32,0,1
8513.88,5,245,1,1,5,2,9,1721.56,1,1
7653.58,23,246,0,1,3,1,7,1951.92,0,1
7663.84,16,367,0,0,1,0,4,1896.66,0,0
2345.91,23,111,0,0,5,3,7,1353.79,1,1
1885.29,12,1284,0,0,0,0,2,1498.2,0,0
2890.98,21,942,0,1,0,0,4,761.7,0,0
3652.87,12,532,0,0,1,1,5,2466.21,0,0
12709.52,12,74,1,1,3,2,6,1693.79,0,1
1108.13,11,234,1,0,0,0,2,1893.02,0,0
2201.99,20,375,0,0,0,1,5,2856.26,0,0
7976.62,17,6,0,0,5,3,8,1566.4,0,1
10504.03,4,80,1,1,4,4,4,1680.57,0,1
1547.06,9,1035,0,0,0,0,5,2183.77,0,0
3685.71,1,131,1,1,4,6,6,1562.49,1,1
1044.34,15,1255,0,0,0,0,10,2946.57,0,0
5981.79,15,248,1,1,3,2,5,2780.33,0,1
1996.58,12,1482,0,0,0,1,2,1371.85,0,0
631.34,9,195,0,1,0,0,6,1088.32,0,0
5830.69,1,43,0,1,2,5,5,1196.54,0,1
1924.02,18,1451,0,0,0,0,2,2088.25,0,0
6545.53,3,207,1,1,4,3,13,1437.23,1,1
1258.26,10,1200,0,0,0,0,4,1446.1,0,0
1561.82,9,923,0,0,0,0,1,2612.09,1,0
1348.67,15,149,0,0,0,0,4,1295.39,0,0
1951.71,4,230,1,1,2,1,9,1266.7,1,1
1636.0,22,1368,0,0,0,0,1,1171.04,1,0
3824.38,1,151,0,1,5,4,9,3790.32,1,1
14982.77,16,160,1,1,1,1,5,1897.53,1,1
10668.11,22,75,0,0,1,4,5,2817.58,0,1
2773.41,14,608,0,0,0,0,2,2117.19,0,0
1408.54,15,1231,0,0,1,0,4,2802.99,0,0
2623.98,9,6,1,1,4,5,4,1843.78,0,1
13350.86,0,48,1,1,2,4,8,1918.25,1,1
1449.56,22,523,0,0,1,1,1,1332.0,0,0
8961.01,0,24,1,1,5,0,5,1387.86,1,1
7580.2,2,166,1,1,4,0,7,2975.95,1,1
2463.61,12,630,0,0,0,1,2,3297.16,0,0
9089.95,4,190,1,1,3,0,6,1008.16,0,1
6805.89,0,57,1,1,2,3,11,1791.67,1,1
3555.31,13,1066,0,0,0,0,2,1289.77,0,0
6756.52,3,87,1,1,1,2,10,2023.95,1,1
4034.48,4,30,1,0,5,2,6,1480.73,1,1
1505.66,17,336,0,0,0,0,1,1294.53,0,0
2568.5,21,1241,0,0,0,0,5,2406.38,0,0
1208.19,16,513,0,0,0,0,3,1759.79,0,0
2384.89,12,1488,0,0,0,0,1,1165.22,0,0
5700.24,2,134,1,0,5,5,5,1695.03,1,1
20837.09,5,105,1,1,3,3,6,1202.64,0,1
2879.92,19,1457,0,0,0,0,5,1822.79,0,0
13453.14,1,163,1,1,4,3,6,2170.53,0,1
10175.73,18,193,1,1,2,7,9,3372.69,1,1
1943.1,9,109,0,0,0,2,3,2422.05,0,0
6251.34,5,244,1,1,4,4,11,1060.87,1,1
11535.65,18,234,1,1,5,4,8,3347.78,1,1
16735.76,4,2,0,1,4,3,8,2209.03,1,1
2522.67,9,877,0,0,0,0,1,1978.8,0,0
9611.83,5,116,1,1,4,3,10,1803.61,1,1
2706.9,18,1171,0,0,0,1,1,1640.0,1,0
1627.48,13,762,0,0,0,0,4,2195.92,0,0
1689.58,11,333,0,0,0,0,0,2260.73,0,0
5578.46,5,199,1,1,4,1,8,1864.73,1,1
17890.1,11,160,1,1,3,3,4,2671.88,1,1
4368.12,4,246,1,1,5,5,12,840.37,1,1
3177.37,1,98,1,1,1,1,6,1216.77,1,1
1796.11,19,238,0,0,0,1,1,1352.94,0,0
1814.32,11,304,0,0,1,0,2,2495.8,0,0
5599.11,5,10,1,1,3,3,13,1017.59,1,1
2659.39,19,815,0,0,0,2,1,2154.36,0,0
2849.59,4,248,1,1,2,3,9,983.85,0,1
1847.6,22,893,0,0,1,0,2,1364.63,1,0
4936.4,5,85,1,1,2,4,11,2271.69,1,1
5509.11,2,111,0,1,5,3,10,1173.66,1,1
2943.93,3,127,1,1,4,3,12,1065.69,1,1
8962.22,13,100,1,1,1,6,8,1538.41,0,1
3787.51,5,113,0,1,4,2,7,1787.48,0,1
1592.91,18,302,0,0,1,0,5,1083.07,1,0
3932.9,17,1328,0,0,0,1,3,1812.78,0,0
1268.02,9,987,0,0,0,1,5,2066.63,0,0
1597.76,15,375,0,0,0,0,6,1556.2,0,0
6521.01,3,22,1,0,3,3,9,1384.89,1,1
1045.28,15,390,0,0,0,0,3,2763.62,0,0
8331.69,4,230,1,1,3,0,14,2759.05,0,1
9626.29,5,175,0,1,4,3,6,1405.53,1,1
6280.63,8,181,1,1,4,1,12,1864.54,0,1
6174.47,2,6,1,0,5,4,8,2822.49,0,1
2726.08,20,373,0,0,0,1,5,1172.64,1,0
8331.0,10,108,1,1,5,6,5,2890.98,1,1
6722.35,4,249,1,1,2,3,5,1470.99,1,1
4259.55,3,104,1,1,3,5,8,2945.22,0,1
1781.53,15,259,0,0,0,2,3,2086.64,0,0
2539.47,11,1134,0,0,0,2,2,1763.07,0,0
7767.9,3,179,1,1,4,3,6,1622.46,1,1
2112.69,8,22,1,1,2,2,9,1670.99,1,1
1720.0,21,948,0,0,1,0,2,1861.5,0,0
13040.92,4,108,1,0,4,1,6,2349.22,1,1
2331.93,9,1260,0,0,0,0,4,2176.71,0,0
1771.28,22,202,0,0,0,0,2,2139.69,0,0
2527.18,19,610,1,0,0,0,0,1757.58,0,0
979.66,10,297,0,0,0,1,0,1805.76,0,0
2489.13,3,176,1,1,3,3,6,1615.14,1,1
11764.67,2,116,1,1,5,2,12,433.95,0,1
4425.39,16,806,1,0,0,0,4,1296.25,0,0
7116.46,2,155,1,1,4,6,4,1598.35,1,1
4203.45,15,595,0,0,0,0,4,1937.6,0,0
4484.09,14,65,1,1,3,7,6,957.11,0,1
1745.82,19,1007,0,0,0,0,1,1320.73,0,0
2326.43,20,1020,0,1,1,0,6,1305.29,1,0
3105.55,18,920,0,0,2,0,5,2269.58,0,0
6284.46,2,191,1,1,4,4,7,3554.69,0,1
2976.64,8,1211,0,0,0,0,3,1577.07,0,0
2890.09,3,100,0,1,3,5,6,1196.08,0,1
1224.84,16,1016,1,0,0,1,1,2277.32,0,0
2735.42,10,471,0,0,0,0,1,2337.97,0,0
5195.73,3,241,1,1,5,3,9,2088.72,0,1
2676.83,4,239,1,0,5,2,14,1504.57,1,1
3991.02,1,240,0,0,5,4,6,2702.31,0,1
2014.79,4,59,1,1,4,6,9,3353.85,0,1
1542.0,17,658,0,0,1,0,6,4129.07,0,0
1880.11,16,184,0,0,0,2,2,1964.78,0,0
4139.12,17,1023,0,0,0,1,3,2517.13,0,0
3225.61,8,496,1,0,0,0,1,3482.65,0,0
19646.05,1,132,1,1,2,3,6,1010.26,0,1
2472.78,18,261,0,0,0,0,6,3050.88,0,0
9581.2,3,179,1,1,2,4,6,1824.43,1,1
2404.63,19,976,0,0,0,0,3,3052.18,0,0
4212.41,1,105,0,1,4,3,10,1960.01,0,1
5193.48,4,227,1,1,3,3,11,894.8,0,1
1453.01,8,280,0,0,0,1,4,1518.12,0,0
1488.35,16,1203,0,0,0,0,3,1882.83,0,0
9461.14,0,137,1,1,3,1,14,2357.1,1,1
6685.66,2,242,0,0,3,0,7,959.75,0,1
18748.99,21,168,1,1,5,1,8,2345.75,0,1
1848.23,13,419,0,0,0,0,1,2210.92,0,0
5513.04,0,97,1,1,3,3,8,1205.39,0,1
1795.84,12,916,0,0,1,1,1,2369.72,0,0
3442.12,15,1355,0,1,0,0,3,1096.79,0,0
9808.86,15,247,0,1,2,3,10,4174.47,1,1
4366.04,11,171,0,1,4,4,4,2073.76,1,1
4758.87,5,156,1,1,4,2,7,2608.26,0,1
5275.78,1,157,1,1,4,4,12,2201.29,1,1
2273.43,3,127,1,1,5,4,16,2141.69,1,1
6373.43,1,50,0,1,1,5,17,1992.16,0,1
1991.77,11,1135,0,0,1,1,5,2399.11,0,0
1686.72,9,660,0,0,1,2,3,1918.45,0,0
1957.52,8,1465,0,0,0,0,3,1584.17,0,0
2847.82,22,1272,0,0,0,1,2,1777.19,0,0
4831.1,19,1094,0,0,0,1,4,1363.9,0,0
1981.58,11,326,0,0,0,0,3,2449.7,0,0
831.88,17,1482,1,0,1,2,4,875.57,0,0
4154.67,4,79,1,1,1,1,9,1420.7,1,1
2365.89,20,1304,0,0,1,1,3,1230.33,0,0
1792.02,18,137,1,1,2,4,10,1917.6,1,1
9869.46,5,95,1,1,5,3,9,1287.59,0,1
2996.07,17,1061,0,0,0,2,4,1660.87,0,0
1309.55,13,632,0,0,0,1,4,1999.1,0,0
2356.55,20,84,0,0,0,2,3,3209.72,0,0
6448.75,4,146,1,0,4,3,8,1911.69,1,1
2921.33,10,1024,0,0,0,0,4,1564.14,0,0
3567.75,4,203,1,1,4,4,9,1577.6,1,1
7298.72,4,107,0,1,2,4,13,982.63,1,1
1392.88,14,432,1,1,0,0,2,1275.17,0,0
2708.0,14,744,0,0,0,0,0,2058.04,0,0
1532.1,15,1423,0,0,0,0,3,1190.22,0,0
3789.66,2,39,1,1,5,2,10,3554.75,1,1
2656.26,7,170,1,1,4,2,9,1392.85,0,1
1676.21,18,370,0,0,0,1,0,2962.38,0,0
4884.43,6,132,0,1,4,2,12,3300.62,1,1
2149.87,14,797,0,0,0,0,4,2846.12,0,0
6655.29,0,101,0,1,1,3,10,1967.1,0,1
1474.29,19,1359,0,0,1,1,1,2371.16,0,0
7230.6,1,5,1,1,4,2,9,1542.15,1,1
1948.51,13,1212,0,0,0,0,4,1087.22,0,0
5734.94,1,8,1,1,2,6,6,2446.76,1,1
2500.86,8,649,0,0,0,0,2,2395.15,0,0
5605.61,8,10,0,1,4,3,3,1394.33,1,1
709.11,14,80,0,0,2,1,2,3191.87,0,0
11296.04,4,232,1,1,3,1,12,1944.73,1,1
2058.11,22,1279,0,0,0,0,3,1494.27,0,0
4085.64,15,1203,0,0,0,1,3,1327.48,0,0
2455.42,9,475,0,1,0,0,3,879.68,0,0
4977.55,5,142,1,0,5,2,5,1423.83,0,1
12319.66,5,16,1,1,2,0,12,2814.5,1,1
2980.96,13,1408,0,0,0,0,7,1077.84,0,0
769.04,12,66,0,1,0,1,2,2419.42,0,0
3265.63,19,170,1,1,4,2,9,1518.28,1,1
1899.58,12,1153,0,1,0,0,5,2957.61,0,0
2974.86,15,984,0,0,0,1,2,1180.43,0,0
3095.0,10,338,0,0,1,0,8,3818.17,0,0
5886.43,17,12,1,1,4,3,6,1080.42,0,1
1692.29,21,101,0,0,0,0,2,2684.22,0,0
1816.26,17,816,1,0,0,2,6,1918.92,0,0
821.98,16,802,0,0,0,0,5,3583.25,0,0
3112.28,22,795,0,0,0,0,4,1871.92,0,0
6980.09,5,116,1,1,5,2,6,2150.87,0,1
4698.03,16,383,0,0,0,0,2,1072.64,0,0
3636.55,9,790,1,0,0,0,3,2553.35,0,0
814.78,12,455,0,0,0,1,4,3119.3,0,0
3751.58,15,1383,0,0,0,1,1,2125.26,0,0
2202.16,17,232,0,0,0,1,4,878.17,0,0
2517.3,20,119,0,0,2,0,4,1772.52,0,0
5588.1,10,231,1,0,4,1,10,1955.33,1,1
8562.11,1,208,0,1,5,5,6,1053.96,1,1
2316.8,2,208,1,1,2,2,9,1982.33,0,1
5048.86,18,93,1,0,0,1,2,1935.59,0,0
2483.22,17,492,0,0,0,0,5,1595.41,0,0
2198.81,9,213,1,1,2,2,5,1352.79,1,1
5357.83,15,787,0,0,0,1,1,2001.28,0,0
1536.58,5,88,1,1,4,3,9,1323.17,1,1
13413.73,1,9,0,1,3,2,6,1867.24,0,1
2286.15,22,1017,0,0,0,0,3,2255.18,0,0
1718.51,15,259,1,0,0,1,3,1067.64,0,0
8484.71,4,195,1,1,4,7,9,2017.37,0,1
3076.08,1,216,1,0,5,4,10,1888.61,0,1
2650.18,10,1058,0,0,0,0,2,1622.51,0,0
6839.4,3,176,1,1,5,4,3,1665.95,1,1
6977.65,0,39,1,1,5,3,3,1703.35,0,1
3481.28,4,183,1,1,3,1,7,1433.83,0,1
8597.52,3,176,1,1,2,2,6,1871.57,1,1
7968.83,0,126,1,0,5,6,5,2685.45,0,1
6283.0,1,71,1,1,4,3,9,1675.25,0,1
4972.28,5,52,1,1,3,3,12,1225.06,0,1
1679.68,18,682,0,0,1,0,2,2238.13,0,0
8350.82,0,142,0,1,4,4,7,1854.81,1,1
10418.9,3,207,1,1,3,7,6,2913.98,1,1
15388.67,4,138,1,1,2,1,11,2341.61,0,1
1922.03,8,937,0,0,0,0,3,2052.15,0,0
2667.4,13,173,0,0,1,1,6,1185.64,0,0
1760.68,15,661,1,0,0,1,3,1033.58,0,0
6808.38,1,117,1,1,2,2,7,2494.66,1,1
3380.71,19,742,0,0,0,0,6,1857.06,0,0
1613.74,8,704,0,0,0,0,2,1572.68,0,0
1971.16,12,405,0,0,0,0,2,1403.43,0,0
9298.2,10,94,1,1,5,2,9,1415.97,1,1
1237.14,22,1356,0,0,0,0,5,1981.31,0,0
4353.99,5,39,0,1,3,3,8,2286.39,1,1
3272.86,5,88,0,1,3,4,10,1608.91,0,1
4230.8,5,244,1,1,2,2,12,1967.7,0,1
3104.29,1,247,0,1,5,2,16,1410.25,1,1
1314.66,18,944,0,0,0,0,1,2363.01,0,0
3934.31,11,4,1,1,4,5,4,2234.76,1,1
5582.8,3,123,1,1,4,2,8,1642.04,1,1
1813.01,1,146,1,1,3,2,6,2450.74,0,1
12445.34,1,214,1,1,1,3,4,1574.03,1,1
2792.46,6,170,1,1,4,3,4,1267.44,0,1
3108.35,1,44,1,0,2,4,9,1521.07,0,1
819.77,10,940,0,0,0,0,2,2147.81,0,0
4067.39,10,1433,0,0,0,0,2,1753.39,0,0
2509.5,1,199,1,1,1,3,7,1375.93,1,1
822.16,10,795,0,0,0,0,3,1816.08,0,0
1457.67,15,1035,0,0,2,1,2,1151.2,0,0
5066.29,5,28,1,1,4,5,6,1566.48,1,1
1781.27,16,127,1,1,0,0,4,1333.72,1,0
3051.65,10,835,0,0,0,0,4,2459.98,0,0
1702.15,18,320,0,0,0,0,0,1273.21,0,0
2189.51,0,43,1,1,4,4,13,1872.23,1,1
1611.32,15,613,1,0,0,0,3,2354.99,0,0
3377.99,18,396,0,0,0,0,2,2757.82,0,0
7024.51,0,20,1,1,3,4,5,1382.08,0,1
1517.14,17,698,0,0,0,2,1,2443.62,0,0
1794.72,15,548,0,0,1,0,0,1076.93,0,0
2356.11,10,458,0,0,0,1,3,909.14,0,0
12827.4,4,60,1,1,5,1,5,3508.03,1,1
2999.32,11,252,1,1,0,1,4,1068.53,0,0
4508.26,8,247,1,1,3,1,12,1564.3,0,1
1445.48,21,608,0,0,1,0,4,1491.28,0,0
4253.43,2,131,1,1,5,3,8,1850.4,1,1
20381.55,5,10,1,1,3,1,5,1328.1,1,1
1597.12,19,87,0,0,0,1,1,1666.15,0,0
2039.11,17,231,0,0,0,0,3,1524.6,0,0
2702.13,20,710,0,0,1,1,5,1726.04,0,0
1496.6,14,1311,0,0,0,0,2,1892.9,0,0
2048.33,18,966,0,1,1,1,4,1698.48,0,0
1584.97,11,1480,0,0,2,2,1,1763.34,0,0
1893.37,19,529,0,1,0,0,3,1226.47,0,0
16991.88,4,189,0,1,5,0,5,1070.0,0,1
6633.52,1,96,1,1,5,2,11,1739.36,1,1
1562.7,14,565,1,0,0,0,6,1113.63,0,0
2529.85,21,631,0,0,1,3,2,1835.77,0,0
1235.13,22,239,0,0,0,1,5,1447.85,0,0
3213.62,12,1407,0,0,1,1,4,2235.25,0,0
1930.82,13,933,0,0,0,0,3,1460.18,0,0
11037.54,1,229,1,1,1,2,13,2327.78,1,1
2459.93,17,1343,0,0,1,1,4,2456.39,1,0
3384.92,18,316,0,0,1,2,0,1423.79,0,0
1560.2,13,839,0,0,0,0,2,2184.44,0,0
4028.37,0,166,1,1,3,3,4,1090.2,1,1
5263.2,5,1,1,1,2,5,11,1770.84,1,1
4484.11,4,61,1,1,4,2,9,1270.62,0,1
1317.62,21,1110,0,0,0,1,3,3224.93,0,0
1650.68,22,1106,0,0,0,0,2,2109.78,0,0
3074.16,17,228,1,0,2,0,5,2052.44,1,0
4870.06,0,245,1,1,3,2,8,2186.22,1,1
11608.88,5,112,1,1,2,0,8,1673.43,1,1
4633.58,2,176,1,1,3,3,7,2557.35,0,1
8931.27,3,177,1,1,2,2,9,1632.76,1,1
16914.23,3,170,1,1,4,5,12,1999.79,0,1
12591.13,8,237,0,1,2,4,11,1517.77,0,1
2318.89,16,1144,0,0,0,1,6,1582.15,0,0
1287.73,13,1053,0,0,0,1,2,1760.96,0,0
10077.76,22,195,1,1,1,3,11,1450.8,1,1
10767.5,2,16,1,1,4,3,4,2113.45,1,1
1839.54,13,335,0,0,0,2,3,2839.55,1,0
1241.96,13,604,0,0,0,0,6,2205.14,1,0
1626.29,17,1411,0,0,1,2,3,3399.42,0,0
12177.92,14,140,1,1,1,3,6,2342.66,0,1
1365.27,22,474,0,0,0,0,5,1505.94,0,0
1808.82,16,556,0,0,0,1,5,1000.59,0,0
1590.51,13,610,0,0,1,0,2,1917.71,1,0
2025.65,13,258,0,0,0,1,0,2440.7,0,0
1841.04,16,1297,0,0,0,1,4,1265.82,0,0
3178.05,19,1264,0,0,0,2,0,3149.28,0,0
12923.45,13,103,1,0,2,1,7,1499.03,1,1
4140.82,18,1200,0,0,0,1,5,1906.03,0,0
1775.45,10,1106,0,0,0,0,2,1406.11,0,0
5071.88,3,35,1,1,5,2,5,2588.14,1,1
6510.07,19,139,1,1,3,6,15,1570.43,1,1
1424.56,20,230,0,0,0,0,6,1123.68,0,0
7306.36,5,102,1,1,1,2,10,1437.86,1,1
12416.74,4,130,1,1,5,2,6,2011.33,0,1
13813.3,1,248,1,0,3,2,6,3392.67,0,1
1264.51,15,101,0,0,1,1,2,1971.04,0,0
2426.56,20,111,0,0,0,0,2,1503.99,0,0
5731.88,4,131,1,1,5,3,5,1308.34,1,1
2624.39,12,791,0,0,0,0,1,3115.7,0,0
5143.09,1,164,1,1,4,3,8,2019.54,0,1
2053.08,10,156,0,0,0,0,2,1952.7,0,0
8102.66,3,135,1,1,4,1,12,1723.18,1,1
6908.7,13,179,1,1,3,2,6,1916.49,1,1
1431.94,8,682,0,0,0,0,6,2735.55,0,0
9860.38,11,208,1,0,2,2,7,1425.03,1,1
2363.55,19,1071,0,1,1,0,4,3003.73,0,0
4488.46,15,1145,0,0,0,0,3,2698.94,0,0
3793.41,13,46,1,1,4,2,11,1408.0,1,1
4216.46,0,148,1,1,2,3,12,2422.78,0,1
4721.23,6,56,1,1,5,3,7,1228.9,0,1
1357.84,9,824,0,0,1,0,3,1636.95,0,0
5354.73,4,54,1,1,3,4,7,2288.1,1,1
8733.69,4,36,1,0,4,1,4,2224.78,0,1
8165.66,5,135,1,1,5,0,11,2569.68,1,1
12525.43,2,229,1,1,4,3,8,2308.25,1,1
3142.36,1,227,1,1,4,6,10,1599.05,1,1
4726.3,1,188,1,0,1,3,9,1861.88,0,1
7230.2,2,30,1,1,5,4,6,1826.58,1,1
1640.54,17,398,0,0,0,0,4,1826.66,0,0
7656.52,4,142,0,1,4,5,12,1125.36,0,1
1936.23,17,875,0,0,0,0,5,1095.33,0,0
3953.3,0,192,0,1,4,9,10,1774.71,1,1
2404.84,10,1316,0,0,0,0,3,2099.96,0,0
2352.14,17,1090,0,0,2,1,4,1703.56,0,0
7992.9,2,134,0,1,4,3,9,1299.39,1,1
2162.32,0,115,1,1,5,1,14,1521.38,1,1
2548.34,14,1052,0,0,0,0,2,2332.34,0,0
1121.25,21,536,0,0,0,1,3,2180.43,1,0
1747.69,8,1481,0,0,1,1,1,1981.24,0,0
8869.66,3,15,1,1,3,1,11,2122.7,1,1
7153.46,10,143,1,1,2,4,11,1867.26,1,1
4664.86,21,1063,0,0,0,2,3,1949.07,0,0
2744.24,21,96,1,0,5,4,4,1785.33,0,1
1923.14,9,906,0,0,0,0,6,3216.93,0,0
2459.06,21,882,0,0,0,2,7,1637.01,0,0
4090.12,17,436,0,0,0,0,3,1962.72,0,0
9725.75,5,235,1,0,1,3,7,1442.56,1,1
4554.78,1,90,0,1,4,3,6,1653.01,1,1
3340.69,16,781,0,0,0,1,5,1220.76,0,0
12372.13,5,118,1,1,4,4,11,1202.72,0,1
3181.23,10,1169,0,0,0,1,4,2102.42,1,0
8679.04,2,128,1,0,3,7,5,2191.9,1,1
5707.32,0,74,1,1,5,3,12,2852.2,1,1
2644.65,1,133,1,1,3,3,5,3335.79,1,1
8132.08,3,228,1,1,2,2,12,2649.36,1,1
5907.99,3,42,1,0,3,2,9,1493.34,1,1
2715.41,3,146,1,1,2,2,14,1216.0,1,1
10132.82,0,105,0,1,3,0,11,1898.91,1,1
16207.34,0,239,1,1,5,3,8,2169.13,0,1
2809.69,18,1142,0,0,0,1,2,1823.58,0,0
7993.62,22,1248,0,0,2,0,3,2512.66,0,0
5213.28,16,42,1,1,5,2,11,2299.75,1,1
1625.18,10,774,0,0,0,1,5,1765.64,0,0
2742.23,17,474,0,0,0,1,4,2688.77,0,0
4447.36,18,84,1,1,5,0,6,1275.05,0,1
6073.06,3,220,0,1,5,3,8,1627.76,0,1
12216.36,3,88,1,1,4,5,7,1439.02,1,1
1030.06,11,789,0,1,0,0,5,1899.17,0,0
10728.1,2,175,1,0,5,1,11,2190.01,1,1
2676.17,19,1160,0,0,2,3,1,1967.45,0,0
4088.08,0,76,0,1,2,2,6,2964.7,1,1
3432.14,8,827,0,0,0,4,5,1930.8,0,0
1926.95,9,417,0,0,0,0,1,1883.56,0,0
1232.17,12,207,0,0,0,0,5,1967.6,0,0
10749.73,4,194,1,1,4,1,8,3328.26,0,1
2266.07,10,733,1,0,0,1,2,1192.05,0,0
1086.5,21,944,0,0,1,0,2,1102.61,0,0
3793.86,15,1242,0,0,0,1,3,1402.9,0,0
4264.01,4,79,0,0,3,2,8,2179.7,1,1
3017.66,21,1428,1,0,0,2,1,2935.56,0,0
2665.77,8,897,0,0,0,0,2,2178.14,0,0
1485.06,17,850,1,0,1,0,3,1423.59,0,0
1820.46,10,174,1,0,0,0,5,1282.34,0,0
2002.01,14,459,0,0,0,0,3,1884.4,0,0
1815.63,13,564,0,0,0,0,2,851.45,0,0
8247.09,0,102,1,1,2,3,11,2885.36,1,1
1177.64,12,960,0,0,0,1,3,1640.53,0,0
3396.9,1,24,1,1,5,4,8,1177.33,1,1
3362.75,15,1411,0,1,0,1,5,2115.9,0,0
1359.57,10,1474,0,0,1,0,5,1739.87,0,0
5643.96,15,238,1,1,5,6,5,1716.81,1,1
4310.93,1,158,1,1,2,7,7,1707.54,1,1
3788.24,12,990,0,0,0,0,2,1599.93,0,0
2830.51,22,545,0,0,1,0,2,1337.27,0,0
3278.42,3,63,1,1,4,3,8,1587.88,1,1
2652.68,17,1424,0,1,1,0,3,1299.16,0,0
5667.47,14,865,0,0,0,0,4,1190.22,0,0
1297.96,16,595,0,0,0,0,4,2021.1,0,0
7857.09,3,80,1,0,4,2,7,1315.92,1,1
11669.42,9,88,1,1,3,2,7,1433.42,0,1
11815.75,5,72,0,1,2,2,7,2831.21,1,1
7833.76,9,244,1,1,3,1,3,1377.69,0,1
7695.73,0,195,1,1,4,3,6,2233.26,1,1
3648.36,5,141,1,1,1,1,16,3675.11,0,1
1802.65,10,626,0,0,0,0,2,2245.06,0,0
2496.75,22,1291,0,0,0,0,1,2226.23,0,0
1257.58,16,1278,0,0,0,0,2,1937.53,0,0
8244.76,0,113,1,1,3,3,12,1076.65,0,1
3633.73,4,78,0,1,4,1,11,951.72,0,1
1263.34,0,38,1,1,1,1,8,3030.28,0,1
3111.32,16,74,1,1,5,4,9,4273.01,0,1
1061.84,18,364,0,0,0,2,3,1715.31,0,0
2986.13,2,191,1,1,1,1,8,1916.41,1,1
4123.11,1,53,1,1,5,1,7,2142.86,0,1
2842.71,8,626,0,0,0,1,1,2634.46,0,0
8579.92,1,234,1,0,5,1,8,2359.29,1,1
12411.84,8,22,1,1,2,6,13,1343.46,0,1
1847.62,15,1026,0,0,0,0,4,1539.99,0,0
4605.53,0,54,1,1,1,0,7,867.45,1,1
7316.85,2,168,1,1,3,2,12,2523.34,1,1
5181.5,0,187,0,1,4,6,3,2309.67,1,1
1652.83,9,509,0,0,0,0,5,2211.45,0,0
6540.7,5,106,1,1,4,1,6,877.36,0,1
4860.86,2,81,1,1,5,3,12,1002.3,0,1
6860.58,1,38,1,1,3,4,8,1323.58,0,1
770.15,8,1362,0,0,2,0,3,1188.42,0,0
3965.93,19,1021,0,0,0,0,4,3224.27,0,0
5889.81,17,45,1,0,1,3,8,3237.81,1,1
2044.89,20,750,0,0,0,0,5,2566.12,0,0
1675.56,21,564,0,1,0,0,3,1785.98,0,0
24580.45,0,62,1,1,2,6,9,2336.85,0,1
1432.0,16,271,0,0,1,0,3,2214.2,1,0
2414.34,8,313,1,0,0,0,2,1286.53,0,0
10564.4,12,245,1,1,5,4,7,1601.15,1,1
1835.5,20,162,1,1,2,6,4,2110.78,0,1
2586.13,11,254,0,0,0,0,5,1329.49,0,0
1723.21,20,981,0,0,0,0,5,1109.44,0,0
5425.17,1,102,1,0,1,5,9,1871.48,0,1
5985.45,3,92,1,1,2,1,8,2806.33,0,1
8781.38,0,199,1,0,5,3,4,946.79,1,1
3727.33,5,172,1,1,3,2,8,1183.35,1,1
1097.95,17,82,0,0,0,0,4,1558.21,0,0
3064.25,4,165,1,0,1,3,8,1737.17,1,1
10594.56,4,127,1,1,2,3,7,1271.62,0,1
737.29,17,317,0,0,0,0,3,964.16,0,0
2547.06,14,146,0,1,1,2,10,1455.51,1,1
11009.34,2,96,1,1,3,2,9,1673.11,1,1
6378.0,13,32,1,1,1,2,3,1460.04,0,1
11001.48,5,5,1,1,1,2,9,1786.3,1,1
5559.72,5,11,0,1,5,2,6,1874.02,1,1
6564.86,16,195,1,0,2,2,9,1761.05,1,1
2678.2,15,341,1,0,0,0,6,1763.11,0,0
2364.57,16,768,0,0,0,2,2,978.48,0,0
3179.61,10,760,0,0,0,1,1,2316.28,0,0
1689.29,13,717,0,0,2,1,3,2588.16,1,0
3054.69,10,522,0,0,2,0,2,2489.56,0,0
1588.64,1,129,1,0,4,3,8,855.89,0,1
2586.22,22,732,0,0,0,1,3,1791.01,0,0
12065.86,9,140,1,0,2,2,8,1141.96,1,1
6774.29,0,22,1,1,3,4,8,1423.27,1,1
9493.39,18,130,1,1,4,2,9,2057.19,1,1
4522.93,3,247,1,1,3,1,6,2189.6,1,1
6688.74,20,89,1,1,3,5,7,2344.95,1,1
1384.29,16,525,0,0,1,2,7,1412.06,0,0
1203.31,18,250,1,0,0,2,5,1704.96,0,0
2157.08,10,1303,0,0,0,1,3,1960.56,0,0
6686.64,0,70,1,1,2,0,9,3449.75,1,1
6074.02,5,114,1,1,4,1,9,1091.23,1,1
2302.7,11,1300,0,0,0,0,6,1326.21,0,0
2694.72,2,69,1,1,3,3,17,1538.34,1,1
2085.83,15,291,0,0,0,1,5,1170.88,0,0
2256.19,22,592,0,0,2,0,1,1493.79,0,0
1147.62,14,807,0,0,0,1,3,1886.8,0,0
4162.94,19,184,1,1,3,4,11,2035.43,1,1
16842.09,22,78,1,1,3,1,8,2177.59,0,1
2297.38,8,1001,1,0,2,1,5,1241.14,0,0
4252.57,12,809,0,1,0,0,3,1216.28,0,0
5136.01,19,206,0,1,0,1,4,935.69,0,0
2445.6,16,857,0,0,0,0,3,2486.84,0,0
705.31,10,1087,0,1,0,1,2,1485.99,0,0
1992.84,12,997,0,0,0,4,3,1261.2,0,0
1412.12,17,581,0,0,0,1,2,2618.34,0,0
3741.73,9,642,0,0,2,1,5,1477.28,0,0
1820.21,8,723,0,0,0,1,6,2448.08,0,0
2070.15,17,1492,0,0,0,0,3,2145.62,0,0
10159.31,1,129,1,1,4,5,13,1999.05,1,1
17407.57,3,150,1,1,4,1,9,1442.34,1,1
1281.24,8,1136,0,0,0,1,6,2017.58,0,0
1482.47,12,321,0,0,0,0,1,1601.68,0,0
8435.55,5,35,0,1,4,2,7,1737.12,1,1
6163.76,2,113,1,1,2,3,6,1944.02,1,1
2220.87,16,689,0,0,0,0,1,2567.91,0,0
3072.48,20,785,0,0,0,1,2,1794.15,0,0
3520.69,4,142,0,1,5,6,7,1747.11,1,1
6405.31,5,203,1,1,3,4,8,2237.47,1,1
1010.72,11,1451,0,0,0,0,5,1398.41,0,0
2266.88,9,620,0,0,0,0,5,1552.83,0,0
5511.37,1,168,1,1,5,4,6,1699.2,1,1
3026.45,1,179,1,1,4,3,5,1777.6,0,1
22399.7,1,16,1,0,5,1,6,1924.43,0,1
3735.57,17,536,0,1,0,1,0,1181.31,1,0
4634.83,5,231,1,1,4,4,10,2432.75,0,1
1766.49,10,703,0,0,0,0,2,2392.57,0,0
2823.44,18,1422,0,0,0,0,2,2216.97,0,0
5132.82,2,91,1,0,5,0,11,1143.69,0,1
6085.93,3,146,1,0,3,3,6,1503.54,1,1
1954.52,17,468,0,0,0,1,3,1838.54,0,0
1482.29,13,702,0,0,2,0,4,1571.64,0,0
1513.68,12,1307,0,0,2,0,2,1845.12,0,0
1319.47,13,560,0,0,0,0,6,1869.71,0,0
1975.58,14,1410,0,1,2,0,3,2096.79,0,0
6768.8,2,154,1,0,2,2,7,2164.44,1,1
9377.86,11,224,1,1,5,2,6,2502.94,1,1
2392.2,9,142,0,0,1,3,6,1296.92,0,0
1097.28,15,225,0,0,0,0,1,1815.48,0,0
1816.49,8,828,0,0,0,0,4,2341.24,0,0
4326.43,11,143,1,1,5,4,10,1703.05,0,1
6922.09,2,99,1,1,5,5,11,1186.46,0,1
1873.77,11,531,0,0,1,0,0,1458.49,0,0
912.56,13,515,0,0,0,0,2,2022.93,0,0
2072.91,8,221,0,1,0,1,5,1569.67,0,0
857.04,14,689,0,0,0,1,4,1607.05,0,0
9196.11,1,8,1,1,5,3,7,1574.41,0,1
4074.05,14,226,1,1,2,2,7,1525.14,0,1
956.36,15,534,1,0,0,0,1,2673.65,0,0
5715.32,0,31,1,1,4,5,8,1354.05,1,1
4213.39,5,94,1,0,3,3,5,1975.19,1,1
10441.87,4,155,1,0,5,4,7,1453.08,1,1
1745.65,8,214,1,1,0,1,2,1197.54,0,0
20055.1,3,135,1,1,2,1,5,1475.52,1,1
2489.26,21,1102,0,0,1,0,2,1137.86,0,0
9172.64,5,188,1,1,3,1,5,1816.51,0,1
2793.38,21,913,0,0,0,0,4,1276.07,0,0
10298.22,14,72,0,1,3,1,9,2266.17,1,1
5958.98,5,44,1,1,5,3,6,2156.44,1,1
9304.77,5,170,1,1,5,3,9,3567.86,1,1
1963.21,16,639,1,0,2,1,3,1108.53,0,0
1501.22,20,1003,0,1,0,1,6,1087.51,0,0
3672.94,5,145,0,1,5,3,8,2802.72,1,1
1103.06,13,298,0,0,0,1,2,1460.12,0,0
10687.47,0,125,1,1,2,2,5,4101.08,1,1
1331.3,3,158,1,1,4,2,7,1127.01,1,1
5748.62,4,116,1,1,3,1,6,1725.96,1,1
2387.25,4,63,1,1,3,4,4,816.58,0,1
2806.57,3,16,1,1,3,4,8,1836.3,0,1
6665.16,3,200,1,1,3,4,4,2417.08,1,1
3352.27,2,197,1,1,5,1,10,2606.11,0,1
12197.85,4,73,1,1,4,3,7,1605.87,0,1
2543.49,3,192,1,1,3,3,12,1725.52,0,1
4122.4,4,178,1,0,5,2,5,1884.52,1,1
2256.4,12,813,0,0,2,1,1,3084.43,0,0
1413.55,20,421,0,0,0,2,0,3072.2,0,0
1310.41,14,1104,0,0,2,1,5,3551.05,0,0
3953.35,5,194,0,0,3,3,10,1336.47,0,1
3269.36,17,340,0,0,0,1,4,2168.93,0,0
2305.99,21,224,0,0,0,0,4,1479.96,0,0
3464.32,12,1237,0,0,0,0,3,1757.96,1,0
2075.59,12,689,0,1,0,2,4,2214.1,0,0
4341.57,0,49,1,1,2,3,10,1292.96,1,1
3953.75,4,88,1,1,4,1,3,1228.42,1,1
4402.11,22,431,0,0,1,1,2,1846.64,0,0
3969.15,19,1322,0,0,0,0,2,1905.43,0,0
16002.85,4,49,1,1,5,4,14,1576.18,1,1
8618.45,1,77,1,1,3,3,6,1602.13,1,1
5970.32,13,141,1,1,3,5,12,1411.4,1,1
6184.46,0,16,1,1,3,2,4,2552.25,1,1
1977.12,9,1280,0,0,0,0,7,3277.17,0,0
2822.98,12,130,0,0,0,0,9,1463.48,0,0
2098.18,17,586,0,0,1,0,5,2354.59,0,0
4346.02,16,501,0,0,0,0,6,3914.26,0,0
1917.25,9,102,0,0,1,0,3,947.6,0,0
2284.61,19,1029,0,0,0,1,3,2632.81,0,0
4953.84,4,141,1,1,3,3,9,1016.24,1,1
2754.94,5,78,1,1,3,1,6,902.27,1,1
14156.2,0,18,1,0,2,1,5,1646.48,1,1
2089.13,21,36,0,1,5,2,7,1915.53,1,1
7403.45,3,95,1,1,5,3,8,1079.92,1,1
3180.09,15,660,0,0,0,0,0,2091.51,0,0
4757.4,1,114,1,1,3,1,9,1490.38,1,1
1923.47,14,1209,0,0,0,0,4,1666.5,0,0
1142.06,15,1082,0,0,0,0,1,2481.82,0,0
8010.29,13,129,1,1,3,2,6,1053.35,1,1
2961.81,2,187,1,1,5,4,8,1999.65,0,1
1646.43,13,696,0,0,0,0,3,1510.24,1,0
1290.53,19,84,0,0,0,2,2,1654.38,0,0
1450.68,15,102,1,0,0,0,5,2465.14,0,0
3125.8,2,170,1,1,3,1,6,1876.48,0,1
2184.96,16,620,0,0,0,0,4,818.09,1,0
3568.05,16,292,1,0,0,0,1,1364.09,0,0
5750.78,4,206,0,1,3,2,8,2204.34,1,1
6697.3,1,234,1,1,1,2,12,2156.64,1,1
5073.79,1,170,0,1,5,7,5,2476.88,1,1
2104.76,13,389,0,0,0,0,4,2019.14,0,0
2497.96,20,812,0,1,0,0,3,1731.6,0,0
4251.18,19,12,1,1,2,4,7,1706.06,0,1
4426.39,6,246,1,1,5,4,7,1474.38,1,1
2932.18,8,967,0,0,0,4,6,2830.08,0,0
3788.49,16,1395,0,0,0,0,3,1490.6,0,0
3270.5,0,135,1,1,5,2,8,3951.82,0,1
5253.48,5,8,1,1,3,3,6,1789.32,1,1
2894.46,2,197,1,1,4,2,8,1292.9,0,1
3724.67,1,161,1,1,3,6,6,1302.8,0,1
3720.87,0,57,1,1,3,2,5,1975.83,1,1
5522.85,2,210,1,1,2,1,12,1875.78,1,1
2692.05,20,1475,0,0,0,0,1,1724.11,0,0
2041.83,18,687,0,0,0,1,4,1311.15,0,0
3051.2,15,502,0,1,1,0,1,1334.48,0,0
5957.68,2,38,0,1,5,1,9,1994.14,0,1
2252.78,14,1133,1,0,1,1,1,2390.99,0,0
3830.42,5,125,1,1,5,3,8,1722.11,1,1
1993.67,9,218,0,0,0,1,2,1958.09,0,0
1524.03,13,1184,0,0,0,0,6,1805.47,0,0
2598.47,14,780,0,0,0,1,2,1879.1,0,0
2333.72,13,1244,1,0,0,0,4,2090.12,1,0
2559.7,11,647,0,0,0,0,2,1360.48,0,0
3887.03,0,32,1,0,3,3,6,2233.21,0,1
1232.88,10,1364,1,0,0,1,2,1150.83,0,0
1780.05,12,974,1,0,0,0,5,1849.59,1,0
5282.56,2,54,0,1,3,4,6,1920.75,1,1
2750.34,2,1,1,1,4,3,8,2698.93,1,1
2108.43,17,408,1,0,0,0,2,2146.69,0,0
3861.81,22,779,0,0,1,0,4,1276.76,0,0
5413.83,2,48,0,1,2,2,11,2073.75,0,1
1865.04,14,338,0,0,1,0,6,1067.12,0,0
3076.1,4,111,1,1,1,3,8,951.29,0,1
3383.83,15,327,0,0,0,1,1,1078.55,0,0
1079.76,16,302,0,0,0,2,2,1686.4,0,0
4031.77,20,1466,0,0,0,0,0,1581.82,0,0
2502.1,9,1463,0,0,0,2,4,2163.39,0,0
2058.16,18,984,0,0,1,0,0,2403.62,0,0
10778.83,23,197,1,1,1,4,7,2372.96,1,1
8430.44,6,142,1,1,1,3,5,1301.73,1,1
2848.8,2,171,1,1,1,2,7,1835.18,0,1
2804.58,14,169,1,0,2,1,10,757.21,1,1
2886.72,8,567,0,0,1,0,4,1001.69,0,0
1905.75,13,1039,0,0,1,2,0,2117.21,0,0
1490.68,17,1493,0,0,2,0,2,1313.29,0,0
1989.21,9,1317,0,0,1,1,5,2239.31,0,0
2384.18,15,371,0,0,0,0,3,1381.97,0,0
2034.1,13,1344,0,0,0,0,3,2535.34,0,0
9278.5,0,224,1,1,2,4,2,2441.22,0,1
4347.97,8,300,0,0,1,1,3,2432.44,0,0
1327.67,14,978,0,1,2,1,3,1838.04,0,0
2372.6,19,536,0,0,0,0,2,2033.55,0,0
13385.04,2,244,0,0,3,3,7,3242.25,1,1
3243.3,11,836,0,0,0,0,1,2326.31,0,0
3826.69,3,57,0,1,3,3,4,3677.57,0,1
4306.88,8,990,0,0,0,0,3,2043.16,0,0
3224.89,19,40,0,1,3,5,5,1710.39,1,1
884.93,19,492,0,0,0,1,5,1440.82,0,0
4036.92,21,199,1,1,3,6,13,1487.04,1,1
1605.96,17,289,0,0,0,2,4,2301.06,0,0
2085.73,8,46,1,1,3,6,6,2863.01,1,1
19894.39,2,70,1,1,5,2,7,2210.66,1,1
2663.38,10,1393,0,0,1,0,4,1553.41,0,0
7007.08,12,18,1,1,3,1,9,1526.16,1,1
1884.54,13,1389,0,0,1,0,1,2002.93,0,0
1044.9,15,569,1,0,0,0,4,1362.49,0,0
11084.55,1,47,1,0,4,3,9,873.05,1,1
2944.56,10,1460,0,0,0,0,4,1790.13,0,0
591.41,9,1166,0,0,0,2,2,2654.37,0,0
6338.35,4,249,0,1,4,3,10,2302.97,1,1
2474.92,14,889,0,0,0,2,1,895.85,0,0
11074.26,3,149,1,0,2,2,5,2792.64,1,1
2906.06,13,1019,0,0,0,0,0,1432.11,0,0
4816.82,9,1405,0,0,0,0,1,1429.44,0,0
1461.7,12,117,0,0,0,0,7,823.9,0,0
1009.66,19,401,1,0,1,1,2,2264.0,0,0
7735.99,10,217,1,0,5,2,6,2015.37,1,1
8255.2,13,136,1,1,1,3,5,2502.83,1,1
950.89,18,82,0,0,0,0,1,1977.45,0,0
1041.65,9,1452,1,0,0,0,2,1427.41,0,0
5274.65,0,57,1,1,4,1,6,990.3,1,1
4223.02,4,122,1,1,4,4,13,3835.29,1,1
1246.2,15,264,0,0,0,0,5,2074.98,0,0
5031.31,19,54,1,1,4,2,9,1883.25,1,1
3118.8,19,676,0,0,0,0,1,2585.9,0,0
3424.37,17,1404,0,0,0,0,2,2010.8,0,0
1004.53,14,1341,0,0,0,1,0,1663.78,1,0
5661.97,1,109,1,1,3,2,9,1844.73,1,1
4119.38,12,1426,0,0,0,0,4,2024.92,0,0
5847.44,17,135,1,0,5,2,6,981.57,1,1
6683.31,5,51,0,1,4,6,11,792.14,1,1
5852.54,20,19,0,1,5,3,5,1456.82,0,1
3230.5,4,20,1,1,3,2,8,1830.81,1,1
4106.16,17,100,1,1,3,4,7,1939.27,1,1
1878.4,22,154,0,0,0,0,1,1451.1,0,0
7128.47,18,1334,0,0,0,0,5,1681.89,0,0
1603.4,10,1053,0,0,2,0,3,1191.94,0,0
1393.93,22,1123,0,0,2,0,2,2048.91,0,0
3758.62,19,774,1,0,1,2,1,1309.65,0,0
3197.25,3,148,1,0,3,0,8,1116.63,0,1
2457.91,3,136,1,1,5,1,10,2752.86,1,1
928.67,10,694,0,0,0,1,2,1451.06,0,0
3146.95,8,1296,0,0,1,0,8,1693.21,0,0
7477.38,12,33,1,1,5,3,8,1261.46,1,1
2256.77,12,1080,0,0,0,1,4,2622.38,0,0
3256.01,23,143,1,1,2,2,6,2372.47,1,1
8010.53,5,245,1,1,1,2,10,2976.97,1,1
2563.52,1,62,1,1,5,1,14,2244.61,1,1
5893.56,11,454,0,0,0,0,2,2214.38,0,0
2516.08,21,1112,0,0,0,1,1,1008.06,0,0
5470.87,4,152,1,1,4,3,8,2687.68,1,1
4900.14,11,126,0,0,1,0,2,2537.46,0,0
8332.5,1,9,1,1,3,2,10,1640.2,1,1
2706.56,22,1199,0,0,0,2,5,1989.64,0,0
1213.8,13,685,0,0,0,1,5,1496.09,0,0
13683.44,8,47,1,1,3,7,7,2867.1,1,1
3816.84,1,146,1,1,4,4,11,2911.91,1,1
8379.64,23,121,1,1,4,4,4,1318.61,1,1
17493.08,10,4,1,1,5,1,7,1834.36,0,1
7832.62,4,88,1,1,4,6,7,2272.33,0,1
1702.84,14,719,0,0,2,0,2,1401.48,0,0
6909.48,4,130,1,1,3,2,3,2654.43,1,1
3220.62,10,953,0,0,1,0,2,904.48,0,0
2013.26,12,1175,0,0,0,2,2,1080.37,0,0
8520.94,0,31,1,0,3,2,12,1275.96,1,1
2341.08,10,898,0,1,0,1,7,3726.3,0,0
1592.59,13,177,0,0,0,0,5,1534.84,0,0
4253.13,0,247,1,1,4,5,5,1570.89,1,1
7403.08,2,68,0,1,1,4,9,2529.94,1,1
8088.84,0,102,1,1,5,1,5,1544.85,1,1
4175.51,21,223,0,1,5,2,11,1558.23,1,1
1876.48,22,454,1,1,2,1,2,2143.41,0,0
4518.32,2,51,1,1,4,1,10,1561.73,0,1
1675.55,12,1177,0,0,0,0,3,1815.89,0,0
2667.44,3,6,1,1,3,2,5,1928.99,1,1
4406.37,17,999,1,0,1,1,5,1588.06,0,0
1799.7,22,629,0,0,0,2,4,1879.77,0,0
4132.73,16,527,0,0,0,0,3,755.3,0,0
2314.74,21,376,0,0,0,1,1,990.58,0,0
2627.87,17,867,0,1,0,1,1,3855.14,0,0
1684.78,21,70,0,1,0,1,5,1451.3,0,0
1385.46,20,744,0,0,1,3,1,1557.53,0,0
1918.08,15,196,0,0,0,2,3,1492.74,1,0
1128.87,15,1258,1,0,1,3,3,1750.32,1,0
3826.77,16,712,0,0,0,0,4,1813.31,0,0
2602.0,2,86,0,1,3,3,12,2382.65,1,1
2458.18,22,1102,0,1,0,0,1,1339.2,0,0
8494.26,0,239,1,1,4,2,5,820.54,0,1
3260.36,11,642,0,0,0,0,2,2503.67,0,0
2478.22,20,673,0,0,0,0,4,2247.42,0,0
1281.22,10,905,0,0,1,1,0,2339.66,0,0
2832.75,14,693,0,0,0,1,3,776.49,0,0
3955.24,13,713,0,0,0,1,0,2171.98,0,0
2389.38,14,577,0,0,1,1,1,1125.15,0,0
3773.68,2,95,1,1,5,4,7,1701.8,1,1
8436.71,3,142,1,1,3,4,16,4814.82,1,1
2179.6,11,1062,1,0,1,0,4,2385.56,0,0
2517.64,12,237,0,0,0,0,3,1243.29,0,0
1688.36,21,1483,0,0,0,1,3,1467.89,0,0
3585.92,0,56,1,1,5,3,6,1572.69,1,1
1731.91,11,1449,0,0,1,0,5,1120.95,0,0
2401.01,8,154,0,0,0,1,2,1152.77,0,0
3736.11,17,885,0,0,2,1,3,1628.5,0,0
1964.03,15,270,0,0,0,0,6,1433.73,0,0
2000.48,19,949,0,1,0,1,1,2174.99,0,0
2303.25,16,1295,0,0,0,1,2,2297.73,0,0
11716.84,2,175,1,1,3,2,9,1632.71,1,1
10152.68,5,112,1,1,5,2,4,1750.53,1,1
3688.51,10,387,1,0,0,0,2,1984.82,0,0
4306.25,14,137,1,1,3,2,5,1685.56,1,1
8256.09,5,1,1,0,5,1,12,2439.97,1,1
1759.43,13,433,1,0,0,0,2,1051.89,0,0
10906.82,6,157,1,0,5,3,10,3421.7,1,1
1404.95,10,772,0,1,0,0,1,3275.12,0,0
9503.81,5,6,1,1,4,0,11,2215.77,1,1
1799.64,14,1330,0,0,1,0,1,2312.02,0,0
1687.34,8,568,0,0,0,4,3,1416.88,0,0
3289.62,10,574,0,0,0,1,1,1509.82,0,0
3518.57,11,1477,0,0,0,0,1,1880.27,0,0
6616.91,5,84,1,1,1,6,10,1461.63,0,1
2056.89,9,572,0,0,0,0,1,1374.45,0,0
1692.86,11,1339,0,0,0,0,2,1885.18,0,0
3083.93,5,217,1,1,4,3,14,2674.24,1,1
8955.37,13,135,1,1,2,5,9,2106.69,1,1
2181.03,3,124,1,1,1,3,7,1489.42,1,1
6307.04,0,195,0,1,3,3,6,1312.31,1,1
6781.5,0,99,1,1,2,3,6,3037.18,0,1
1341.48,17,596,1,0,0,2,1,1980.0,0,0
6587.0,5,199,1,1,2,3,11,1133.09,1,1
1229.58,13,271,0,0,0,0,3,1160.63,0,0
9779.76,1,169,0,1,3,2,10,725.38,1,1
4680.07,3,51,1,1,5,1,6,1326.52,1,1
4470.29,10,1288,0,0,0,0,2,1591.38,0,0
1571.0,5,27,1,1,4,3,6,1629.45,0,1
1515.56,22,384,0,0,0,0,3,974.56,0,0
8375.91,22,138,0,1,1,2,7,3239.88,1,1
2197.08,10,924,0,0,0,1,7,1762.96,0,0
3125.41,16,988,1,0,0,1,3,952.35,0,0
1931.17,14,188,0,0,1,0,2,2615.14,0,0
1862.61,15,176,0,0,1,0,1,1510.65,0,0
838.38,22,943,1,0,0,0,4,1115.2,0,0
8316.94,0,43,1,1,5,2,9,3211.98,0,1
1468.33,22,1016,0,0,1,1,2,2085.96,0,0
3056.9,20,469,0,0,0,0,2,2084.88,0,0
821.15,11,392,0,0,0,1,2,1727.44,0,0
4048.89,5,45,1,1,2,6,7,1852.49,0,1
1657.49,21,546,0,0,0,1,2,2054.53,0,0
10587.0,0,246,1,1,4,3,9,1608.44,1,1
3608.06,11,519,1,0,0,0,4,1328.23,0,0
2973.16,16,1430,0,0,0,0,3,1604.73,0,0
5984.03,5,89,1,1,1,3,9,3494.0,1,1
3113.66,3,31,1,1,4,5,7,1671.7,0,1
1788.25,9,538,0,0,1,1,1,1510.81,0,0
1355.75,14,933,0,0,2,1,5,1941.2,0,0
2845.27,10,246,0,0,0,2,2,1288.08,0,0
7789.18,0,44,1,1,4,1,6,2085.6,1,1
4728.8,3,58,1,1,3,1,7,1827.99,0,1
1028.19,18,610,0,0,0,0,6,3708.9,0,0
2543.68,20,169,0,0,1,2,1,2010.48,0,0
1294.51,14,530,0,0,0,0,5,1224.76,0,0
5914.16,1,10,1,1,5,3,4,2098.82,1,1
2173.46,8,106,0,0,0,0,3,1070.7,0,0
11740.91,1,203,1,1,2,1,4,2436.83,1,1
1485.87,13,882,0,0,0,0,1,1786.01,0,0
4916.21,1,177,1,1,4,3,8,1272.02,1,1
9987.91,13,49,1,1,5,5,9,2098.52,0,1
6034.75,2,151,1,1,5,2,9,1256.96,1,1
1468.62,15,615,0,0,1,0,2,2190.67,0,0
6952.66,13,22,1,1,3,1,11,1601.27,0,1
5951.78,18,224,0,1,5,6,7,4623.87,0,1
9895.44,5,221,1,1,5,5,6,2720.79,0,1
2541.87,18,583,0,0,0,0,6,2432.3,0,0
2222.91,8,187,1,1,1,3,7,1241.48,1,1
5378.63,5,205,1,1,2,4,10,925.16,1,1
1895.24,14,929,0,0,1,0,1,1563.19,0,0
9058.52,3,189,1,1,5,3,6,2983.27,0,1
1016.87,17,1430,0,0,1,0,8,2212.13,0,0
16076.88,3,56,1,1,2,5,3,1666.48,1,1
549.16,9,1364,0,0,0,0,3,1609.11,0,0
1054.58,9,1401,0,0,1,0,2,2358.13,0,0
1464.25,21,250,0,0,1,0,0,2142.21,0,0
4105.95,2,216,1,1,5,4,6,1471.08,1,1
1267.31,17,398,0,0,0,0,2,4148.99,0,0
2472.61,17,447,0,0,0,0,3,1670.56,0,0
10704.56,1,84,1,1,4,6,11,1282.41,0,1
5726.87,18,1340,0,0,0,0,5,1254.89,0,0
7422.91,21,80,1,1,3,3,11,1444.16,0,1
5683.16,2,185,0,1,3,2,4,2492.96,1,1
2948.0,5,240,1,1,5,3,7,964.02,1,1
633.85,17,1441,0,0,0,0,4,2421.69,1,0
1334.91,21,1029,0,0,0,2,5,1783.77,0,0
1540.2,17,185,0,0,1,0,2,2189.73,0,0
3228.78,0,133,1,0,4,4,10,1979.11,0,1
3890.49,5,154,1,1,1,6,10,2102.79,0,1
1525.82,8,293,0,0,0,1,2,2067.21,1,0
2291.53,11,6,1,1,4,2,13,2662.76,1,1
7488.09,19,151,0,1,3,6,6,2760.73,1,1
3234.64,11,1262,1,0,0,1,3,1089.43,0,0
3494.89,0,97,1,1,2,2,8,2177.44,1,1
2996.39,13,1393,0,1,1,0,8,2254.8,0,0
7092.85,4,27,1,0,4,1,12,2847.51,1,1
5979.83,2,62,1,1,2,4,10,3030.81,1,1
1065.15,20,448,0,0,1,0,3,1505.97,0,0
2140.12,9,388,0,0,0,1,1,2215.8,1,0
2944.89,18,556,0,0,0,1,3,1287.22,0,0
2601.11,1,25,1,1,4,2,10,3726.36,0,1
1531.99,21,1278,0,0,0,1,4,1091.31,0,0
2720.86,3,10,1,1,3,3,5,1188.57,0,1
1006.68,19,1016,0,0,0,0,3,621.85,0,0
975.3,10,201,1,1,4,1,8,1383.93,1,1
4698.72,16,14,1,1,3,6,7,1594.88,1,1
4505.16,4,211,0,0,1,5,14,1853.23,1,1
13661.86,2,21,1,1,3,2,7,1995.46,1,1
9750.89,23,167,1,1,2,3,11,1538.51,0,1
3557.16,10,233,1,1,4,2,3,3091.69,1,1
2183.04,10,204,0,0,0,1,2,1730.85,0,0
6586.56,3,58,1,0,3,1,6,1426.29,1,1
5323.28,9,179,0,1,4,0,5,1522.4,0,1
3375.59,18,1160,0,1,1,0,1,978.49,0,0
7737.12,2,2,1,1,2,5,15,1457.72,1,1
1637.09,12,487,0,0,0,0,5,1696.79,0,0
3423.93,21,415,0,0,0,0,5,1405.06,0,0
1300.08,18,1063,0,0,0,1,3,2133.08,0,0
4107.29,6,11,1,1,4,1,10,1345.66,1,1
3666.01,9,186,0,0,0,1,3,1939.05,1,0
5725.47,1,71,1,1,4,4,11,2029.68,0,1
1645.18,22,1356,0,0,1,2,2,1531.49,0,0
3242.3,17,1295,1,0,1,0,1,2777.6,0,0
2915.79,13,375,0,0,0,0,1,2349.07,0,0
1078.49,22,951,0,0,0,0,1,1689.31,0,0
2175.36,20,764,0,0,0,0,5,2406.65,0,0
1957.44,19,77,0,0,0,0,1,2557.24,0,0
3004.03,13,654,0,0,0,0,1,2158.01,0,0
1913.1,19,786,0,1,0,0,4,1225.41,0,0
7910.06,3,224,1,1,2,1,9,2126.99,1,1
4838.52,16,142,0,0,1,3,8,1443.92,1,1
6748.42,6,181,1,1,2,3,8,2619.3,1,1
9533.14,11,69,0,1,4,1,6,2414.2,0,1
7513.85,5,179,1,1,4,2,5,1794.52,1,1
8490.14,5,3,1,1,5,1,7,1952.48,1,1
2161.83,1,220,1,0,1,1,15,2524.44,1,1
5258.68,10,629,0,0,0,0,3,2081.68,0,0
3263.64,0,188,1,1,2,7,7,1617.32,0,1
725.71,11,739,0,0,0,0,7,1413.37,0,0
2458.85,21,779,0,0,1,1,7,4787.31,0,0
7432.78,1,186,1,1,2,2,7,2161.88,1,1
2687.59,19,210,1,1,5,1,5,2088.58,0,1
12431.82,4,201,1,1,3,2,4,1742.41,0,1
2362.39,21,199,0,0,1,0,2,1611.44,0,0
7269.55,2,16,1,1,4,4,14,2471.98,0,1
2405.65,21,210,0,0,0,0,2,2049.16,0,0
3574.43,4,144,1,1,4,4,8,2149.94,1,1
1021.94,14,79,0,0,1,0,5,2193.11,0,0
2665.18,14,1347,0,0,0,0,1,1577.35,0,0
20972.17,5,147,1,1,3,4,12,1270.08,1,1
2370.1,11,240,0,0,0,0,3,1713.48,0,0
1395.39,15,1339,0,0,0,0,3,2672.45,0,0
9110.73,5,147,1,1,4,4,10,2054.63,1,1
4277.13,13,517,0,0,0,0,1,2438.96,0,0
2182.83,8,577,0,0,0,0,6,1532.31,0,0
6789.26,1,169,1,1,3,1,9,2242.8,1,1
1965.8,14,254,0,0,0,2,2,1706.7,0,0
10738.05,1,204,1,1,4,1,8,2465.11,1,1
1903.74,21,778,0,0,0,0,2,1010.86,0,0
1770.97,16,1081,0,0,0,0,0,2972.32,1,0
4545.53,4,107,1,1,5,3,12,3597.93,0,1
6367.22,3,54,1,0,4,4,12,2879.79,1,1
2594.12,5,56,1,1,3,5,6,2508.05,1,1
2436.37,22,1264,0,0,0,0,1,1004.32,0,0
2265.1,20,477,0,0,1,0,4,1428.96,1,0
465.14,17,647,0,0,0,0,4,1516.33,0,0
1416.01,17,76,0,0,0,0,0,1399.74,0,0
1830.05,18,1244,0,0,1,0,3,1857.51,0,0
1795.66,15,598,0,0,0,2,5,943.72,0,0
3604.64,3,159,1,1,4,4,8,1173.94,1,1
4240.17,18,1024,0,0,0,0,2,1889.74,0,0
6098.29,5,85,1,0,3,2,11,3342.93,0,1
5164.9,5,88,1,0,4,2,6,1179.47,1,1
1670.62,12,918,0,0,1,1,3,1135.61,0,0
1266.82,17,736,0,0,1,1,6,1372.55,0,0
820.18,21,1344,0,0,0,3,2,833.7,0,0
10089.27,9,62,0,1,5,1,10,2103.46,1,1
4829.97,1,101,0,1,2,2,6,1949.51,0,1
4383.75,5,128,1,0,5,1,6,1722.43,1,1
2961.67,22,857,0,0,0,0,3,2383.26,0,0
960.25,10,532,0,0,0,0,4,2161.08,0,0
2215.13,13,491,0,0,0,0,2,2961.95,0,0
1759.75,8,248,0,0,0,0,3,2266.78,0,0
3877.52,7,115,1,1,4,4,7,867.63,1,1
2985.47,21,1038,0,0,1,1,2,1743.76,0,0
7018.04,8,84,0,0,4,0,5,2227.99,1,1
3709.42,4,207,1,1,4,1,5,1229.51,1,1
6880.07,5,132,1,1,4,4,5,2505.23,0,1
9481.67,0,195,1,1,5,2,8,1695.74,0,1
6429.65,0,146,1,1,5,2,7,1363.72,1,1
2564.09,1,76,1,1,3,1,14,3081.22,1,1
11384.45,4,203,1,1,5,4,10,3686.14,1,1
4640.91,0,26,1,1,5,3,5,1789.66,1,1
1584.32,13,858,0,1,1,0,4,2338.24,0,0
5998.37,3,7,1,1,3,0,7,4251.2,1,1
2241.91,11,1112,0,0,0,1,3,2120.26,0,0
8216.29,1,111,1,1,4,2,6,1768.63,1,1
2290.21,22,451,0,0,0,1,3,1987.05,0,0
1506.27,15,119,0,0,1,1,3,924.5,0,0
4743.5,2,217,1,1,4,5,7,1340.54,1,1
4247.91,4,33,1,0,5,6,11,2230.4,1,1
4985.81,4,40,1,1,5,7,8,1925.63,1,1
2739.23,19,99,0,0,1,0,3,1716.11,0,0
2883.3,21,1470,0,0,1,0,2,868.94,0,0
13829.1,12,129,1,1,5,2,7,1142.84,0,1
1941.99,8,1005,1,1,0,1,3,1504.22,1,0
1971.36,13,454,0,0,2,0,5,1985.72,1,0
2171.18,18,283,1,0,0,0,4,702.57,0,0
3319.14,21,56,1,1,2,4,10,1568.98,1,1
2769.08,13,332,0,0,0,0,3,2056.95,0,0
17853.17,7,92,0,0,3,2,6,1618.08,0,1
6924.0,18,1071,0,0,0,0,1,2101.5,0,0
1466.9,15,553,0,0,0,0,3,1689.47,0,0
1792.48,1,147,1,1,3,2,13,846.23,1,1
4221.96,12,226,0,1,2,4,6,1448.22,1,1
4698.46,4,72,0,1,1,6,5,2169.55,1,1
13104.66,0,102,1,1,4,3,5,3787.89,1,1
8450.74,6,130,1,1,4,3,7,1366.5,1,1
8595.15,5,139,1,1,3,2,8,2955.87,0,1
2611.13,10,863,0,0,0,0,4,2903.23,0,0
9863.95,0,139,1,1,1,2,12,2175.57,0,1
4321.34,21,742,0,0,0,0,1,1477.92,0,0
6453.3,0,71,1,0,5,2,5,1207.79,1,1
4098.24,4,121,1,1,3,3,7,1801.22,1,1
2432.68,11,370,1,0,2,0,4,2284.68,0,0
1102.42,13,264,1,0,0,1,1,1856.95,0,0
1850.33,16,630,0,0,1,0,1,2150.02,0,0
1934.2,10,551,0,0,0,0,3,2100.83,0,0
10749.54,4,18,0,1,3,6,12,1051.39,1,1
4869.13,3,234,1,1,3,0,7,1846.63,1,1
1807.97,13,1020,0,1,0,2,2,1844.96,0,0
2510.27,14,1187,0,0,2,1,1,1044.83,1,0
9151.19,5,184,1,0,5,2,10,1364.58,1,1
10396.15,0,22,0,0,2,3,11,1599.67,1,1
2429.45,17,691,0,0,0,0,3,1557.97,0,0
5353.69,15,125,1,0,5,3,10,1308.75,1,1
1239.95,14,94,0,0,0,0,1,1675.02,0,0
3101.33,2,168,1,1,5,4,6,1524.13,0,1
2053.08,17,588,0,0,0,1,3,1646.49,0,0
3218.92,11,86,1,1,5,2,9,2876.77,1,1
3318.02,14,170,0,0,0,1,5,2674.45,0,0
2800.9,22,64,1,0,2,2,6,2361.92,0,1
5155.09,0,33,0,0,4,5,13,1470.06,1,1
4614.89,6,106,1,1,5,2,8,1791.08,0,1
3760.96,4,156,1,1,4,2,11,1306.88,0,1
10131.53,5,97,1,1,2,2,8,1859.21,1,1
5083.9,10,227,1,0,3,1,11,1812.73,1,1
2511.6,9,709,0,0,1,2,2,1929.34,0,0
2638.59,11,1055,0,0,0,0,0,747.98,0,0
2980.03,17,433,1,0,1,0,4,1052.62,0,0
2001.61,22,94,0,0,2,1,2,2352.2,0,0
879.5,15,1257,0,0,0,2,5,2646.13,0,0
4935.43,2,170,1,1,3,4,12,1402.3,1,1
4786.15,12,12,1,1,5,1,9,1570.4,1,1
2328.51,16,489,0,0,0,0,2,2956.0,0,0
809.41,22,1027,0,0,0,1,1,1291.92,0,0
3762.55,6,43,1,1,4,4,10,2314.29,0,1
10300.37,1,190,1,1,4,5,14,1871.35,1,1
2300.55,21,608,0,0,0,0,5,950.63,0,0
2097.61,20,866,0,0,1,0,1,2768.97,0,0
3333.61,1,53,1,1,4,1,7,1076.73,1,1
7375.82,0,35,1,1,4,1,5,1706.29,1,1
4078.58,2,151,1,1,4,2,6,2344.38,0,1
834.8,18,207,0,0,0,0,4,1269.69,0,0
4865.57,18,45,1,1,3,4,8,1556.8,1,1
7796.41,2,112,1,1,2,3,8,1358.06,1,1
8069.54,21,169,1,1,5,3,11,1521.81,1,1
8047.03,4,48,1,1,1,3,10,1738.45,1,1
10481.78,5,176,1,1,3,3,10,1772.64,1,1
2300.25,4,153,1,1,5,4,8,1755.36,1,1
1679.32,18,103,0,0,0,0,3,1352.85,0,0
3870.91,3,246,1,1,5,0,9,2098.79,1,1
2049.24,13,1171,0,0,0,2,3,1829.94,0,0
3068.6,4,164,1,1,3,3,15,1707.8,1,1
11636.69,2,113,1,1,1,1,5,2546.06,1,1
1606.64,12,1303,0,0,0,2,3,2498.04,0,0
1915.26,20,886,0,0,0,0,3,1442.33,0,0
2974.96,0,32,1,1,3,0,14,3852.77,1,1
1945.18,17,1406,0,0,0,0,4,1597.09,0,0
3608.92,15,554,0,0,0,0,2,1866.89,1,0
3989.49,17,799,0,0,1,0,3,3120.61,0,0
7278.72,0,222,1,1,3,5,8,3406.25,1,1
2519.44,12,343,0,0,0,0,3,2486.24,0,0
1402.06,16,819,1,0,1,0,5,1815.42,0,0
2887.05,12,177,0,0,0,1,4,1685.97,0,0
10826.08,0,221,1,1,4,1,8,1586.94,1,1
2001.97,20,154,0,0,2,0,2,4885.72,0,0
1158.08,21,1420,0,0,0,0,2,1200.98,0,0
2506.95,5,241,0,1,5,4,5,2513.62,1,1
1217.98,4,226,1,1,5,2,9,1318.99,1,1
3222.39,12,1091,0,0,0,0,2,2036.1,0,0
1332.27,12,1246,0,0,1,1,2,1104.54,0,0
5077.69,16,148,0,1,2,4,11,2554.07,1,1
5704.05,13,62,1,1,1,3,10,1037.27,0,1
4532.05,2,147,1,1,2,1,6,1815.33,1,1
1264.0,21,893,0,0,0,1,2,2137.86,0,0
1301.96,18,1370,0,0,0,0,2,961.78,0,0
3077.8,14,530,0,0,0,0,4,2205.21,0,0
16699.79,1,86,0,1,5,6,7,1635.56,1,1
1748.08,13,1271,0,0,1,0,3,2365.38,0,0
2296.34,21,1339,0,0,0,0,2,2125.45,0,0
3838.5,1,205,1,1,4,4,8,2816.55,0,1
1243.53,12,280,0,0,0,1,1,1712.33,0,0
1436.43,16,637,0,0,0,0,3,2017.7,0,0
1518.0,16,772,0,0,0,1,6,4685.83,0,0
4924.18,17,247,1,0,4,4,12,2304.01,1,1
2075.96,8,1060,0,0,0,0,1,3315.5,0,0
1989.15,19,1481,0,0,1,0,4,4065.24,0,0
1947.84,20,890,0,0,0,0,2,1091.73,0,0
3654.08,19,587,0,0,1,0,2,2932.92,0,0
4429.69,1,82,1,0,4,3,14,2097.23,0,1
1995.41,9,628,0,0,1,0,6,1408.88,0,0
2502.39,20,94,0,0,0,0,3,1039.3,0,0
3598.09,0,91,0,1,4,2,7,2498.39,1,1
8984.7,3,173,1,1,3,5,7,1425.87,1,1
823.42,19,1096,1,0,0,0,4,1709.9,0,0
3921.08,11,1025,0,0,0,0,4,2047.8,0,0
2651.49,8,291,1,0,0,0,4,2200.0,0,0
7429.51,22,165,1,0,2,6,12,1592.87,0,1
6412.33,1,93,1,0,5,7,5,1921.11,1,1
902.56,14,617,0,0,1,1,2,2744.49,0,0
14624.02,5,13,1,1,5,3,5,1728.21,1,1
8730.79,4,38,1,1,5,2,5,1901.28,0,1
1219.67,8,332,0,0,0,0,4,3014.17,0,0
5122.67,1,119,1,1,3,2,6,1135.4,1,1
7415.67,2,240,1,1,3,2,9,799.84,1,1
1506.79,17,1074,0,1,0,0,0,1764.96,0,0
10247.59,1,54,1,0,4,3,7,2122.87,0,1
6440.57,10,1306,0,0,0,0,1,2382.67,0,0
3698.85,18,1391,1,0,1,0,3,3174.98,0,0
6462.28,17,114,0,1,4,3,9,1022.53,1,1
3718.47,12,541,0,0,0,0,2,2114.16,0,0
26557.56,23,45,1,1,4,5,12,2313.33,1,1
6612.6,4,44,1,1,2,3,7,2730.96,1,1
3595.28,10,1171,0,0,0,1,1,2428.99,0,0
3071.14,1,7,1,1,1,1,9,1782.82,1,1
6790.02,2,49,1,1,5,4,12,1371.44,1,1
3169.34,10,1078,0,0,0,2,4,1223.62,0,0
11302.29,5,248,1,1,5,2,12,1049.18,0,1
18315.53,1,208,0,1,5,3,9,2462.16,1,1
20228.01,2,88,1,1,3,3,9,1879.02,1,1
1743.36,16,352,0,0,0,0,2,1873.04,0,0
2401.82,8,815,0,0,0,0,4,892.26,0,0
2314.41,12,114,0,0,1,0,1,1849.48,0,0
3071.22,13,67,0,0,0,2,3,901.04,0,0
4053.09,18,979,0,1,1,0,3,1439.42,0,0
1970.74,16,347,0,1,0,1,5,2557.86,0,0
4164.96,14,957,0,0,0,0,4,2326.31,0,0
6710.46,0,126,0,0,4,3,10,2892.25,1,1
9415.27,3,228,1,1,5,2,8,2133.5,1,1
2057.16,3,241,1,1,5,1,9,1736.2,1,1
1768.83,5,28,1,1,4,3,7,3096.55,1,1
2417.47,4,60,0,1,5,4,9,1553.64,1,1
1302.49,8,951,0,0,2,0,4,1346.74,0,0
1782.23,12,1467,0,0,0,1,3,1268.66,0,0
1501.15,12,566,0,0,0,0,0,2222.58,0,0
10875.24,3,81,0,1,3,2,13,1948.52,0,1
7800.24,0,228,1,0,5,4,9,1612.89,1,1
4099.05,3,213,0,0,3,5,8,1132.83,1,1
4027.07,19,135,0,1,4,5,6,1755.76,1,1
804.03,18,960,0,0,0,0,6,2321.84,0,0
9478.46,5,43,1,1,2,0,7,1858.53,1,1
4589.64,5,213,1,1,1,1,13,1051.12,1,1
7243.4,3,54,1,1,4,5,16,1537.3,1,1
1689.79,14,318,0,0,0,2,6,1502.6,0,0
1193.54,13,540,0,0,0,0,3,2076.25,0,0
8565.71,4,182,1,1,3,3,12,1700.57,1,1
1367.8,13,289,1,0,1,0,5,1744.47,0,0
8057.0,1,168,1,1,1,8,6,1654.99,1,1
991.73,10,572,0,0,0,2,2,1624.22,0,0
6260.9,0,115,1,1,3,1,6,1068.59,1,1
4184.65,12,629,0,0,0,0,6,5087.5,0,0
4559.34,16,732,0,0,0,1,1,1767.72,1,0
3379.29,21,672,0,0,0,0,6,1741.18,0,0
16019.24,3,127,0,1,5,1,8,2148.31,0,1
2329.87,10,44,1,1,1,2,5,1127.89,0,1
2650.32,8,561,0,0,0,0,6,1723.64,0,0
3836.02,21,825,0,1,1,1,2,2946.18,0,0
6577.67,5,221,1,1,3,2,6,915.48,0,1
1681.62,22,1190,0,0,0,1,5,1077.5,0,0
13708.4,9,68,1,1,1,2,3,1922.51,1,1
1731.89,22,773,0,0,0,0,2,2524.58,0,0
9170.66,2,112,1,1,4,5,9,1813.17,1,1
2531.07,17,875,0,0,0,0,4,1344.62,0,0
1239.41,11,561,0,0,1,3,2,1388.06,0,0
1718.66,9,408,0,0,0,0,2,1575.8,0,0
8044.44,11,129,1,1,3,4,10,1356.91,1,1
1877.65,20,517,0,0,0,1,3,1477.15,1,0
7633.98,11,83,1,1,3,6,10,1804.09,1,1
5291.94,2,230,1,0,1,2,7,1448.17,1,1
3340.84,5,197,1,1,2,1,8,3597.71,1,1
3299.29,5,131,1,0,3,4,8,1458.81,0,1
10933.73,3,8,1,1,5,3,9,670.58,0,1
19603.87,5,217,1,1,3,5,5,2120.89,0,1
5361.51,1,198,1,1,4,1,7,1584.37,0,1
1813.83,20,1440,1,0,0,1,5,1649.26,0,0
2953.79,5,60,1,1,4,3,10,1075.98,1,1
2477.03,22,400,0,0,1,0,4,1944.23,1,0
1700.11,17,1470,0,0,0,0,1,1694.85,0,0
2880.62,21,77,0,0,0,0,5,2699.78,0,0
7244.64,1,206,1,1,5,5,13,1946.08,0,1
7429.98,5,70,1,1,3,2,10,787.37,1,1
1725.26,8,845,1,0,1,0,3,2019.5,0,0
5237.06,2,148,0,0,4,7,2,2275.87,1,1
5115.53,5,90,1,0,2,1,9,5056.84,1,1
1459.91,14,750,0,0,0,0,1,2013.23,0,0
2726.01,8,156,0,0,0,1,3,2868.97,0,0
1829.82,19,201,0,0,0,1,2,2760.13,0,0
5576.89,0,197,1,1,5,3,6,1690.64,0,1
15052.68,5,80,1,1,4,3,9,1605.86,1,1
2375.82,12,527,0,0,1,0,4,1356.89,0,0
14073.2,4,182,1,1,4,3,13,1389.5,1,1
5547.34,0,245,1,0,5,2,5,727.84,1,1
1498.77,12,111,0,0,0,0,1,2266.58,1,0
3786.09,9,128,0,1,5,5,7,1482.52,1,1
7750.12,0,41,1,1,5,3,10,2077.38,0,1
1205.15,19,861,0,0,0,1,3,1369.29,0,0
2207.44,13,1195,0,0,1,1,6,2098.53,0,0
1082.35,13,152,0,0,0,0,4,3216.66,0,0
9042.4,1,59,1,1,5,6,10,1268.99,1,1
13015.96,3,83,1,0,3,0,7,2497.01,1,1
3488.21,17,1221,0,0,0,0,1,2162.11,0,0
5887.94,5,26,1,1,5,4,14,1639.16,1,1
3222.37,8,171,1,0,1,0,1,2153.54,0,0
1463.65,12,971,0,0,0,0,0,2169.33,0,0
2864.73,9,1034,0,0,1,1,6,2548.17,0,0
2792.93,22,1215,0,0,0,0,1,1582.17,0,0
7860.31,4,107,0,1,2,2,3,1702.46,1,1
2029.94,14,1107,0,0,2,1,8,3509.75,0,0
735.31,8,480,0,0,0,0,3,1103.58,0,0
6811.28,1,163,1,1,3,2,9,1965.39,1,1
2296.61,8,1343,1,0,0,0,6,3454.61,0,0
1182.53,11,585,0,0,0,0,8,1952.24,0,0
2612.35,3,228,1,1,5,4,6,2573.76,1,1
5587.41,6,98,1,1,5,2,9,3210.23,0,1
4209.21,12,1226,0,0,0,2,4,1686.87,0,0
6671.45,10,196,1,1,4,2,6,1372.18,1,1
12744.87,8,164,0,1,3,2,10,1662.82,1,1
3438.02,9,1100,0,0,0,0,4,1197.04,0,0
4355.78,1,121,1,1,5,2,5,1759.59,1,1
5707.62,4,122,0,1,4,2,10,1849.27,0,1
7377.29,4,59,1,1,5,1,8,4029.19,0,1
4937.81,20,207,1,1,5,2,9,1620.22,0,1
3147.25,8,625,0,0,0,0,3,1683.0,0,0
3887.51,18,643,0,0,0,1,5,1733.99,0,0
3023.61,12,706,0,0,1,0,4,1420.74,0,0
2162.1,18,1257,0,0,0,0,0,1413.96,0,0
7127.54,3,53,1,1,4,4,11,2520.58,1,1
3221.84,17,300,0,0,0,0,1,2165.07,0,0
2375.58,14,1361,0,1,0,1,3,1165.79,0,0
574.03,9,827,0,0,1,1,2,893.22,0,0
3202.78,0,44,1,1,5,1,8,1711.52,1,1
3352.77,13,545,0,0,1,1,3,3436.73,0,0
11697.34,4,247,1,0,1,5,7,1856.53,1,1
966.57,8,998,0,0,1,1,5,4719.89,0,0
1428.74,15,135,0,0,0,3,2,2701.07,0,0
3262.3,18,185,1,1,5,1,11,2073.84,1,1
2557.24,7,6,1,1,5,3,7,2383.05,1,1
6420.63,1,154,1,1,2,5,4,3299.03,1,1
2921.07,14,1372,0,0,1,0,2,1516.89,0,0
2020.21,18,1125,0,0,1,0,4,1358.76,0,0
1831.59,19,252,0,0,0,0,5,1469.34,0,0
1820.75,10,976,0,0,0,0,3,1859.18,0,0
8116.89,3,91,1,1,4,5,8,1960.49,1,1
2744.76,14,698,0,0,0,0,5,2037.07,0,0
2089.23,19,118,0,1,0,0,1,1308.08,0,0
2522.91,22,190,0,0,0,0,1,2056.36,0,0
4320.69,19,908,0,0,0,2,5,1147.12,0,0
18885.09,2,67,0,1,5,1,9,1387.54,1,1
9085.26,0,162,1,1,3,4,4,2975.42,1,1
4548.4,4,188,1,1,5,1,14,3350.42,1,1
1487.54,15,341,0,0,0,1,3,1893.59,0,0
1597.13,10,1495,0,0,0,2,2,4971.47,0,0
3445.96,14,280,0,0,1,1,2,1111.44,0,0
5190.73,5,60,0,1,2,1,7,1775.16,0,1
13663.53,5,202,1,1,4,8,11,1706.06,1,1
5558.34,22,397,1,1,0,0,2,2392.93,0,0
2297.62,9,13,1,1,3,5,8,1141.63,1,1
2482.28,20,1174,0,0,0,2,3,1682.42,0,0
3948.34,9,156,1,1,3,4,7,1546.79,0,1
891.46,12,213,0,0,0,0,2,2636.54,0,0
7162.72,2,95,1,1,4,1,6,1614.39,1,1
9600.48,1,23,0,1,5,4,9,2076.99,1,1
1555.24,15,1274,0,0,0,1,2,1141.21,0,0
1165.34,20,937,1,0,0,0,3,1423.23,0,0
22062.73,17,225,1,1,3,5,5,1789.67,1,1
2645.22,17,257,0,0,0,0,1,1940.44,0,0
991.44,16,153,0,0,0,0,3,2716.34,0,0
2173.27,8,312,0,0,0,0,5,3629.45,0,0
2386.81,11,1074,0,0,0,1,5,4278.54,0,0
1565.51,12,170,0,0,0,0,2,1484.5,0,0
3299.78,21,1375,0,0,0,0,5,867.7,1,0
3861.37,16,72,1,1,4,1,6,2505.9,0,1
1594.54,22,1345,0,0,1,2,7,2209.5,0,0
5607.31,13,270,0,0,0,1,6,1693.96,0,0
6712.84,0,161,0,1,3,2,7,1343.54,0,1
3369.85,19,573,0,0,0,1,1,1578.16,0,0
2879.06,17,788,0,0,0,2,2,919.07,0,0
2606.19,12,472,0,0,0,2,2,1598.04,0,0
9384.49,3,89,0,1,4,2,6,2774.49,1,1
1391.27,9,528,0,0,1,0,8,2611.58,0,0
8242.89,22,64,0,0,5,1,11,1340.73,1,1
12696.68,6,113,1,1,3,0,7,983.47,1,1
1421.35,9,999,0,0,0,1,3,3029.88,0,0
8595.92,3,147,1,1,5,1,4,2110.09,1,1
3943.16,0,211,1,1,4,4,11,2132.3,1,1
6975.62,4,182,1,1,1,3,12,2811.72,0,1
7164.21,1,148,0,0,2,3,5,1374.38,1,1
9418.1,16,26,1,1,2,2,8,1792.35,1,1
7123.07,20,85,1,1,3,2,4,1939.73,1,1
2094.45,13,1446,0,0,0,2,2,1897.31,0,0
2814.16,21,1099,0,0,0,1,5,2071.24,0,0
5698.23,23,31,1,1,4,2,7,2487.37,1,1
2655.26,6,70,1,1,4,2,6,1843.81,1,1
9712.76,5,65,1,1,4,2,8,2652.83,0,1
12414.07,21,32,1,0,5,1,9,1570.15,1,1
2985.22,18,103,0,0,0,0,5,3359.75,0,0
2397.97,20,263,1,0,0,0,3,1365.65,0,0
6559.08,2,128,0,1,5,9,6,1008.28,1,1
2053.42,3,150,0,0,5,3,10,2196.76,1,1
2992.1,1,134,1,1,1,2,12,2118.67,1,1
6690.53,2,90,0,1,5,3,10,1054.19,1,1
2248.56,11,1376,0,0,0,0,5,2078.27,0,0
7593.17,0,200,1,1,4,5,14,1786.07,1,1
1526.61,9,567,0,0,0,2,2,1847.98,0,0
6481.99,4,243,1,1,3,6,7,1712.68,1,1
2007.93,17,594,0,0,0,0,5,1610.7,0,0
14891.3,1,186,1,1,4,2,4,1397.21,1,1
5787.2,0,71,1,1,2,3,10,1689.15,1,1
17415.42,2,28,1,1,5,1,10,1866.69,0,1
2840.54,11,168,1,0,0,1,3,2208.59,0,0
1518.42,15,1089,0,0,0,0,2,1379.75,0,0
2428.08,16,710,0,0,1,0,4,1272.82,0,0
2889.67,17,1219,0,0,2,0,2,1859.97,0,0
2393.6,16,1080,0,0,0,1,2,1386.0,0,0
1851.66,11,288,0,0,1,0,3,1357.2,0,0
3505.24,4,94,1,1,2,1,7,1569.7,1,1
2718.5,14,761,0,1,0,0,4,875.65,0,0
1586.17,17,1383,0,0,0,2,1,1773.29,0,0
17219.91,9,35,1,1,2,0,11,1375.35,1,1
3680.43,1,203,1,1,3,3,9,2132.97,1,1
6541.49,5,101,1,1,3,3,9,1816.14,1,1
2325.47,18,1260,0,0,0,0,2,1468.84,0,0
12868.84,3,46,1,1,3,4,7,1551.28,0,1
4663.04,16,1410,0,0,0,1,5,1269.8,0,0
8260.08,2,102,1,1,5,2,9,983.89,1,1
5283.63,7,3,1,0,5,0,8,1519.52,1,1
3369.77,8,1463,0,0,0,0,2,1866.02,0,0
3741.07,12,217,1,0,3,3,13,862.38,1,1
7447.85,1,7,1,1,4,2,12,1929.82,0,1
3738.79,13,503,0,0,0,1,0,2213.11,0,0
2132.88,8,1236,0,0,1,1,8,1944.75,0,0
4123.81,22,1132,0,0,1,0,3,1594.67,0,0
13513.83,3,123,1,1,3,3,4,1545.82,1,1
3619.78,4,170,1,1,4,1,7,1703.83,0,1
5328.78,2,190,1,1,2,2,9,3355.17,1,1
3848.56,16,105,1,1,3,6,10,1132.99,0,1
1859.92,15,178,1,1,2,3,11,1032.96,1,1
1028.2,17,69,0,0,0,1,2,1442.11,0,0
1412.68,16,628,1,0,0,0,2,2111.64,0,0
2271.64,2,162,1,1,3,3,5,1307.9,1,1
689.2,14,1293,0,0,0,0,4,1062.59,0,0
2339.7,22,34,1,1,1,2,10,3090.57,1,1
1718.92,21,1021,0,0,0,0,5,1358.54,0,0
1780.09,10,990,0,0,1,2,2,1559.45,0,0
3574.9,16,352,0,0,0,0,2,1695.23,0,0
2146.55,20,1232,0,0,0,0,0,1300.46,0,0
1634.44,16,812,0,0,0,0,0,2159.81,0,0
6219.45,1,201,1,0,4,3,8,2369.52,1,1
3422.68,5,56,1,1,2,2,6,2267.18,1,1
2777.9,3,56,0,0,5,2,4,2046.73,1,1
2142.09,8,1457,0,0,0,0,1,1520.52,0,0
4742.29,10,1119,0,1,0,0,3,1522.01,0,0
6435.72,11,224,1,1,5,3,10,1471.11,0,1
1939.34,9,987,0,0,0,0,5,2809.26,0,0
2077.2,8,176,1,0,1,0,3,2049.51,0,0
1916.77,16,81,0,0,1,1,2,1896.32,0,0
3327.78,5,211,1,1,5,2,7,1509.77,0,1
9231.26,1,136,0,1,3,3,9,1644.21,1,1
3675.04,18,359,0,0,2,0,5,1124.76,0,0
1041.05,11,764,0,0,0,0,2,1210.62,0,0
3204.35,3,73,1,1,5,1,10,1813.35,0,1
9840.63,1,209,1,0,4,5,4,1641.45,1,1
8261.22,18,155,0,0,0,0,2,2134.26,0,0
7190.16,3,85,0,1,4,2,7,1661.59,1,1
1648.9,12,1426,0,0,0,1,2,1557.64,0,0
9542.25,18,3,1,1,4,2,8,4036.27,1,1
3131.05,21,1056,1,0,0,1,2,2002.64,0,0
858.25,19,1355,0,0,0,0,1,2297.16,0,0
11629.71,3,29,0,0,5,5,7,2879.5,0,1
3982.05,9,830,0,0,0,0,1,2469.67,0,0
4885.29,2,178,1,1,3,6,11,2848.37,1,1
1050.53,21,812,0,0,1,0,4,1962.85,0,0
9315.9,4,135,1,1,4,4,4,1644.7,0,1
1846.47,9,635,0,0,1,0,5,2431.22,0,0
1730.79,3,127,0,1,4,4,7,1303.65,0,1
2776.81,18,211,0,0,0,0,2,1294.26,0,0
2979.33,0,243,0,0,4,3,9,2147.94,1,1
12036.61,4,242,1,1,4,3,6,1653.49,1,1
1930.24,5,33,1,1,5,2,9,1713.78,1,1
1182.52,15,570,0,0,0,0,5,2152.49,0,0
2909.98,11,499,0,0,0,0,3,3028.63,0,0
1789.0,12,959,0,0,0,0,4,2875.4,0,0
12376.45,2,166,1,1,4,4,4,722.34,1,1
1892.19,8,1212,0,0,0,3,1,3135.38,0,0
6262.83,13,12,1,1,3,5,5,1704.45,0,1
3724.05,5,28,0,1,4,2,10,2246.21,1,1
3773.74,22,1442,1,0,0,0,2,2598.4,0,0
3563.93,9,1178,0,0,0,0,5,1535.09,0,0
4131.59,12,36,1,1,5,3,5,1521.92,1,1
7263.32,4,123,0,1,1,2,9,1395.06,0,1
5320.91,3,222,1,1,4,2,7,932.37,1,1
4428.73,7,166,0,0,3,4,3,1622.18,0,1
10333.57,4,40,1,0,3,3,5,1556.2,1,1
3655.93,8,483,0,0,0,1,3,3492.13,1,0
2215.56,20,735,1,1,0,0,2,1066.66,0,0
2182.05,9,124,0,0,1,1,2,1921.04,0,0
5741.66,9,8,1,0,3,1,8,1400.71,1,1
938.71,11,330,0,0,0,0,5,1093.42,0,0
5516.77,2,207,1,1,4,2,6,933.61,1,1
4151.78,12,20,1,1,5,2,12,1809.83,1,1
5649.82,4,190,1,1,5,3,5,1700.32,0,1
3390.76,20,432,0,0,0,1,3,1964.97,0,0
7253.31,1,102,1,1,2,1,9,3546.7,0,1
4738.0,4,50,1,1,1,2,1,3402.6,0,1
1397.78,17,412,0,0,0,0,4,2207.97,1,0
5931.28,2,48,1,1,1,3,4,2324.26,1,1
1246.64,12,750,0,0,0,0,3,1656.35,0,0
2605.11,16,356,0,0,0,1,6,2592.23,0,0
1654.68,19,1265,0,0,0,0,3,2058.99,0,0
2373.81,15,139,0,0,0,0,3,2669.32,0,0
4299.19,3,86,1,1,3,3,3,1234.24,0,1
1507.95,16,1340,0,0,0,0,3,1693.09,0,0
2895.05,18,1102,0,0,0,1,7,969.27,0,0
3276.8,12,258,0,0,2,0,1,2259.8,0,0
1625.11,16,1182,0,0,1,0,2,1372.27,1,0
1416.64,20,1029,0,0,1,0,6,1435.54,1,0
1760.29,16,1128,0,0,0,2,6,2739.73,0,0
3167.14,18,355,0,0,0,0,1,1462.23,0,0
8968.89,2,114,1,1,3,1,9,1683.34,0,1
7925.39,5,209,1,0,5,4,8,1386.08,1,1
12552.68,2,37,1,1,4,3,5,1829.89,1,1
2104.12,10,110,1,1,2,2,6,1193.21,1,1
3548.82,4,102,0,0,4,2,12,2436.63,1,1
14442.12,3,232,1,1,2,1,8,6592.03,1,1
5088.66,13,100,1,0,0,2,5,725.68,0,0
6785.79,4,146,1,1,4,3,7,2135.28,0,1
1378.58,14,476,1,0,1,1,5,1002.92,0,0
3543.54,16,833,0,0,0,0,2,1487.62,0,0
1501.65,9,423,0,1,1,0,3,2070.03,0,0
1325.9,17,170,1,0,0,0,3,1428.31,0,0
9685.32,4,41,1,1,1,4,6,3082.1,1,1
1694.19,5,179,1,1,4,5,11,1688.04,0,1
1613.97,13,362,0,0,0,0,3,1039.69,0,0
2332.99,21,455,0,0,1,0,3,1422.44,0,0
4067.01,14,225,1,1,2,4,8,2965.14,1,1
7499.02,5,111,1,1,1,3,4,1443.2,1,1
1386.58,19,643,0,0,0,1,3,1771.14,0,0
2531.8,22,632,0,0,0,0,2,1658.81,0,0
1621.29,16,1112,0,0,0,0,5,1929.23,0,0
14837.59,1,172,1,1,4,5,10,1831.55,1,1
7599.44,0,17,1,1,3,3,13,1557.41,1,1
5066.04,5,114,1,1,5,2,12,1552.17,1,1
5300.17,20,199,1,1,4,4,7,2172.25,1,1
3503.02,2,106,0,1,5,4,6,2237.27,1,1
2389.46,15,409,0,0,0,0,1,1090.86,0,0
5697.24,0,98,1,1,5,2,11,3263.44,0,1
2104.59,17,910,0,0,0,1,4,1539.08,0,0
6020.72,5,118,1,1,4,1,5,1754.45,0,1
1090.32,12,512,1,0,2,0,2,2225.55,0,0
5204.06,4,117,1,1,1,3,12,830.69,0,1
1018.94,8,595,0,0,0,0,6,1434.97,0,0
1937.01,22,607,0,0,1,1,6,1698.67,0,0
4077.94,5,199,1,1,3,6,8,1824.61,1,1
2086.36,4,38,1,0,3,4,9,2288.11,0,1
14227.68,8,102,1,1,4,3,1,2374.83,0,1
793.8,18,195,0,0,1,1,3,1750.5,0,0
3886.82,15,606,0,0,1,0,1,2100.52,0,0
4856.87,0,218,1,1,3,4,11,1387.99,0,1
2052.76,22,982,1,0,0,1,4,1504.61,0,0
3606.38,2,181,1,1,5,1,8,1427.09,1,1
1590.56,1,143,1,1,5,4,3,1751.26,1,1
19068.53,3,119,1,1,5,2,11,2133.57,0,1
8327.78,5,24,1,1,5,4,6,1650.92,1,1
6060.8,0,181,1,1,3,4,6,1962.3,1,1
3281.33,0,153,1,1,3,3,10,1401.17,1,1
7427.68,3,239,1,1,1,4,9,1942.48,1,1
1785.3,11,143,0,1,1,4,2,1547.77,0,0
3196.07,14,1040,1,1,2,0,2,1058.81,0,0
5277.06,1,182,1,1,5,2,6,2335.43,0,1
2259.9,12,668,1,1,0,1,4,3886.66,0,0
6344.7,0,175,1,1,5,2,3,2531.55,1,1
811.73,9,533,0,0,2,1,2,2071.95,0,0
1939.17,10,1448,0,0,0,0,4,2069.13,0,0
3079.01,5,161,1,1,4,2,7,1463.76,0,1
3318.81,3,99,0,1,5,3,6,2378.17,1,1
5983.68,2,175,0,1,4,1,6,2549.15,1,1
10518.37,5,222,1,1,5,3,7,1258.3,1,1
1629.31,10,1253,0,0,0,0,5,1545.27,0,0
4620.41,5,182,0,1,4,4,10,1222.05,1,1
2439.36,15,112,0,0,1,1,2,2939.67,0,0
2604.48,10,823,0,0,0,0,3,2422.2,0,0
2635.03,15,759,0,0,0,2,4,2310.0,0,0
5137.87,5,229,1,1,5,2,9,2350.05,0,1
1772.35,22,1412,0,0,0,0,4,4334.8,0,0
6846.62,6,77,1,1,3,3,4,2373.89,1,1
7137.44,2,184,1,0,4,2,6,1988.71,0,1
6075.8,5,133,0,1,5,5,6,1843.48,1,1
3887.44,5,231,1,1,1,3,5,1753.61,0,1
1617.33,8,1083,0,0,0,0,2,2102.52,0,0
9030.1,2,91,1,1,2,2,16,733.14,0,1
772.24,8,1378,0,0,0,0,3,3440.59,0,0
1776.86,9,589,0,1,0,0,4,1181.49,0,0
3675.25,3,26,1,1,5,0,9,2203.4,0,1
4808.3,1,125,1,1,3,1,8,1107.7,1,1
9318.87,8,14,1,1,3,3,10,1995.04,1,1
2687.72,3,194,0,1,5,3,13,1590.97,0,1
2919.57,13,484,0,1,0,0,4,816.9,0,0
1677.3,21,301,0,1,0,1,5,1996.54,0,0
1928.76,9,440,0,0,0,0,6,1820.42,0,0
9143.67,2,110,1,1,4,1,12,2228.51,1,1
2017.31,10,914,0,0,0,0,1,1272.92,0,0
2169.96,20,785,0,0,0,1,6,2375.97,0,0
1477.09,11,1333,0,0,0,0,3,1330.89,0,0
1211.87,14,383,0,0,0,1,0,2590.44,0,0
1947.95,5,182,1,1,3,5,2,1127.44,0,1
11527.86,6,56,0,0,3,4,11,1466.83,1,1
1841.08,20,461,1,0,0,0,4,1401.29,0,0
2698.13,3,176,0,1,5,2,6,1850.08,1,1
1219.87,17,742,0,0,0,0,3,1109.73,0,0
3519.21,10,528,0,0,0,0,2,2117.77,0,0
5308.15,2,70,1,1,4,2,4,1276.35,1,1
6143.68,1,210,1,0,2,6,6,971.24,1,1
3791.8,3,14,0,1,4,3,10,1706.58,1,1
8663.81,4,183,0,0,2,3,4,1520.14,1,1
7888.77,0,203,0,1,5,1,6,1509.13,1,1
10591.98,18,232,1,0,3,4,5,1367.78,0,1
1599.53,10,215,0,0,0,1,3,1732.81,0,0
956.99,19,259,0,0,0,0,3,2136.48,0,0
1596.03,19,1062,0,0,0,0,3,2256.15,0,0
5066.3,2,164,0,1,2,0,12,2070.4,1,1
6805.02,10,36,1,1,3,4,6,1698.09,1,1
2044.87,13,1394,0,0,0,0,3,1152.14,0,0
5807.74,2,10,0,1,1,0,4,872.78,0,1
2598.82,19,1420,1,0,0,1,5,3140.54,0,0
9002.14,9,223,1,1,2,1,7,1538.21,1,1
1518.25,12,153,0,0,0,0,2,2858.16,0,0
2377.48,22,1418,0,0,0,1,4,3420.85,0,0
1790.36,13,618,0,0,0,0,2,1603.11,0,0
2962.16,20,428,0,0,0,0,6,1225.83,0,0
1142.31,13,818,0,0,0,0,3,1602.0,0,0
7635.63,9,74,1,1,5,4,8,1514.28,1,1
6181.45,20,166,1,1,4,0,8,1428.61,1,1
2366.75,4,107,1,1,4,1,4,1867.17,1,1
1579.56,10,858,0,0,1,0,3,1317.34,0,0
3775.6,18,533,0,0,2,0,3,1693.13,0,0
1090.55,19,268,0,0,0,0,4,2109.17,0,0
1744.5,22,1342,0,0,0,0,2,2291.75,0,0
5673.59,3,105,1,1,2,7,2,2411.74,0,1
1189.68,9,719,0,0,0,0,5,1578.47,0,0
4532.51,13,652,0,0,0,1,4,1764.88,0,0
4235.12,12,1157,0,0,0,2,2,1022.52,0,0
1135.21,13,1406,0,0,0,2,5,1673.88,0,0
3618.52,11,907,0,0,0,1,1,1932.87,0,0
2524.28,0,115,1,1,5,4,4,1230.6,1,1
1698.97,17,89,0,0,0,0,2,1652.67,0,0
10697.52,21,4,1,0,3,3,7,2368.7,0,1
2240.36,17,1387,0,0,0,0,3,2492.3,0,0
1383.83,11,478,0,0,0,1,3,2835.37,0,0
5693.14,16,932,0,0,0,0,2,1492.07,0,0
4259.0,11,1453,0,0,0,0,2,1427.93,0,0
2279.72,14,1026,0,0,1,0,0,1475.37,0,0
2663.66,0,230,0,1,5,0,9,1101.41,0,1
2460.88,16,436,0,0,0,1,6,1803.8,0,0
1788.03,16,936,0,0,2,0,1,1970.74,0,0
4803.06,0,145,1,0,5,0,10,2019.71,0,1
1013.72,15,1163,0,0,0,0,3,1193.78,0,0
8637.16,5,235,1,1,2,1,14,1528.34,0,1
2702.66,14,344,0,0,0,1,4,1944.65,0,0
27577.99,2,195,1,1,2,2,6,1897.19,1,1
972.99,15,282,0,0,0,1,2,839.36,0,0
1220.62,16,587,0,0,0,0,4,1416.11,0,0
2177.86,14,1280,1,0,0,0,5,2402.88,0,0
4554.3,3,59,1,1,4,1,11,2141.4,1,1
5786.24,4,80,1,1,3,0,11,1579.95,1,1
3097.43,13,935,0,0,1,0,2,1039.96,0,0
3032.03,22,357,0,0,0,0,2,829.11,0,0
516.7,11,706,0,0,0,1,5,2220.25,0,0
2384.43,15,1179,0,0,0,0,2,2067.99,0,0
10156.29,4,59,1,1,3,3,11,1128.67,0,1
2275.68,22,790,0,0,1,0,0,3614.97,0,0
1390.59,11,260,0,0,0,0,1,1373.94,0,0
1623.89,20,158,0,0,0,2,3,2034.62,0,0
3637.39,13,1029,0,0,0,1,3,1578.42,0,0
1053.38,19,1233,0,0,0,0,4,1686.47,0,0
3272.32,12,7,1,0,4,1,12,2642.93,1,1
3376.62,2,101,1,1,5,1,10,3015.31,1,1
7302.3,0,159,1,1,5,1,4,2197.29,1,1
6483.28,3,128,1,0,3,1,8,1713.41,1,1
1696.67,10,331,0,0,0,1,2,1280.11,0,0
4126.51,18,241,0,0,0,0,6,1463.36,0,0
5099.12,3,43,1,1,4,3,6,1817.76,1,1
2173.47,22,430,0,0,0,0,3,2346.19,0,0
5035.57,2,76,1,1,4,3,7,655.05,1,1
6025.13,2,119,1,1,2,6,9,2246.66,1,1
2177.03,18,783,0,0,0,0,3,1940.43,0,0
1622.82,17,1048,0,0,0,1,5,1513.29,0,0
9360.99,2,9,1,0,5,4,6,3257.81,1,1
6306.36,5,39,1,0,2,3,7,2381.93,1,1
5473.65,5,10,1,1,3,1,9,1703.42,1,1
9601.99,19,54,1,1,2,4,14,2319.95,1,1
6070.37,5,84,1,1,3,4,12,1887.44,0,1
8473.13,12,49,1,0,5,2,4,1056.59,1,1
2864.07,20,1166,0,0,0,2,9,2155.09,0,0
7895.2,5,20,1,1,2,5,10,2569.88,1,1
2879.14,13,1383,0,0,0,1,7,2332.49,0,0
1612.38,19,562,0,0,0,0,2,3869.76,0,0
1061.92,16,480,0,0,2,1,2,2013.58,0,0
1603.97,4,35,0,1,4,0,7,2859.84,1,1
8081.74,10,243,1,1,4,2,4,1408.36,1,1
11516.85,2,24,0,0,3,3,6,1120.64,1,1
2029.59,13,738,0,0,0,0,3,1889.01,0,0
764.98,22,1136,0,0,1,0,2,2426.07,1,0
2228.5,0,228,1,1,4,3,4,1788.24,1,1
2443.38,8,208,0,0,0,2,3,700.73,0,0
8395.57,13,198,0,1,4,3,9,1806.51,1,1
6977.6,3,44,0,1,2,5,6,1922.48,1,1
4451.95,10,51,1,0,5,4,4,1797.8,1,1
2770.89,13,1460,0,0,0,0,2,2278.03,0,0
6825.39,1,105,1,1,2,5,11,1326.16,1,1
1563.84,18,1370,0,0,1,0,6,1617.7,0,0
3194.21,19,64,0,0,0,0,3,1242.11,0,0
1122.77,18,454,0,0,0,0,3,1204.16,0,0
4518.69,0,7,1,1,5,2,9,1923.37,1,1
4856.13,23,127,0,1,4,5,2,1351.64,0,1
6243.08,1,153,1,1,4,7,10,2344.02,1,1
3310.19,10,954,0,0,1,0,4,1696.04,0,0
6235.78,17,46,1,0,5,4,8,1342.46,1,1
7697.81,5,208,1,1,4,3,9,1635.24,1,1
12359.04,2,51,0,1,5,9,7,1223.04,1,1
5143.96,1,21,1,1,5,5,9,2227.99,0,1
2971.55,5,152,1,1,2,1,8,1986.09,1,1
8181.28,8,153,1,1,5,1,9,1261.64,1,1
6551.2,17,758,0,0,2,0,1,978.61,0,0
3513.19,19,104,0,0,0,0,0,2696.87,0,0
1667.8,14,1151,0,0,1,2,0,1340.5,0,0
9946.92,2,90,1,1,4,2,10,1729.14,1,1
3482.14,12,141,1,1,3,4,3,1413.78,1,1
1418.6,16,495,0,0,0,0,4,4627.03,0,0
1481.19,14,1398,1,0,1,0,1,1109.28,0,0
3124.13,0,165,1,1,4,6,12,2452.11,1,1
1494.85,8,359,0,0,1,0,7,2767.73,0,0
7733.35,5,228,1,0,5,4,6,2626.49,1,1
2815.25,10,491,0,0,1,0,4,713.76,0,0
4164.85,5,110,0,1,4,6,5,1955.87,1,1
3173.42,1,133,0,1,4,2,6,1063.49,1,1
1702.1,20,188,0,0,0,0,3,1031.75,0,0
3553.01,2,62,1,1,3,2,11,1273.95,1,1
4909.24,1,185,1,0,5,4,8,1355.95,1,1
10658.43,14,121,1,1,5,1,14,1186.3,0,1
10901.23,5,169,1,1,2,5,5,1265.75,0,1
6362.96,5,141,0,1,3,6,4,883.45,1,1
4089.39,22,243,0,0,0,0,5,2018.69,1,0
2853.39,3,30,1,1,1,2,12,2425.67,1,1
1605.04,13,643,0,0,1,0,2,1393.01,1,0
1940.36,15,135,0,0,0,0,6,1270.62,0,0
1685.93,21,231,0,0,0,0,2,1488.09,0,0
1735.61,10,853,0,1,1,3,4,1703.47,0,0
17745.6,23,105,0,1,5,1,10,1906.19,1,1
8328.04,2,10,1,0,2,2,15,1353.68,1,1
11158.98,4,184,1,1,3,1,6,1176.34,1,1
2202.35,10,290,0,0,0,2,2,2504.21,0,0
20396.23,1,98,1,1,3,3,9,1130.4,1,1
6408.4,0,110,1,0,2,4,10,1667.34,1,1
1187.54,19,434,0,0,0,3,2,1536.49,1,0
4223.53,0,101,0,1,3,2,7,1919.59,0,1
1935.49,19,1431,0,0,0,0,4,973.94,0,0
2436.18,9,506,0,0,0,0,5,2054.73,0,0
1357.54,16,136,0,0,0,0,4,1699.85,0,0
1788.02,8,420,0,0,0,0,2,1097.38,1,0
6236.55,18,21,1,1,1,1,6,2598.12,0,1
3122.25,2,15,1,1,4,3,5,2181.92,1,1
4569.61,0,152,1,1,5,7,5,4009.73,1,1
3470.64,3,118,0,0,2,1,9,2033.78,0,1
10998.06,0,9,0,1,3,2,4,1662.56,1,1
7709.57,18,120,1,0,2,3,2,2983.5,1,1
5994.97,5,169,1,1,5,0,4,2598.32,1,1
7318.95,0,131,1,1,5,4,7,1800.26,0,1
2374.31,16,921,0,0,1,0,4,1417.92,0,0
2484.72,15,76,0,0,0,1,4,2303.57,0,0
4296.74,3,166,1,1,4,2,9,1272.19,1,1
1640.71,20,1029,0,0,0,1,3,2208.99,1,0
1407.88,19,629,0,0,0,0,1,959.64,0,0
5203.31,9,1459,0,0,0,0,5,1405.5,0,0
6437.57,2,198,1,1,4,3,7,1676.61,1,1
5352.21,11,147,1,0,3,1,12,2679.88,1,1
3995.88,18,1327,0,0,0,0,4,961.1,0,0
2838.16,12,763,0,0,0,0,3,1850.37,0,0
3399.03,1,121,1,1,3,3,13,2255.84,1,1
3797.07,18,974,0,0,0,1,1,1567.94,0,0
7420.19,0,160,1,0,3,0,10,1941.55,1,1
2925.51,14,1083,0,0,1,0,3,1296.21,0,0
3401.46,9,829,0,0,0,2,5,1915.84,0,0
1360.58,8,130,0,0,0,1,2,1825.81,0,0
2184.65,22,1421,0,0,1,1,3,1541.64,1,0
8829.63,15,133,1,1,1,8,10,899.35,1,1
9676.57,1,231,1,1,4,7,9,949.59,1,1
1597.43,21,917,0,0,0,0,3,1285.35,0,0
6831.93,21,179,1,1,3,2,5,2106.77,0,1
6132.59,3,107,1,1,5,0,13,1171.01,1,1
3466.51,2,226,1,1,3,2,8,3520.52,1,1
2347.76,8,426,0,0,0,0,1,1045.48,0,0
1337.71,19,412,0,0,2,0,3,1541.36,0,0
2265.87,11,1183,0,0,0,0,3,1601.57,0,0
2434.77,14,615,0,0,0,0,1,1209.03,0,0
7163.55,0,127,1,1,5,5,7,2374.95,1,1
7031.31,3,215,0,1,4,2,6,1230.77,1,1
2197.88,17,1435,0,0,1,0,3,1997.27,0,0
4359.5,1,13,1,1,4,1,5,1265.33,1,1
1081.55,17,272,1,0,0,0,1,763.92,0,0
6509.27,3,75,1,1,2,3,12,1184.37,1,1
2956.8,11,871,0,0,0,1,5,2829.89,0,0
3102.99,17,588,0,0,1,1,0,2373.43,0,0
3139.68,3,224,0,1,4,5,4,1287.13,0,1
2019.24,12,802,0,1,0,0,1,2379.39,0,0
2080.75,15,78,0,1,5,0,13,1044.38,1,1
11928.95,5,50,1,0,2,8,10,1974.43,0,1
3826.06,14,187,1,1,5,5,8,2536.05,1,1
4136.28,21,1412,0,1,1,0,1,2701.63,0,0
1978.91,10,80,0,1,0,0,2,1750.52,1,0
7857.78,21,77,1,1,1,4,9,2541.13,1,1
2530.16,17,1468,0,0,0,0,6,1004.83,0,0
1969.14,19,417,0,0,1,1,5,914.71,0,0
1550.34,16,1456,0,0,1,0,9,1658.37,0,0
2628.9,1,98,1,1,3,3,7,3442.93,1,1
1855.11,14,1003,0,0,1,1,7,2216.9,0,0
1266.35,9,1422,0,0,2,0,2,1576.86,0,0
2847.61,15,116,0,0,0,0,2,1606.59,0,0
1695.51,13,1388,0,0,1,1,0,797.26,0,0
1585.64,16,1262,0,0,0,1,5,1697.85,0,0
6401.23,1,160,1,1,5,3,5,1593.65,0,1
3506.16,7,201,0,1,5,1,7,2036.6,0,1
1644.08,11,1412,0,0,0,0,5,1184.73,0,0
1535.13,20,657,1,0,0,1,3,2854.22,0,0
4045.21,1,175,0,0,2,2,6,2271.11,0,1
2031.49,21,1148,0,0,0,1,2,2850.07,0,0
1353.98,13,1024,0,0,0,3,5,1825.04,0,0
1227.32,21,282,1,0,0,0,4,2369.43,0,0
2477.83,1,157,1,1,2,1,8,1298.39,1,1
4682.56,19,365,0,0,0,1,1,1016.75,0,0
1891.55,15,1113,0,0,0,0,3,1497.41,0,0
1495.39,5,170,1,0,5,1,8,1171.21,1,1
986.11,20,824,0,0,1,0,1,1269.0,0,0
2627.0,23,151,0,1,3,2,12,1550.96,0,1
3636.48,23,231,1,1,5,4,6,1579.28,0,1
1096.03,19,1336,0,0,0,0,1,1776.91,0,0
5916.1,2,25,1,0,3,2,6,1498.21,1,1
2893.2,14,1433,0,0,0,2,3,1151.36,0,0
4551.1,2,16,1,1,4,6,7,1333.8,0,1
2547.58,3,22,0,1,2,4,7,2135.98,0,1
592.25,11,834,0,0,0,1,8,1162.53,0,0
1065.15,21,357,0,0,1,1,3,1370.2,0,0
10258.36,2,29,1,1,3,3,9,2375.89,1,1
8779.33,0,169,1,1,5,3,5,2027.15,1,1
2034.07,15,622,0,0,0,0,5,2610.26,0,0
6228.34,18,36,1,1,2,1,10,1613.87,1,1
3019.53,17,241,1,1,3,3,6,1811.21,1,1
3720.47,1,76,1,0,5,2,9,2404.2,1,1
1432.04,21,639,0,0,1,0,4,1980.44,0,0
2152.02,20,691,0,0,0,0,3,1450.6,0,0
14187.45,22,236,1,0,3,2,14,1207.47,1,1
4433.42,3,38,1,1,3,1,9,1232.5,1,1
4028.18,3,162,1,1,3,4,7,3346.91,1,1
2170.56,19,890,0,0,1,2,3,1325.07,0,0
5937.51,16,129,1,1,1,2,7,1587.0,1,1
2981.79,21,1389,0,0,1,0,4,1767.22,0,0
6410.18,9,164,0,1,3,4,11,1208.58,0,1
2571.26,8,1367,0,0,0,1,3,2238.65,0,0
3179.14,2,173,1,1,5,6,5,1038.08,1,1
3071.84,0,58,0,1,3,3,11,1523.69,1,1
2072.98,4,232,0,0,3,1,8,5027.36,1,1
1813.38,11,988,0,0,0,2,3,2077.37,0,0
2322.25,9,584,0,0,2,0,2,1364.19,0,0
5619.05,18,13,1,0,3,2,5,1682.64,0,1
1372.26,20,1274,0,0,0,0,1,725.12,0,0
1487.35,14,473,0,0,0,0,6,2052.34,0,0
9111.47,1,231,1,1,2,3,15,1412.62,1,1
1360.53,20,975,0,0,0,0,3,1509.48,0,0
1284.09,17,681,0,0,0,1,4,1390.41,0,0
2564.99,13,129,0,0,0,0,2,1798.78,0,0
1180.15,10,610,1,0,0,0,4,1429.11,1,0
3207.35,14,266,0,0,0,1,2,1126.07,0,0
1120.44,20,693,0,0,0,1,3,2218.83,0,0
6953.31,3,202,1,1,1,0,9,1250.41,1,1
9398.63,23,216,1,1,5,5,8,2626.36,1,1
3401.25,21,846,0,0,0,0,1,1141.66,0,0
11201.01,4,209,1,0,4,1,4,1637.85,1,1
8749.78,20,138,1,1,5,7,7,1541.4,1,1
3498.85,10,1461,0,0,1,0,1,2241.46,0,0
1213.97,14,339,0,0,0,0,1,1621.78,0,0
5012.92,3,215,1,1,5,2,10,1238.98,1,1
996.28,21,1477,0,0,0,1,3,2081.41,0,0
4277.39,3,46,1,1,5,5,8,2474.94,1,1
1797.67,18,1054,0,0,0,0,7,1262.26,0,0
3948.6,5,188,0,1,4,2,7,1631.55,1,1
2180.49,14,839,1,0,0,0,4,2694.06,0,0
2089.31,18,412,0,0,0,0,0,2256.97,0,0
2522.95,13,883,0,0,0,0,2,1889.24,0,0
6949.0,3,7,0,1,5,4,11,2875.76,1,1
3805.39,23,22,1,1,3,5,9,1671.43,0,1
14231.59,13,59,1,1,4,4,6,1160.69,0,1
2828.18,22,332,0,0,0,0,4,2120.93,0,0
2036.93,2,177,1,1,5,1,12,2150.78,1,1
2248.69,15,873,1,0,1,0,3,1011.22,0,0
5189.31,3,19,1,1,4,2,8,3226.46,1,1
16731.38,5,84,1,0,1,2,10,2760.42,1,1
1905.66,18,1170,0,0,1,0,3,1206.62,0,0
1687.52,21,1184,0,0,0,1,4,2736.92,0,0
5588.8,15,191,1,1,5,1,14,2076.49,1,1
1927.64,19,545,0,0,0,1,5,1797.89,0,0
3417.42,19,102,0,0,0,1,4,1995.54,0,0
5205.92,3,74,1,1,2,0,12,1447.33,0,1
1387.32,8,344,0,0,0,0,3,1783.3,0,0
2240.4,10,330,0,0,1,0,3,2013.96,0,0
7934.78,21,138,1,1,5,4,6,3633.78,1,1
1101.12,10,923,0,0,0,0,3,3203.39,0,0
4185.55,2,109,1,1,3,1,8,1750.75,1,1
1028.08,19,539,0,0,0,0,2,1054.25,0,0
2417.14,8,73,0,0,0,1,3,1660.71,0,0
14763.95,1,178,1,0,2,3,5,1752.59,0,1
3736.08,3,52,0,1,5,2,8,1614.76,1,1
2310.78,5,80,1,1,5,5,10,1780.28,0,1
2257.55,20,1274,1,0,1,0,3,2435.87,0,0
5219.69,3,224,1,1,4,5,10,1283.74,0,1
1929.12,15,226,1,1,2,3,4,2078.11,1,1
1889.94,9,63,0,0,1,0,3,1422.88,0,0
4990.79,3,200,1,1,4,4,7,1165.96,1,1
12976.09,5,98,1,0,3,2,10,1116.71,1,1
6211.46,1,198,1,1,1,3,9,2784.76,1,1
2853.29,1,170,1,1,5,5,8,1175.61,1,1
2471.63,8,654,0,1,0,0,5,1739.3,0,0
5923.32,19,175,1,0,2,1,8,1442.25,1,1
2237.69,17,138,0,0,0,1,4,1879.74,0,0
1300.68,20,1417,0,0,0,0,6,1784.03,0,0
1195.77,8,1260,0,0,0,1,0,2187.05,0,0
6359.57,9,4,1,1,2,4,7,1581.52,1,1
2091.73,9,502,0,0,0,1,5,1745.78,0,0
5641.2,1,99,0,1,5,1,10,1916.37,1,1
4673.87,3,71,0,1,5,4,8,899.7,1,1
6886.63,2,185,1,1,3,3,13,2369.33,1,1
1366.54,8,1310,0,0,0,0,5,1258.3,0,0
3312.89,21,77,0,0,0,0,3,2012.81,0,0
9030.81,2,154,1,1,4,2,10,1536.93,0,1
1236.5,20,107,0,0,4,4,8,1352.83,1,1
1749.11,10,1213,0,0,1,0,5,2016.99,0,0
2585.27,0,199,1,1,3,3,6,1235.32,0,1
2195.52,8,1019,0,0,0,0,4,1555.16,0,0
3106.36,9,441,0,1,0,0,0,1214.77,0,0
3885.12,6,233,1,1,2,4,11,3854.11,1,1
4427.0,21,64,1,1,4,2,8,1425.93,1,1
3467.12,5,19,1,1,3,4,13,1525.96,1,1
13965.62,15,244,1,1,2,3,4,1490.24,1,1
1285.35,17,1265,0,0,0,0,1,2707.11,0,0
3825.62,18,217,0,0,0,0,2,1627.84,0,0
4421.52,7,226,1,1,2,3,13,1537.66,1,1
10316.96,19,185,1,1,2,4,4,2070.91,1,1
1531.02,11,1095,0,0,0,1,0,3204.39,0,0
6668.71,0,198,1,1,4,2,8,814.02,0,1
1488.3,16,879,0,0,0,1,2,2045.64,0,0
2275.09,9,1291,0,0,0,2,4,1215.02,0,0
5373.33,14,1365,0,0,0,2,2,1854.97,0,0
2124.42,8,68,1,1,3,3,5,2094.73,1,1
4857.27,5,22,1,1,1,1,6,1412.85,1,1
2446.8,18,951,0,0,0,0,0,1407.75,0,0
2774.23,13,517,0,0,0,2,6,2017.19,0,0
2072.04,18,988,0,1,0,1,1,3354.42,0,0
3919.48,8,115,1,0,4,6,8,1312.38,0,1
5674.23,0,181,1,1,5,3,11,2947.62,0,1
2328.31,8,208,0,1,0,0,6,1918.64,0,0
9809.94,16,222,1,1,4,3,10,2693.16,1,1
1734.58,18,506,0,0,0,0,6,1468.4,0,0
1907.73,21,1020,0,0,0,0,1,2530.52,0,0
6664.49,2,125,0,0,5,3,10,1414.02,1,1
10211.56,7,209,1,0,2,0,7,1935.78,1,1
2408.64,22,1262,1,1,0,0,3,936.24,0,0
8485.16,23,4,1,1,5,2,13,899.9,0,1
4058.15,21,1053,0,0,0,1,3,2178.47,0,0
2967.2,13,83,0,0,0,0,0,1887.18,0,0
1998.46,22,1018,0,0,0,1,3,1908.29,0,0
2457.94,11,308,0,0,0,1,5,1439.67,0,0
2116.25,18,932,0,0,0,0,0,1427.93,0,0
2484.97,19,880,0,0,1,0,5,1265.67,0,0
3023.44,4,209,1,0,4,3,7,3056.55,1,1
4862.43,5,20,1,1,5,0,10,1041.58,1,1
8782.75,9,13,1,1,2,4,7,1337.47,0,1
2012.9,20,1496,0,0,0,0,2,2692.34,0,0
7008.99,1,69,1,0,5,3,13,2372.71,1,1
2611.18,15,1193,0,0,0,0,3,814.46,0,0
4729.39,4,206,1,1,3,2,7,1876.04,1,1
1742.71,9,1280,0,0,0,1,5,3373.74,0,0
1150.29,10,1132,0,0,0,0,6,2631.83,0,0
14168.24,4,22,1,1,3,2,14,1818.28,0,1
2417.95,8,1441,0,0,0,1,2,3326.25,0,0
3960.65,8,71,1,1,4,1,11,1841.13,0,1
4109.93,1,3,0,1,5,3,8,2029.54,0,1
9396.58,5,138,1,1,2,4,8,960.28,0,1
20167.73,2,220,1,0,2,3,6,2503.0,1,1
2274.24,13,972,0,0,0,1,3,3726.49,0,0
1899.3,14,329,0,0,0,0,3,3206.1,0,0
1155.43,20,582,0,0,0,0,4,3165.17,0,0
3534.92,1,33,1,1,2,4,12,2689.5,1,1
3949.62,4,14,1,1,1,0,5,2050.11,1,1
5514.96,9,1110,0,0,0,5,3,1862.3,0,0
1680.69,21,543,0,0,0,1,6,3586.15,0,0
1688.69,13,563,0,0,0,0,2,1440.96,0,0
5469.2,1,100,1,1,2,3,7,2482.97,1,1
3254.69,8,210,0,0,1,0,7,2371.07,0,0
1052.78,17,1231,1,1,0,0,5,1568.85,0,0
11775.68,7,237,1,1,4,6,6,3530.0,1,1
4270.39,1,219,1,0,4,1,11,1060.34,1,1
11929.59,4,95,1,1,3,0,10,1930.92,1,1
2910.24,15,1324,0,1,0,0,1,1108.95,0,0
1033.65,19,666,0,0,0,0,4,5628.97,0,0
3731.42,10,236,1,1,2,4,6,1562.95,1,1
1286.95,21,507,0,0,0,0,0,2272.59,0,0
4637.21,7,210,1,1,3,1,5,1860.15,0,1
7120.46,18,165,1,1,5,2,6,1516.43,1,1
15549.59,2,52,1,1,4,2,14,1428.31,1,1
7785.7,4,88,1,0,3,3,9,3057.82,1,1
5471.73,1,90,1,1,5,1,11,1784.37,0,1
3484.0,18,998,0,0,0,0,1,1737.72,0,0
9404.58,8,134,1,1,3,2,5,928.54,1,1
2710.54,3,148,0,1,1,1,8,2205.68,1,1
2089.64,16,988,0,0,0,0,5,2206.05,0,0
1436.08,13,851,0,0,1,0,6,1229.86,0,0
1593.76,2,140,1,1,5,3,8,2838.53,1,1
12185.33,3,175,1,1,2,5,5,1736.6,1,1
12887.19,4,218,1,1,4,1,8,1519.72,1,1
4545.37,2,124,1,0,3,4,6,1849.05,0,1
2389.92,9,790,0,0,2,0,2,1739.5,0,0
8316.01,23,72,1,1,5,7,11,1039.14,1,1
4090.34,4,66,1,1,5,2,11,2685.04,0,1
3799.45,0,5,0,1,5,1,14,3274.24,0,1
1837.27,17,980,0,0,0,0,3,2042.8,0,0
3120.59,13,730,0,0,0,1,4,2780.0,0,0
6528.34,5,104,1,1,4,2,6,1395.64,1,1
2377.47,22,804,0,0,0,0,6,981.75,1,0
2395.13,16,972,0,0,0,0,2,3084.55,0,0
3606.67,21,1321,0,1,0,0,0,2415.99,1,0
5467.73,0,131,1,0,4,1,12,2945.2,0,1
1624.04,10,550,0,0,0,0,3,1943.42,0,0
3548.66,10,1172,0,0,0,1,2,1621.75,0,0
4846.51,15,190,0,0,0,0,2,1295.51,0,0
16135.38,2,13,1,1,5,3,13,2222.88,1,1
2294.39,15,605,0,0,0,2,3,2079.53,0,0
2393.1,13,922,0,0,0,1,4,2156.32,0,0
5357.65,2,4,1,0,3,1,9,1725.51,1,1
7716.27,0,31,1,1,1,2,7,1215.58,1,1
3463.48,12,1466,0,0,0,0,0,1659.06,0,0
2487.92,13,56,1,1,4,6,4,2029.28,1,1
1684.41,8,619,1,0,0,0,3,1028.82,0,0
1895.19,19,1355,0,1,0,0,3,3518.6,0,0
5824.01,2,60,1,0,5,5,8,1819.7,0,1
12869.83,3,161,1,0,1,6,11,2692.24,1,1
1735.28,5,173,1,1,1,5,3,2569.82,1,1
2960.47,14,83,0,0,0,1,6,2259.07,0,0
680.39,14,1392,0,1,0,0,3,1836.05,0,0
3326.23,7,129,1,1,2,7,11,1453.72,1,1
9860.34,0,118,1,1,1,3,11,2116.9,0,1
3532.69,0,215,1,1,1,5,4,3655.49,0,1
975.8,20,1420,0,0,1,0,5,1445.54,0,0
2313.15,16,844,0,0,0,1,5,1961.31,0,0
8706.56,5,178,1,1,5,0,15,2361.5,1,1
1287.93,19,180,0,0,1,0,2,1905.14,0,0
1777.04,21,829,0,0,0,1,6,2648.17,0,0
1549.29,10,896,0,1,0,0,2,1382.17,0,0
7592.2,2,159,1,0,1,1,7,2088.65,1,1
4818.39,2,201,1,1,5,3,9,2100.18,1,1
3442.9,0,123,1,0,4,2,4,2550.91,1,1
2738.35,15,81,0,1,3,5,8,1020.71,1,1
5770.13,23,172,0,1,4,4,4,2263.72,1,1
6104.28,3,8,1,1,1,4,7,1784.31,0,1
4924.58,21,839,1,0,0,0,2,3650.21,0,0
1244.27,15,28,1,1,3,2,4,1808.11,0,1
11121.72,9,174,1,1,1,1,8,2367.32,1,1
7105.39,0,28,0,1,3,5,6,1337.77,0,1
1160.54,11,96,1,0,1,0,2,1917.12,0,0
1260.56,13,430,1,0,1,1,4,1587.43,0,0
2460.45,3,223,1,0,3,3,7,1329.63,1,1
1396.48,11,1469,1,0,1,0,1,3694.03,1,0
5271.11,18,231,1,1,3,2,9,2064.28,1,1
10772.35,5,151,0,1,3,6,9,2000.01,0,1
2604.29,17,1388,0,0,0,0,2,1924.28,0,0
11327.53,11,19,1,1,4,0,5,1768.92,1,1
2728.82,12,86,1,1,4,2,10,1277.32,0,1
3313.43,21,1028,0,0,0,0,2,2106.16,0,0
6093.72,4,228,1,1,2,3,11,1122.67,0,1
1696.94,21,921,0,0,0,0,0,2693.13,0,0
4417.98,9,1299,0,1,0,0,1,1338.37,0,0
1852.55,21,1174,0,0,0,0,5,2202.35,0,0
11086.52,2,103,1,0,4,6,10,2046.32,1,1
2255.46,14,553,0,0,1,0,0,1463.85,0,0
2147.15,9,1020,0,0,0,0,3,1751.48,0,0
6991.12,3,239,0,1,4,3,7,2143.31,0,1
1661.23,22,1354,0,0,1,0,5,2067.74,0,0
10043.89,1,208,1,1,5,4,7,1792.45,0,1
2902.78,18,179,1,1,5,4,8,1341.8,1,1
1414.32,15,764,0,0,0,0,1,2819.84,0,0
1785.95,14,1086,0,0,0,0,2,1396.05,0,0
3956.59,4,77,1,1,4,5,7,1353.58,1,1
6834.14,17,108,0,1,2,6,10,895.85,0,1
2179.01,19,452,0,0,0,1,5,2722.9,1,0
3254.19,13,1196,0,0,1,1,5,3358.97,0,0
12010.3,7,105,1,1,2,1,10,1096.89,1,1
3093.81,9,406,0,0,0,0,5,1594.24,0,0
1534.26,21,376,0,0,0,0,0,1961.17,1,0
10007.31,3,192,1,1,4,6,9,1401.93,0,1
2193.76,0,136,1,1,3,2,3,2016.61,1,1
15269.31,2,90,1,1,3,3,7,1529.59,0,1
3531.78,4,126,1,1,5,3,14,1780.27,0,1
6694.68,21,37,1,1,3,2,12,828.79,0,1
2357.44,11,295,0,0,1,0,2,2682.78,0,0
2983.85,9,1255,0,1,0,1,1,2114.91,0,0
4848.18,1,243,1,0,3,2,9,1267.13,1,1
4770.3,0,104,1,1,4,7,3,2055.71,0,1
8249.45,1,16,1,1,5,1,11,1548.3,0,1
970.23,17,781,0,0,0,0,2,1064.72,0,0
2030.4,8,1002,0,0,0,1,3,1391.82,0,0
12372.3,1,172,1,1,4,3,11,2177.15,0,1
5057.47,4,17,1,1,1,3,6,2374.19,1,1
3061.17,18,410,0,0,0,2,1,997.39,0,0
1320.79,3,178,1,1,2,1,5,2509.84,0,1
3116.55,16,782,0,0,0,0,3,1737.99,0,0
9300.02,4,226,1,1,1,3,9,1765.52,1,1
11192.04,12,12,1,1,2,2,7,1589.52,1,1
6266.44,5,136,1,0,2,4,7,1797.09,1,1
2799.6,5,235,0,1,3,2,5,1899.14,1,1
9019.52,0,218,1,1,3,4,5,2179.83,1,1
12909.63,16,224,1,1,5,3,9,2385.02,1,1
1948.81,13,867,0,0,1,0,4,2795.78,0,0
3162.8,4,53,1,1,1,3,6,3098.36,0,1
1880.04,17,1076,0,0,0,2,4,932.9,0,0
1835.83,10,682,1,0,1,2,3,2367.27,0,0
1416.66,15,1188,0,0,1,0,5,1657.35,0,0
14249.34,3,91,1,0,5,2,4,2282.88,1,1
1846.92,9,927,0,0,1,0,6,1178.7,0,0
767.37,16,515,0,0,1,1,1,1253.91,0,0
1280.65,19,1499,0,0,0,1,2,1666.23,0,0
1458.73,10,942,0,0,0,0,6,5346.85,0,0
926.42,17,1006,0,0,0,0,3,1857.02,0,0
3406.09,3,165,1,1,3,3,11,1480.06,1,1
12665.26,2,226,0,1,5,2,12,2304.95,1,1
2601.05,8,1224,0,0,0,1,4,1812.2,0,0
5949.36,4,38,0,1,4,4,4,1534.47,1,1
3481.19,7,209,0,1,4,3,13,3167.61,0,1
5838.88,20,99,0,1,5,2,9,1506.18,0,1
2305.68,14,1047,0,0,1,0,5,1771.65,0,0
1121.9,19,1033,1,0,0,0,2,1577.03,0,0
13033.17,21,183,1,1,1,1,8,2002.48,1,1
1611.05,9,1391,0,0,0,1,1,1267.82,0,0
1094.3,11,570,0,0,1,2,1,1906.76,0,0
7189.22,3,211,1,1,5,2,11,1410.61,1,1
11405.7,16,82,0,1,2,5,8,1460.24,0,1
9114.9,4,249,1,1,1,1,7,2571.51,1,1
3598.84,19,238,0,1,0,1,2,2355.75,0,0
3187.45,1,236,0,1,1,1,4,3410.27,1,1
6750.06,16,7,1,1,2,3,10,1975.5,0,1
4215.72,19,60,1,1,3,0,11,2901.29,0,1
5991.56,1,229,1,1,2,2,9,2079.45,1,1
2102.0,20,756,0,0,0,1,2,2631.77,0,0
2231.24,15,780,0,0,0,0,3,1116.74,0,0
1039.12,20,398,0,1,0,1,3,1581.87,0,0
4431.88,18,1484,0,1,0,0,4,1527.27,0,0
1661.92,19,425,0,0,0,1,5,1676.97,0,0
5511.21,3,232,1,1,2,3,8,2624.88,1,1
1976.27,21,892,0,0,1,0,1,1006.51,0,0
1741.33,8,706,0,0,0,0,3,2202.95,0,0
4953.14,12,447,0,1,1,1,2,1900.44,0,0
11047.42,14,37,1,1,5,3,5,1732.08,1,1
2188.16,22,1335,0,0,0,1,2,1596.66,0,0
3147.21,5,66,1,1,3,0,5,527.39,1,1
1379.43,16,1116,0,1,0,1,2,1541.44,0,0
5846.26,17,135,1,1,4,1,12,2290.38,1,1
1551.15,21,1418,0,0,0,1,1,1841.55,0,0
7523.05,3,33,1,1,4,3,9,3056.82,1,1
9449.79,0,116,1,1,1,1,9,3067.05,0,1
1298.39,10,249,0,0,0,0,2,1389.56,1,0
6808.68,4,248,0,1,5,1,8,1921.18,1,1
1630.7,9,376,0,0,0,2,6,3130.9,0,0
2460.01,16,373,0,0,0,1,3,1856.33,0,0
5542.18,1,61,1,1,5,3,9,1585.19,1,1
4601.0,3,55,1,0,5,3,9,1750.11,1,1
1900.73,10,350,0,0,1,0,7,1419.15,0,0
8875.49,4,27,1,1,5,3,11,1582.13,1,1
7997.97,5,196,0,0,4,2,8,1749.27,0,1
1862.48,18,199,0,0,0,0,2,1716.11,0,0
7787.96,4,97,0,1,3,1,7,1289.68,1,1
3810.01,5,7,1,1,4,3,5,2293.44,1,1
5199.2,1,206,1,1,1,1,4,1628.29,0,1
2807.51,3,47,1,0,3,3,13,1458.3,1,1
2919.69,12,955,0,0,0,0,0,1490.07,0,0
1532.56,9,130,0,0,0,2,1,1945.05,0,0
2771.62,22,1124,0,0,0,0,0,2142.33,0,0
5108.83,4,76,1,1,3,4,6,1935.37,1,1
5055.57,5,102,1,0,3,2,18,2223.72,0,1
1447.51,19,637,0,0,0,2,3,2316.59,0,0
2674.59,11,155,0,0,0,0,3,2020.92,0,0
3383.29,4,119,1,1,2,3,9,1519.35,0,1
2264.85,18,169,1,1,5,2,2,1349.62,1,1
1497.38,21,581,0,0,0,0,3,1880.1,0,0
21593.97,2,160,0,1,5,7,10,1647.09,1,1
3415.64,20,224,1,0,3,3,6,986.69,1,1
1367.29,9,169,0,0,0,0,7,2284.74,0,0
4095.31,5,3,0,1,2,2,12,2670.34,1,1
9217.98,4,4,1,1,4,3,8,1129.25,0,1
1560.72,22,1398,0,0,1,1,3,1970.32,0,0
2268.81,17,1223,0,1,0,0,1,1432.47,0,0
6423.55,4,49,1,1,5,4,5,3107.45,0,1
6461.19,3,38,1,0,3,4,11,1178.39,1,1
6669.12,5,92,1,1,5,4,8,1701.52,1,1
1923.79,8,542,0,0,0,1,3,1087.02,0,0
6697.94,18,46,0,1,3,3,10,1629.88,0,1
4285.53,16,1062,0,1,2,3,2,2050.01,0,0
16896.0,7,143,1,1,3,2,5,1560.61,1,1
9790.87,5,158,1,1,2,0,8,1323.33,0,1
7796.63,12,244,0,1,3,4,8,1012.15,0,1
3205.28,14,373,0,0,0,1,3,2186.18,0,0
2447.75,3,65,1,1,5,3,6,3820.57,1,1
1707.08,10,93,0,0,1,1,1,1874.5,0,0
2050.12,14,1072,0,0,0,0,4,3104.69,0,0
20123.65,5,218,1,1,5,4,5,1691.05,0,1
1275.66,12,193,0,0,1,1,2,1330.49,0,0
1051.42,13,1024,0,0,1,0,3,1303.01,0,0
1997.49,8,1250,0,0,0,0,3,1637.86,0,0
3590.99,11,1369,0,0,0,2,3,1673.21,0,0
1474.81,22,1176,1,0,0,0,4,1182.82,0,0
5563.2,23,13,0,1,5,0,5,2217.8,0,1
2297.63,13,166,0,0,1,0,2,2551.95,0,0
1491.88,22,349,0,0,0,0,3,1497.13,0,0
16079.89,5,245,0,1,1,0,14,2094.22,1,1
12767.43,4,91,1,0,1,0,6,931.18,1,1
3411.59,13,196,0,1,0,0,1,1906.36,0,0
4785.86,8,228,0,0,0,4,3,1246.73,0,0
6592.94,3,71,1,1,3,5,4,2961.52,1,1
7355.23,1,164,1,1,2,4,14,1161.14,0,1
2467.09,14,346,0,0,0,0,2,1492.1,0,0
4835.55,7,241,1,1,5,1,11,1598.23,1,1
4794.52,6,137,1,0,5,0,11,999.24,1,1
2927.78,13,1178,0,0,0,0,3,2298.15,0,0
2487.5,16,414,0,1,0,0,3,1335.78,0,0
2121.2,13,781,0,0,0,0,1,2351.18,0,0
4137.78,17,1091,0,0,1,0,6,2140.42,0,0
7224.35,2,100,1,1,2,2,7,3439.47,1,1
6869.46,20,41,1,1,4,3,9,2081.51,1,1
4034.45,15,47,0,1,5,3,9,1282.16,1,1
2189.18,22,588,1,0,1,0,3,2660.08,0,0
1876.4,13,364,0,0,0,0,3,1647.85,0,0
7039.34,4,99,1,1,1,4,7,1571.41,0,1
11135.46,8,27,1,1,3,1,12,2169.75,0,1
2204.85,22,912,0,0,0,1,3,1984.28,0,0
4854.09,4,112,1,1,5,3,5,1541.64,1,1
5859.61,4,233,1,0,2,4,8,1948.88,1,1
1751.3,13,1091,0,0,0,0,2,1454.55,0,0
7141.5,13,232,1,1,2,6,6,2174.56,1,1
4470.63,3,21,1,1,2,1,5,2383.68,0,1
6206.66,2,214,1,1,5,3,7,2106.78,1,1
2474.66,10,236,0,0,0,0,2,1339.75,0,0
3500.22,0,196,1,1,2,4,8,1197.4,1,1
14327.77,15,161,1,1,3,2,4,2273.34,1,1
1973.88,10,631,0,0,0,2,2,2272.45,0,0
8230.76,4,242,0,1,4,4,5,2360.05,1,1
2724.36,11,344,0,1,0,0,4,1493.83,0,0
2301.11,15,972,0,0,0,0,3,2679.12,0,0
14889.02,4,146,0,1,4,2,8,1153.12,1,1
4301.04,4,146,1,1,3,9,9,1039.55,0,1
22909.11,1,236,1,1,3,0,8,1681.24,0,1
1779.14,17,402,0,0,0,0,4,3077.5,0,0
1393.05,16,278,0,0,0,2,4,1389.02,0,0
862.2,21,287,1,0,0,1,1,1798.7,0,0
4900.6,2,4,1,1,5,6,5,2240.81,1,1
1919.02,13,669,0,0,1,0,1,1086.12,0,0
2358.71,17,1128,0,0,0,1,5,3671.34,0,0
4922.69,1,172,1,0,5,6,9,1720.9,1,1
2339.8,0,3,1,1,1,2,14,1929.71,1,1
2155.56,21,345,0,0,0,0,5,1944.15,0,0
1589.75,15,303,0,0,1,0,0,1247.47,0,0
3658.77,15,1068,0,0,1,1,4,1630.08,0,0
4976.3,5,93,1,1,4,3,12,1935.86,1,1
7313.45,18,138,1,1,4,4,10,1518.44,1,1
11491.14,2,90,1,1,1,3,10,1426.63,1,1
1578.84,0,40,1,1,5,3,7,2210.34,1,1
4394.97,18,563,0,0,1,1,3,1335.15,0,0
3237.89,17,948,0,0,1,1,3,1582.68,0,0
14388.59,22,244,1,1,3,3,5,2691.75,1,1
3915.72,10,139,0,0,0,0,2,2734.09,0,0
703.99,14,1314,0,0,0,0,5,1852.86,0,0
2613.87,17,1442,0,0,1,1,1,1767.2,0,0
3670.32,12,177,0,0,0,0,3,1720.11,0,0
2066.0,15,1034,0,0,0,0,3,1913.99,0,0
1859.34,19,294,0,0,1,3,1,2068.29,1,0
2218.79,21,1073,0,0,0,0,6,1118.81,0,0
1144.93,12,108,0,0,0,0,4,2402.17,0,0
2601.2,3,153,1,1,2,1,11,3615.32,1,1
7819.25,19,191,0,1,4,5,13,1707.22,0,1
4122.9,11,928,0,0,0,3,2,2369.02,0,0
5500.54,2,94,0,0,5,4,8,1786.58,1,1
6642.36,2,44,1,1,5,3,4,1602.8,0,1
1689.58,8,874,0,0,0,0,3,1695.09,1,0
1260.5,22,330,0,0,0,0,5,1233.19,0,0
4682.67,2,233,1,1,5,2,12,1259.38,0,1
1441.86,17,468,0,0,0,0,3,2534.42,0,0
2085.42,18,283,1,0,0,0,6,1221.48,0,0
2642.46,9,1060,0,0,1,0,5,2418.28,0,0
1603.11,11,401,0,0,0,0,5,1898.6,0,0
3103.27,3,59,1,0,2,2,5,1509.87,1,1
5018.55,11,106,1,0,1,4,5,2015.62,0,1
4228.41,16,467,1,1,0,1,4,1220.12,0,0
1775.9,3,48,1,1,1,3,8,1645.21,1,1
1814.75,12,1173,0,0,1,0,1,1074.45,0,0
1163.82,22,931,0,0,1,1,3,2832.45,0,0
3313.43,18,967,0,0,0,2,2,2458.91,0,0
3068.98,13,136,0,0,0,0,1,1659.87,0,0
6365.08,3,114,0,1,2,3,11,2533.28,0,1
3266.53,9,1120,0,0,1,1,2,2101.99,0,0
3513.33,4,185,1,1,2,3,10,1680.32,0,1
8084.64,16,64,0,1,3,1,8,1533.69,1,1
1723.39,16,387,0,0,0,0,0,1025.44,0,0
3985.22,0,92,1,1,4,6,10,2297.41,1,1
2165.31,20,711,0,0,1,0,2,2210.58,0,0
3523.35,10,209,1,0,3,1,9,1841.87,0,1
1046.93,12,271,0,1,0,2,5,1805.04,0,0
2434.98,12,1178,0,0,0,0,6,1696.76,0,0
9999.02,1,237,1,0,4,6,4,1786.65,1,1
759.08,9,890,0,0,0,0,2,1363.27,0,0
8728.93,3,66,1,0,3,2,14,4172.4,0,1
7061.56,16,197,1,0,2,3,6,1611.9,1,1
4500.07,1,146,1,1,4,2,7,2150.82,1,1
6909.07,5,96,1,0,5,3,9,2270.55,0,1
9710.99,0,141,1,1,1,4,7,1004.53,1,1
2423.03,22,150,0,1,4,4,8,2115.34,1,1
5372.37,2,230,1,1,4,3,16,1056.1,1,1
4583.32,5,14,0,1,2,4,11,2007.97,0,1
2860.12,9,508,0,0,0,1,3,942.37,0,0
4025.9,3,14,1,1,5,4,10,2374.25,0,1
12641.82,4,155,1,1,2,1,9,918.38,1,1
4893.5,10,70,1,1,3,3,8,2380.52,1,1
12278.8,3,193,1,1,4,3,10,2959.15,0,1
7663.37,5,234,0,1,5,2,5,2319.39,0,1
5352.48,13,51,1,0,4,5,12,2501.85,0,1
1391.67,19,1119,0,0,0,1,5,1259.16,1,0
3873.28,13,137,1,1,4,1,10,1241.64,1,1
9542.97,2,237,1,1,3,1,8,1826.51,0,1
3649.69,10,1357,0,0,0,0,3,1970.71,0,0
1765.2,13,279,0,0,1,1,5,1573.34,0,0
2783.7,0,9,1,1,3,1,14,1566.91,0,1
4128.87,12,240,1,0,5,9,7,1676.46,0,1
8366.37,1,92,1,1,5,6,7,2841.52,1,1
3365.87,5,165,1,1,5,4,8,2376.91,1,1
1909.2,19,1471,0,1,0,1,2,2947.29,0,0
2002.06,21,163,0,0,0,0,3,1091.25,0,0
1152.06,9,1155,0,0,0,0,4,1708.57,1,0
2523.19,16,825,1,0,1,0,1,1466.16,0,0
9260.72,11,113,1,1,5,9,8,3018.8,0,1
3581.92,4,120,1,1,1,2,10,2321.05,1,1
9818.85,19,39,1,0,2,3,11,2206.67,0,1
1902.71,8,1004,0,0,0,1,3,2395.99,0,0
2735.84,16,1461,0,0,0,2,6,1391.08,1,0
863.41,12,571,1,0,0,0,2,1618.58,0,0
3804.14,8,901,0,0,0,0,4,2413.5,0,0
1011.12,10,1498,0,0,0,0,3,2192.21,0,0
4731.29,1,103,1,1,3,2,10,2399.64,1,1
2144.97,15,119,0,0,0,0,3,1830.27,0,0
2940.34,8,1233,0,0,0,1,3,1607.44,0,0
1611.5,9,1405,0,0,0,0,5,1736.82,0,0
3239.21,18,732,1,0,0,0,2,2219.0,0,0
2366.27,5,54,1,1,3,1,5,1517.5,1,1
2257.49,22,630,0,0,0,1,3,2170.63,0,0
19235.15,0,197,1,1,1,2,7,1910.44,0,1
1190.04,16,991,0,0,0,2,3,2675.1,0,0
9849.14,5,227,1,0,3,2,17,2589.87,0,1
1076.12,21,710,0,0,2,1,4,2546.19,0,0
8609.49,0,127,0,0,4,3,7,1565.0,0,1
5842.73,14,115,0,1,5,2,9,1207.23,1,1
1489.59,9,830,0,0,1,0,3,1024.02,0,0
1672.65,18,238,0,0,0,0,3,2285.62,1,0
3967.0,5,217,1,1,4,3,8,1370.19,1,1
1532.94,16,314,0,0,0,3,2,2328.32,1,0
11390.61,7,127,1,1,3,6,11,2931.17,0,1
3525.45,5,242,0,1,5,2,9,987.49,0,1
23720.0,0,57,1,1,4,0,9,2095.99,0,1
5409.17,4,146,1,1,5,1,4,2889.04,1,1
1759.37,18,334,0,0,0,0,1,1663.45,0,0
1635.37,10,209,1,1,3,3,8,1714.9,1,1
612.21,22,1286,0,0,0,0,1,1554.12,1,0
7005.83,4,104,1,1,4,2,6,1406.47,1,1
1761.45,17,1109,0,0,1,2,3,1359.82,1,0
5020.56,20,58,1,0,4,3,5,2046.78,0,1
2075.17,20,1127,1,0,1,1,5,1095.69,0,0
3995.69,16,1372,1,0,0,0,1,2206.39,0,0
2781.07,15,444,0,0,0,0,3,2431.31,0,0
1768.85,8,1485,0,0,0,0,3,959.73,0,0
3339.76,0,244,0,0,3,5,5,2835.63,1,1
1276.18,22,118,0,0,2,0,1,1431.83,1,0
1230.25,21,361,1,0,0,0,2,2776.13,0,0
1052.4,21,1109,1,0,0,1,1,1644.67,1,0
4132.93,8,1142,1,0,0,1,2,1000.74,0,0
6823.72,3,143,1,1,4,1,2,1205.62,0,1
1480.44,15,1272,0,1,1,0,5,3082.21,0,0
2441.22,10,955,1,0,1,1,4,1999.67,0,0
1067.2,9,1185,0,0,0,0,5,2459.16,0,0
5080.38,5,187,1,1,3,8,8,1129.25,1,1
6416.12,1,138,1,1,2,5,11,2530.09,0,1
6355.78,18,32,1,1,5,3,4,2940.5,0,1
4422.98,5,27,0,1,5,3,7,1709.47,1,1
5469.79,3,56,1,1,5,7,10,1810.06,0,1
1804.1,10,933,0,0,0,0,0,2852.09,0,0
6103.56,3,193,1,1,1,1,7,2559.99,0,1
2520.04,22,494,0,0,1,2,5,3476.94,0,0
10180.22,1,18,1,1,4,4,4,2062.3,0,1
5589.55,3,117,1,1,4,2,6,2416.56,0,1
9074.24,5,47,1,0,3,4,8,2871.15,1,1
1054.27,13,674,0,0,0,1,2,1701.62,0,0
5638.67,11,24,1,1,5,3,11,1231.06,1,1
1220.86,18,112,0,0,0,0,4,1769.81,0,0
7296.24,5,246,1,1,4,1,3,1945.42,1,1
8838.3,0,235,1,1,5,0,6,3390.11,1,1
1901.42,15,1058,0,0,0,1,6,1008.88,0,0
2415.02,10,1329,0,0,0,1,4,2285.0,0,0
23893.35,0,151,1,1,3,5,5,2382.94,0,1
2187.31,20,1102,0,0,0,2,4,1364.63,0,0
4995.3,1,97,1,1,3,4,3,2326.44,1,1
11197.97,3,223,1,1,5,1,13,1841.57,0,1
2878.78,7,13,1,1,3,7,9,1556.32,1,1
1433.22,14,955,0,0,0,0,3,1568.08,0,0
1534.15,10,808,0,0,1,0,6,2912.66,0,0
1698.15,10,1477,0,0,0,0,5,1476.82,0,0
1737.49,13,233,0,0,0,0,3,1851.34,0,0
4564.31,3,199,0,1,5,3,7,1038.28,1,1
1968.62,5,3,1,1,4,3,12,2767.44,1,1
6465.6,1,106,1,1,3,1,9,2636.19,0,1
1980.27,12,745,0,0,0,0,3,1309.38,0,0
2548.71,20,91,0,0,0,1,1,1766.58,0,0
8100.39,1,242,1,1,3,4,9,1611.15,1,1
1118.76,17,310,0,0,0,0,0,1848.8,0,0
854.58,15,1401,0,1,2,1,2,1615.1,0,0
1277.66,12,229,0,0,0,1,2,1777.8,0,0
1488.01,18,1177,0,0,0,2,3,1456.62,0,0
8066.65,11,199,1,1,3,2,8,2802.23,1,1
2262.36,9,322,0,0,1,0,2,1282.95,0,0
3064.18,2,139,0,1,3,1,11,1705.59,1,1
1771.22,9,589,0,0,0,1,4,1739.83,0,0
8064.67,4,155,0,1,3,7,10,1212.85,1,1
1319.49,20,747,0,0,0,0,3,1909.41,0,0
9714.35,9,77,1,1,2,2,7,2022.41,0,1
1436.69,21,530,0,1,0,1,1,1054.43,0,0
3605.95,14,976,0,0,2,2,7,3314.5,0,0
6601.05,20,80,1,1,2,1,7,1683.9,1,1
4094.47,5,18,1,1,2,4,11,956.42,1,1
2351.38,14,520,0,0,0,0,5,1159.19,0,0
2452.78,5,200,1,1,5,4,9,2048.12,1,1
3600.14,1,61,1,1,5,1,8,1746.46,1,1
872.35,19,601,0,0,0,0,3,2654.82,0,0
3928.55,11,483,0,0,0,0,2,2664.14,0,0
9334.62,0,245,1,1,3,5,8,1834.1,1,1
1892.79,11,410,0,0,0,0,5,1427.72,0,0
5644.51,16,794,0,0,0,0,2,1995.89,0,0
17376.78,14,86,1,1,5,2,6,2351.97,0,1
1439.19,20,779,0,1,0,1,3,2001.23,0,0
3419.53,8,141,0,0,1,1,3,1477.01,0,0
4412.66,3,214,0,1,4,4,7,3001.26,1,1
2170.13,14,891,0,0,1,1,1,1822.51,0,0
1833.56,13,964,0,0,0,0,7,1676.28,0,0
9274.22,1,146,1,0,4,9,9,2071.78,0,1
1787.16,16,951,0,0,2,0,0,1883.32,0,0
5160.1,18,75,1,1,5,1,5,3035.55,0,1
1827.57,8,1438,1,1,1,1,2,1215.98,1,0
2393.7,22,829,0,0,0,0,4,1692.83,0,0
3712.35,20,556,0,0,1,0,3,2689.02,0,0
2137.82,21,1089,0,0,0,0,1,1672.5,0,0
2233.07,16,1214,1,0,1,1,2,2523.22,0,0
1265.72,9,1062,1,0,0,0,3,1269.05,0,0
4591.42,10,139,1,1,4,1,8,1150.29,1,1
2909.78,10,1312,0,0,1,1,7,1086.43,0,0
1438.08,18,931,0,0,0,2,2,2902.98,1,0
11335.31,17,200,0,1,5,2,8,2433.33,1,1
1838.61,20,306,0,0,0,0,3,2367.53,1,0
8303.17,5,31,1,0,4,4,7,1407.12,1,1
5854.18,4,106,1,1,2,4,6,1726.06,1,1
1918.93,21,461,0,0,0,2,1,2074.64,0,0
1949.0,19,88,0,0,0,1,6,1281.81,0,0
10962.78,2,122,1,1,3,4,6,1925.2,1,1
5450.32,4,175,1,1,5,1,8,1638.79,0,1
3086.34,10,335,0,0,0,0,2,1143.77,0,0
1560.81,14,336,0,0,1,3,2,1708.83,0,0
4956.83,17,210,0,1,4,4,10,1122.23,0,1
1078.46,20,689,0,0,0,1,7,2006.5,0,0
2090.0,16,824,1,1,0,1,2,1272.0,0,0
9478.88,5,231,1,1,3,3,8,2957.07,1,1
8710.38,1,201,0,1,1,4,5,1855.7,1,1
6443.26,20,235,1,1,5,6,7,1393.53,1,1
2128.21,12,992,0,0,0,0,2,2091.4,0,0
2990.42,3,167,1,1,3,3,6,1147.12,1,1
4498.91,18,661,0,0,0,0,5,1425.03,0,0
4753.11,4,144,1,1,3,4,10,2719.89,0,1
14822.47,0,229,1,1,5,1,11,2933.21,0,1
6347.46,1,75,0,1,2,1,7,2139.14,0,1
2729.33,8,426,0,0,0,0,5,2477.95,0,0
1180.85,20,1455,0,0,0,0,2,1804.09,0,0
1765.7,14,407,0,0,0,1,3,1012.55,0,0
3844.19,1,12,1,1,5,5,11,1456.91,1,1
4588.11,5,60,0,1,5,0,4,1237.21,1,1
3468.76,0,168,1,1,2,3,8,1071.84,0,1
2175.2,8,361,0,0,1,0,2,2266.59,0,0
1379.49,22,736,0,0,1,0,3,1355.86,0,0
6328.43,17,195,1,1,3,1,7,1806.52,1,1
9617.67,3,133,1,1,5,5,19,1326.18,0,1
1010.47,16,1071,0,0,0,0,1,857.17,0,0
14574.87,16,233,1,1,2,1,5,986.21,1,1
2016.65,14,1368,0,0,0,1,0,1972.04,0,0
3491.65,12,1438,0,0,0,0,2,946.6,0,0
1561.42,16,1193,0,1,0,1,1,984.9,0,0
8970.1,0,5,0,1,1,3,7,1715.76,1,1
3957.4,3,65,1,1,4,2,7,1522.44,1,1
3491.03,2,115,0,1,3,3,11,1754.42,1,1
1477.82,22,820,0,0,1,0,3,1610.6,0,0
6865.88,18,15,1,1,5,1,9,1156.41,0,1
1574.29,16,996,0,0,0,0,5,2395.9,0,0
7019.91,10,119,1,1,4,3,12,1339.26,0,1
901.61,11,930,0,0,0,1,2,1508.62,0,0
4272.98,2,115,1,1,2,1,8,1586.02,1,1
1366.24,14,1272,1,0,0,0,2,819.83,0,0
6694.91,0,154,1,1,4,3,4,1294.99,1,1
8695.22,13,28,1,1,2,3,12,1296.06,1,1
2848.77,4,228,0,1,1,3,11,1703.0,1,1
2186.3,19,716,0,0,0,1,8,1851.71,0,0
9686.98,17,22,1,1,3,3,4,1577.65,0,1
2017.67,19,824,1,0,1,0,1,2346.36,0,0
4387.23,13,246,1,1,4,3,4,801.83,0,1
3867.05,13,850,0,0,1,2,3,1077.21,0,0
1860.76,13,795,0,0,0,2,4,1632.05,0,0
1941.36,14,1393,0,0,0,0,2,2570.52,0,0
11227.62,5,106,1,0,3,2,7,2489.03,1,1
5093.85,1,77,1,1,5,3,7,2155.03,0,1
5524.3,5,190,1,1,5,5,13,1279.48,1,1
9605.35,2,207,1,1,2,1,12,1371.47,1,1
1944.97,10,932,1,0,0,0,3,705.56,0,0
1148.55,11,397,0,0,0,0,2,890.11,0,0
4325.29,3,59,1,1,3,3,8,2377.37,0,1
2754.63,10,946,0,0,0,1,2,1701.11,0,0
1679.45,16,362,0,0,0,0,3,1483.38,0,0
1331.19,12,614,0,0,0,0,3,2460.96,0,0
1531.94,16,92,0,0,0,0,3,2901.92,0,0
1825.41,11,427,0,0,2,1,5,2679.99,0,0
1541.87,11,1453,0,0,1,0,2,1298.45,0,0
2469.2,11,244,1,1,3,2,14,2415.2,1,1
1279.52,22,957,0,0,0,0,2,1966.79,0,0
4595.96,17,848,0,0,1,0,3,1168.1,0,0
2889.07,12,535,0,0,0,0,2,1380.99,0,0
5946.87,2,49,1,1,5,7,5,1919.62,1,1
619.56,22,306,0,0,0,0,2,1453.09,0,0
8179.8,2,37,1,1,4,2,10,2326.32,1,1
2870.73,22,1120,1,0,0,1,1,1926.02,0,0
19310.67,21,198,1,1,1,5,10,1547.62,0,1
1408.36,9,1331,0,0,0,1,2,2245.77,0,0
9945.05,4,65,1,1,4,4,7,2070.96,1,1
6626.31,3,233,1,1,1,4,10,2551.6,1,1
651.27,11,976,0,0,1,1,3,3615.28,0,0
2689.51,3,96,1,1,4,3,8,1738.09,1,1
3299.03,22,134,0,1,1,3,4,2173.71,0,1
1067.83,15,1161,0,0,0,0,3,1537.09,0,0
1951.3,15,439,1,0,1,1,4,936.03,0,0
988.97,17,1493,0,0,1,2,5,1760.44,0,0
3141.61,21,1174,0,0,0,0,6,1325.65,0,0
14000.33,1,149,1,1,5,4,9,1482.9,1,1
10272.74,1,221,0,1,4,1,7,1520.77,1,1
4606.54,4,54,1,1,3,1,4,1600.13,0,1
4842.73,7,129,1,1,5,2,9,1887.43,0,1
5464.17,2,231,1,1,4,3,10,2115.25,0,1
12909.64,0,211,0,1,5,1,10,1382.74,1,1
9351.15,0,112,1,1,4,1,6,2223.85,1,1
5322.62,17,102,1,1,3,4,11,1502.93,0,1
1956.53,18,868,0,0,0,2,4,1024.29,0,0
1456.29,15,404,0,0,0,1,0,1954.24,0,0
1739.35,12,633,0,0,1,0,4,4786.8,0,0
3239.13,12,52,1,1,4,3,7,2372.64,0,1
4329.62,3,152,1,1,2,5,8,664.3,0,1
3986.61,19,651,1,0,0,1,5,1612.45,0,0
12060.8,1,136,1,1,4,2,5,1122.7,0,1
798.01,18,791,0,0,0,2,4,1253.95,0,0
1595.75,16,1203,1,0,0,3,7,1889.49,0,0
2864.2,17,935,0,0,0,0,1,3736.67,0,0
2182.54,13,286,1,0,0,1,1,1428.97,0,0
6268.9,4,164,1,0,2,3,6,1764.25,1,1
8543.82,0,110,1,1,4,5,12,1272.42,1,1
2408.25,11,451,0,0,0,0,1,3457.39,0,0
12790.58,4,217,0,1,4,2,9,1945.84,0,1
8138.13,4,168,1,1,2,4,6,2111.67,0,1
1287.77,12,1120,0,0,0,1,5,2617.76,1,0
13817.93,0,194,1,1,1,4,11,2157.94,1,1
6174.49,1,91,1,0,4,3,6,1327.57,1,1
6752.21,1,136,1,1,5,2,10,1563.42,1,1
13025.09,21,51,1,1,4,3,4,1151.19,1,1
1846.74,17,909,0,0,2,1,1,1856.12,0,0
1992.71,9,1177,0,0,2,0,5,1353.92,1,0
7023.75,23,238,1,1,2,1,2,1166.26,1,1
6071.34,4,158,1,1,3,2,3,2703.82,1,1
3523.08,19,238,1,1,4,4,8,1843.84,1,1
4012.3,5,66,1,1,4,1,5,1370.48,1,1
1562.72,14,137,0,0,0,0,3,2533.5,0,0
3306.5,3,174,0,1,4,4,10,1996.28,1,1
6740.71,2,210,0,1,3,6,9,1280.18,1,1
8840.99,0,125,1,1,1,1,10,1766.03,1,1
4653.57,0,9,1,0,2,3,9,1382.71,0,1
6371.78,3,221,1,1,3,6,9,1223.25,0,1
4489.77,2,193,1,1,4,3,11,1444.39,1,1
12129.04,5,94,1,1,1,3,7,1767.44,1,1
2758.76,13,422,0,0,1,0,4,2050.56,0,0
3414.45,12,835,0,0,0,0,3,1282.32,0,0
1404.87,9,444,0,0,0,0,3,1252.61,0,0
6509.6,22,50,1,1,4,2,4,2878.57,1,1
14839.86,2,196,0,1,4,1,6,1303.59,0,1
1965.06,21,1115,1,0,0,0,4,1547.69,0,0
2905.83,14,882,0,0,0,1,3,1139.19,0,0
2797.85,11,50,1,1,1,2,8,1660.86,1,1
5734.49,5,23,1,1,5,5,4,1253.77,1,1
3536.53,8,1341,0,0,1,1,2,1267.87,0,0
2107.65,11,312,0,0,1,1,4,1179.48,0,0
3713.19,2,60,1,1,1,3,8,2532.99,0,1
9439.98,0,178,1,0,5,4,4,1625.68,0,1
1574.93,15,187,0,0,1,1,1,1433.16,0,0
3645.14,14,1426,0,0,0,3,4,1170.82,0,0
13861.91,1,202,1,0,5,2,8,2039.86,1,1
2181.07,15,831,0,1,0,1,4,1906.1,1,0
2036.87,20,952,0,0,0,0,3,1619.63,0,0
1660.45,16,1499,0,0,0,1,2,1714.08,0,0
4264.88,5,47,0,1,3,2,9,1756.81,0,1
16059.49,3,122,1,1,4,2,14,1696.75,0,1
8384.6,1,66,1,1,5,0,10,1349.85,1,1
4570.02,4,102,1,1,3,8,9,2134.02,1,1
1608.45,19,609,1,0,0,0,2,3166.69,0,0
2972.12,4,60,1,1,1,0,5,1162.78,1,1
3388.02,0,178,0,1,5,3,13,1513.3,1,1
1909.02,19,1274,0,0,1,0,3,2624.28,0,0
16089.66,4,51,0,1,4,4,7,2337.79,1,1
1644.68,0,65,1,1,5,2,9,1380.32,1,1
4230.6,3,91,1,0,2,2,7,1948.08,0,1
3611.61,5,124,1,1,3,5,6,1877.42,1,1
1669.62,21,1345,0,0,1,0,2,1185.91,0,0
3318.77,8,222,0,0,0,0,7,2842.54,0,0
7684.4,4,93,0,1,5,2,5,1331.91,1,1
8406.66,8,64,1,1,2,1,6,1810.42,1,1
1980.05,11,293,0,0,0,1,2,982.36,0,0
2442.61,17,1126,0,0,0,0,2,1734.43,1,0
2100.13,13,563,1,0,0,0,6,1692.36,0,0
7736.65,8,154,0,1,3,3,6,1392.61,1,1
4900.17,5,104,1,0,5,5,9,1070.11,1,1
3541.23,15,1003,0,1,0,0,2,1514.5,0,0
2079.87,18,504,0,0,1,2,2,2186.69,0,0
6006.47,3,95,1,1,1,7,7,1328.94,0,1
3413.09,21,1498,0,0,1,1,2,1347.95,0,0
1299.13,17,485,0,0,0,0,1,1455.46,0,0
11803.95,1,178,1,1,3,3,5,1170.67,0,1
2047.3,9,1045,0,0,0,0,3,1312.55,0,0
5963.24,7,244,1,1,5,9,10,3972.12,1,1
4385.09,15,1100,0,0,0,1,3,2057.69,1,0
7656.34,23,72,1,1,1,1,4,1921.67,1,1
2460.43,11,266,1,1,1,0,6,1722.37,0,0
6432.27,15,12,1,1,3,1,10,2176.25,1,1
3958.76,1,36,1,1,5,2,9,1792.36,1,1
1289.87,11,1315,0,1,0,2,3,2670.87,0,0
3213.49,18,350,0,0,0,0,2,2013.59,1,0
1722.0,17,1283,0,0,0,1,1,1894.77,0,0
2372.08,21,92,0,1,0,0,2,1107.34,0,0
4938.0,10,1497,0,0,0,0,4,1439.86,0,0
8973.69,2,33,1,1,2,5,13,2420.17,0,1
3314.2,9,1056,0,0,0,0,6,2269.57,0,0
7288.63,4,239,1,1,5,2,3,2890.07,1,1
6610.14,3,136,1,0,3,2,9,2080.02,1,1
5018.66,18,1024,0,0,1,0,3,1314.3,0,0
5424.26,0,195,0,1,4,0,6,2094.16,1,1
1556.25,14,878,0,0,0,1,6,2419.27,0,0
1137.5,17,795,0,0,0,1,1,1414.81,0,0
2427.94,10,136,1,0,2,2,8,3509.09,1,1
3369.39,22,733,0,0,0,0,2,612.27,0,0
4262.87,1,216,1,1,3,1,5,1569.84,1,1
5284.36,14,442,1,0,0,0,1,1673.31,0,0
6659.18,3,19,0,1,4,2,9,1921.23,1,1
4595.24,16,962,0,0,0,1,2,1926.07,1,0
3691.41,0,7,1,0,1,2,9,3239.24,1,1
6932.28,0,133,0,1,4,0,7,1375.74,0,1
8384.04,0,190,1,1,2,2,8,1103.11,1,1
8193.04,0,18,0,1,5,2,7,1428.72,1,1
3699.79,0,33,1,0,5,1,10,1960.11,1,1
2198.88,13,1179,1,0,1,0,4,1635.85,0,0
1131.77,17,401,0,0,0,1,3,2297.65,0,0
7654.45,4,34,0,1,2,4,9,2210.07,1,1
3383.13,3,18,1,1,2,2,11,1110.48,0,1
7670.51,5,219,1,1,5,2,8,2166.43,1,1
1185.56,8,754,0,0,0,0,1,2578.18,0,0
3747.89,2,186,1,0,4,1,11,2634.83,0,1
14841.64,2,175,1,1,3,3,12,1510.65,1,1
2003.33,8,743,0,0,0,1,3,2808.83,0,0
2514.37,12,512,0,0,0,0,1,2068.33,0,0
2474.44,15,262,0,0,0,0,3,2204.46,0,0
3911.18,5,187,1,1,2,5,6,2221.27,1,1
15511.61,4,2,1,1,1,4,15,1658.96,1,1
3077.36,9,33,1,0,5,3,3,1645.44,1,1
1578.63,20,1282,0,0,0,0,4,1586.48,0,0
7760.46,5,49,0,1,5,3,8,2048.25,1,1
4192.9,0,118,1,0,2,3,10,1326.33,1,1
1508.04,18,366,0,0,0,1,3,1507.09,0,0
4147.22,1,222,1,1,3,3,5,1384.67,1,1
1413.19,18,908,1,0,0,0,4,1779.31,0,0
2472.63,14,95,0,1,0,1,1,2474.14,0,0
2022.18,13,671,0,0,1,0,0,2271.51,0,0
1261.98,17,402,0,0,1,0,2,1399.15,0,0
4079.07,2,235,0,0,3,5,11,2187.51,1,1
2078.62,16,228,0,0,0,3,5,1982.42,0,0
973.39,15,132,0,0,0,0,2,873.3,0,0
9825.01,20,134,1,1,2,1,10,1946.2,1,1
3754.35,16,326,0,0,0,0,5,2518.23,0,0
3194.34,4,96,1,1,4,4,7,1592.55,0,1
3568.3,1,199,1,1,1,3,9,1866.09,1,1
12232.83,4,118,1,0,5,1,12,2691.34,1,1
2764.8,10,1404,0,0,0,0,1,2231.94,0,0
2996.6,19,1487,1,0,0,1,3,1702.84,0,0
8757.23,5,110,0,1,1,2,13,1104.14,0,1
3028.85,23,96,0,1,3,5,7,1348.87,0,1
8250.67,1,28,0,1,2,6,11,2430.21,1,1
1927.41,10,80,0,0,0,1,5,2365.01,0,0
1412.92,10,526,0,0,0,0,4,2097.05,0,0
9817.55,1,207,1,1,2,2,9,1441.23,1,1
2496.64,16,1140,0,0,0,0,0,1680.35,0,0
10765.85,1,54,1,1,2,3,12,913.8,0,1
2119.75,19,334,0,0,1,0,4,947.38,0,0
8450.38,0,41,1,1,3,2,8,2545.52,1,1
1212.59,20,1400,0,0,0,1,6,2080.27,0,0
2633.73,21,1496,1,0,0,2,2,1675.88,0,0
2437.36,19,1194,0,0,2,0,2,1248.58,0,0
2748.03,14,1058,0,0,0,0,5,1898.37,0,0
1398.15,22,1180,0,0,0,0,0,1870.33,0,0
1770.97,16,1335,1,0,0,0,3,1954.31,0,0
6070.44,10,240,1,1,2,0,14,1682.72,0,1
4334.46,1,244,0,1,3,3,3,1342.17,0,1
10373.42,1,134,1,1,3,4,9,2025.9,1,1
3125.25,15,827,0,0,1,0,5,1532.03,0,0
965.74,18,484,0,0,0,1,3,859.48,0,0
3231.75,0,124,1,1,5,1,7,1286.11,0,1
2973.93,21,684,0,0,0,0,1,1549.6,0,0
2093.59,11,1181,0,0,0,2,1,1444.61,0,0
4570.78,0,157,1,0,4,3,16,2483.12,1,1
5059.1,0,186,1,0,2,1,5,977.55,1,1
4131.52,15,144,0,0,1,0,6,1202.25,0,0
10158.59,12,81,1,1,2,2,7,2477.48,0,1
2196.62,18,652,1,0,0,0,3,2869.9,0,0
2574.72,5,129,1,1,5,1,3,2582.62,1,1
4376.66,20,201,1,1,5,2,11,1928.32,1,1
9472.14,1,86,1,0,4,2,12,1997.55,0,1
8400.34,4,90,1,1,5,3,11,1139.5,1,1
1080.48,21,212,0,0,0,2,2,1305.7,0,0
15221.15,15,32,1,1,4,3,6,1584.5,0,1
3145.69,13,92,0,1,0,2,3,2384.13,1,0
2668.09,22,590,0,0,1,2,3,3409.09,0,0
2600.94,8,188,0,1,1,0,2,2272.24,0,0
1463.13,22,304,0,0,0,0,8,1140.36,0,0
2947.02,16,1447,0,0,0,0,5,1000.36,0,0
2456.96,10,1460,0,0,0,0,2,2970.84,0,0
1845.14,9,210,0,0,0,0,3,2019.28,0,0
2851.59,8,679,0,0,1,0,2,1832.74,0,0
4708.17,9,1431,0,0,0,1,1,1454.88,0,0
5827.17,0,48,1,1,5,2,11,1653.33,0,1
7264.44,4,106,1,1,3,3,7,1321.35,1,1
5518.8,5,164,1,0,1,1,7,1625.04,0,1
2245.41,12,110,0,0,0,1,2,793.32,0,0
6090.29,17,183,1,0,2,5,2,1398.11,1,1
4672.27,1,54,1,1,2,2,9,1611.48,1,1
1397.25,22,1160,0,0,0,1,2,3307.31,0,0
3459.86,14,459,0,0,2,0,1,1285.43,0,0
9662.1,0,36,1,1,3,0,9,2694.96,0,1
5034.07,22,108,0,1,5,3,7,2781.19,1,1
2281.58,8,617,0,0,0,2,2,1350.11,0,0
1643.41,10,137,0,0,0,0,6,988.41,0,0
3130.95,19,438,0,0,2,0,4,1775.44,0,0
2399.81,18,423,0,0,0,0,2,1250.82,0,0
5213.47,15,107,0,1,4,4,15,2116.92,0,1
1200.72,19,823,0,0,1,0,2,1230.9,0,0
9451.89,9,3,1,1,1,4,5,1749.31,0,1
3640.39,0,238,1,1,3,2,9,1461.84,1,1
1868.94,14,696,0,0,1,0,6,3199.98,0,0
8126.61,2,88,1,1,3,1,8,1845.75,0,1
11267.59,15,244,1,1,3,2,9,1125.39,0,1
1685.06,22,677,0,0,1,1,2,1732.98,0,0
1631.0,12,174,0,0,0,1,3,1775.82,0,0
1652.34,0,114,1,1,3,5,5,1365.57,1,1
3503.93,21,413,0,1,0,0,3,1742.95,0,0
7876.74,5,54,1,1,3,2,7,5665.75,1,1
4318.03,16,11,0,1,4,2,8,1954.85,1,1
4126.56,2,84,1,1,2,4,15,2470.99,1,1
4065.05,11,666,0,0,0,0,3,1969.82,0,0
7630.95,0,216,0,0,5,3,5,1417.37,0,1
2136.5,20,1477,0,0,2,1,2,2406.42,0,0
2540.98,20,963,0,0,1,0,6,1690.19,0,0
8266.56,14,47,1,1,2,2,8,1151.07,1,1
1196.35,21,1192,0,0,1,0,3,3350.23,0,0
2352.19,14,642,0,0,0,1,5,2326.56,0,0
4265.44,5,83,1,1,5,4,4,1285.11,1,1
5673.51,1,100,1,1,5,3,5,1531.13,1,1
10539.97,3,242,0,1,5,3,2,3529.03,0,1
2131.26,9,583,1,0,0,0,4,1400.32,0,0
1562.91,15,166,0,0,1,2,4,1983.15,1,0
2637.87,8,493,0,0,0,1,1,2189.79,0,0
3486.45,1,163,1,1,2,3,9,1508.32,1,1
6656.05,5,151,1,1,4,2,6,1210.01,1,1
4735.67,1,213,1,1,3,1,6,1791.67,1,1
3619.0,4,26,1,1,5,2,9,1704.96,1,1
7617.45,4,52,1,1,2,1,13,1551.93,0,1
3304.08,5,88,1,1,2,5,9,3105.33,1,1
4688.8,3,64,1,1,1,2,2,1872.18,0,1
2157.69,8,572,0,0,0,1,2,3092.49,0,0
7366.08,22,18,1,1,2,4,7,1156.28,1,1
2676.76,8,1166,0,0,0,0,1,1324.09,0,0
2204.1,5,129,1,0,3,4,7,954.24,1,1
6991.38,0,147,1,1,5,2,12,1559.19,1,1
7426.08,16,190,1,1,5,2,8,1156.75,1,1
1405.23,15,97,0,0,0,0,2,2407.23,0,0
1268.33,17,1057,0,0,0,0,1,1907.3,0,0
2810.32,2,197,1,1,3,3,6,3685.67,1,1
7850.44,2,242,0,1,4,1,4,2271.13,1,1
3189.55,17,960,0,0,0,0,3,1414.59,0,0
2932.41,0,196,1,1,3,2,10,1974.45,1,1
2296.28,18,833,0,0,0,1,4,1102.24,0,0
11690.02,0,108,1,0,4,4,11,1129.11,1,1
5784.3,3,168,1,0,5,0,9,2500.48,1,1
3629.96,3,76,0,1,3,6,9,1898.47,0,1
9095.43,0,155,1,1,4,3,5,1200.32,1,1
2295.66,13,698,0,0,0,2,2,2448.62,0,0
6709.67,1,73,1,0,3,4,8,1623.4,0,1
2382.78,21,1350,1,0,0,2,5,3002.03,0,0
5334.59,2,84,1,1,5,3,9,2574.24,0,1
11032.94,10,200,1,1,3,1,3,1182.36,1,1
1037.64,15,1083,0,0,0,2,2,1409.39,0,0
3371.96,1,189,1,1,1,3,11,1481.63,0,1
1559.61,15,535,0,0,1,1,3,2769.58,0,0
1171.06,14,1017,0,0,1,0,0,1105.2,0,0
6314.76,1,190,1,1,5,7,12,2049.49,0,1
5383.44,2,66,1,1,1,3,8,2866.12,1,1
2213.87,18,354,0,0,0,1,4,1738.16,0,0
989.83,13,726,1,0,1,1,3,1811.91,0,0
1487.85,17,118,0,0,1,0,2,1643.83,0,0
2017.59,22,85,0,0,0,0,2,3608.56,1,0
1559.33,18,436,0,0,0,3,6,2934.25,0,0
5780.45,1,101,1,1,3,3,13,1722.37,1,1
2139.95,22,432,0,0,1,1,2,3266.72,0,0
1683.51,8,1431,0,0,0,0,5,1899.53,0,0
1182.31,9,1281,0,0,1,0,3,2388.75,0,0
2060.21,5,62,1,1,4,5,6,2389.8,1,1
5375.29,0,141,0,1,1,4,7,1332.11,0,1
10360.12,3,192,1,1,3,2,7,1371.8,1,1
3311.68,8,1376,0,0,0,0,1,3728.4,0,0
3744.96,5,203,1,1,3,2,5,2793.94,0,1
2018.19,12,1202,0,0,0,0,0,1486.71,0,0
1049.14,14,1113,1,0,0,0,1,1973.51,0,0
847.51,10,645,0,0,1,0,5,2548.76,0,0
2298.41,8,960,0,0,0,0,2,1638.43,1,0
16101.97,4,182,0,1,5,5,5,1698.21,1,1
5605.02,5,92,0,1,5,2,9,1380.98,1,1
3229.98,13,860,0,0,0,1,1,2090.5,0,0
2471.6,8,1459,0,0,1,0,3,2080.88,0,0
3282.96,21,554,0,1,1,0,3,1789.49,0,0
4774.03,2,187,1,0,3,3,11,739.15,1,1
1211.46,20,726,0,0,0,1,2,1271.03,0,0
2202.27,22,1424,0,0,0,1,3,3178.54,0,0
13859.2,0,42,1,1,5,2,8,1429.89,1,1
2255.38,15,722,1,0,0,1,1,1757.29,0,0
15195.46,4,13,1,0,1,3,8,1041.58,0,1
3784.65,16,15,1,1,5,3,7,3320.27,0,1
2133.34,9,434,0,0,0,0,3,2090.11,0,0
10597.42,4,171,1,1,4,4,5,1270.7,0,1
2521.48,8,1161,0,0,0,0,3,1547.65,0,0
7278.26,2,30,1,0,3,5,10,4181.12,1,1
2226.65,11,1399,0,0,2,0,1,2319.81,0,0
1850.52,22,1243,0,0,0,0,4,1497.71,0,0
6227.3,0,98,1,1,4,0,9,1599.55,0,1
14099.26,0,6,0,1,3,2,9,2237.55,1,1
1484.89,13,1052,0,0,0,0,2,1745.48,0,0
4757.85,5,86,1,1,4,4,9,2003.68,1,1
5767.11,18,38,1,1,4,1,9,1333.4,0,1
12887.81,23,72,1,1,5,4,11,2214.92,1,1
5515.49,1,128,1,1,3,1,17,2851.76,1,1
3814.98,10,1205,0,0,0,1,6,1528.1,0,0
2384.08,17,1188,0,0,1,0,4,1496.78,0,0
6915.64,2,234,1,1,4,6,3,2084.99,1,1
4140.5,21,895,0,0,0,0,3,1655.62,0,0
1207.27,20,1412,0,0,1,1,2,895.59,0,0
3832.52,1,117,1,1,3,1,6,2823.23,1,1
4867.33,17,86,0,0,1,1,4,2994.08,0,0
2164.07,5,207,1,1,4,3,6,766.45,1,1
2337.7,16,1434,0,0,0,3,5,1215.48,0,0
3996.86,0,139,0,1,2,2,8,1757.1,1,1
2051.51,11,1057,0,0,0,1,0,2222.46,0,0
1388.53,12,968,0,0,1,2,4,1247.38,0,0
3981.99,5,187,1,1,5,0,6,2752.69,0,1
2253.93,16,1471,0,1,0,1,4,2478.7,0,0
9625.3,5,66,1,1,4,2,6,1281.67,1,1
12120.14,6,102,1,1,2,1,9,1772.88,1,1
3518.84,0,112,1,1,5,4,10,3794.83,0,1
3487.48,12,11,1,1,4,7,7,1981.72,0,1
4442.68,2,143,0,1,5,2,3,2335.01,1,1
1376.37,17,1017,1,0,0,1,1,3112.07,1,0
5442.7,1,114,1,1,2,0,6,1315.44,1,1
4177.48,4,163,0,1,5,5,5,2629.19,1,1
11217.72,10,15,1,0,5,1,9,1858.32,1,1
13447.64,15,156,1,1,2,0,6,1384.35,1,1
4156.68,2,243,0,1,3,3,10,1936.08,1,1
2516.55,16,1428,0,0,1,0,4,944.15,1,0
3499.81,8,937,0,0,0,0,3,1897.02,0,0
2474.85,11,329,0,0,0,1,4,1490.94,0,0
1809.02,11,780,0,1,0,2,4,646.32,0,0
5040.38,3,119,1,1,2,2,7,1833.11,1,1
8139.18,3,147,1,1,1,5,1,1424.89,0,1
5263.67,1,207,1,0,4,4,6,2311.72,1,1
3597.47,2,10,1,1,3,9,9,2081.07,1,1
3962.58,3,182,1,1,4,2,8,1454.68,1,1
18356.79,4,164,1,1,1,3,6,1144.89,1,1
2744.21,3,179,1,1,4,4,6,2012.38,1,1
2495.47,6,242,1,1,3,2,5,988.22,1,1
1429.71,17,1301,0,0,0,0,2,2215.95,1,0
7215.64,10,87,1,1,3,5,3,1742.41,1,1
2380.26,10,582,0,0,0,1,3,1851.31,0,0
2341.83,13,647,0,0,0,0,5,1443.21,0,0
10700.13,14,34,1,0,4,3,8,1521.53,1,1
1948.1,22,1308,0,0,0,0,1,1488.92,0,0
5500.89,6,13,0,0,5,0,11,1710.57,1,1
3536.98,4,241,0,1,3,3,9,3320.37,0,1
3705.04,16,318,0,0,0,0,2,1761.07,0,0
2699.51,4,114,1,1,2,2,7,2432.96,0,1
3019.46,20,1434,0,0,0,1,2,1748.58,1,0
4791.61,4,170,1,1,4,3,8,1417.35,1,1
5555.52,1,169,1,0,1,1,6,938.69,1,1
2906.16,10,151,1,1,4,5,10,2353.78,1,1
1405.91,15,1426,0,0,0,1,0,1204.21,0,0
4728.22,8,490,0,1,1,2,1,793.45,0,0
3921.54,3,91,1,1,2,5,8,1763.56,0,1
5966.43,3,233,1,1,4,4,7,2228.74,1,1
2115.94,16,377,0,0,0,1,1,1230.08,0,0
2137.5,11,870,0,0,0,0,3,3595.96,0,0
2951.85,2,60,1,1,3,4,8,2061.83,1,1
1824.5,2,139,1,0,4,1,11,1317.34,1,1
8550.26,2,231,0,1,4,3,13,2459.12,1,1
14012.88,4,41,0,1,2,1,9,1110.49,1,1
4938.4,0,120,1,1,4,2,10,1438.85,0,1
1316.58,15,900,1,0,0,1,3,1808.63,0,0
2462.72,9,1471,0,0,0,1,1,1489.35,0,0
5894.45,3,9,1,1,4,1,14,1457.14,1,1
4983.08,4,236,1,1,5,3,7,1717.67,1,1
1408.06,19,580,0,1,0,0,5,3231.97,0,0
1752.18,18,556,0,0,0,0,3,2722.44,0,0
5041.06,10,130,1,1,4,4,13,2087.97,1,1
1773.85,19,477,0,0,0,0,4,2366.43,0,0
2378.67,14,226,0,0,0,0,1,1665.99,0,0
4214.38,16,140,1,1,2,4,7,1547.13,1,1
15408.05,8,76,1,1,1,4,12,2014.05,1,1
3160.06,5,130,1,1,4,3,11,1564.63,1,1
2564.29,21,871,0,0,0,1,1,2142.5,0,0
2883.21,1,128,1,1,4,3,7,1939.3,1,1
1392.65,11,328,0,0,0,1,3,3456.4,0,0
2478.14,20,1214,0,0,0,1,2,2708.04,0,0
2071.56,10,330,1,0,0,0,4,2256.03,0,0
6400.99,22,43,1,1,4,1,11,2798.25,1,1
2420.0,12,255,0,1,0,1,2,1978.29,0,0
2230.17,10,395,0,0,0,0,3,2350.17,0,0
3474.28,4,218,1,0,1,4,6,1138.98,0,1
4264.72,0,197,1,1,1,3,8,2902.13,0,1
1438.04,16,794,0,0,0,2,3,2568.51,0,0
1379.98,22,1175,1,0,0,0,2,1362.43,0,0
2072.94,12,1496,0,0,0,0,6,1580.75,0,0
2758.75,14,1304,0,0,0,1,3,1225.34,0,0
5208.79,2,114,1,1,4,2,5,2317.42,1,1
1861.0,20,90,0,0,0,1,4,2445.48,0,0
4134.3,13,81,1,1,4,1,7,1290.22,0,1
1594.97,19,945,0,0,0,1,5,2198.68,0,0
8813.46,5,239,1,0,4,0,6,1878.48,1,1
2481.3,2,203,1,0,1,5,4,1930.35,1,1
1192.17,8,1294,0,0,0,0,5,2729.23,0,0
8119.43,1,84,0,1,4,3,9,2347.39,0,1
1060.92,11,1030,0,0,0,0,1,1245.6,0,0
10320.7,1,61,1,0,4,3,10,1476.26,1,1
918.08,13,720,0,0,0,0,4,3211.44,0,0
4070.62,3,84,1,1,5,0,4,1413.43,1,1
5978.26,2,54,1,1,5,2,10,1449.38,1,1
1282.94,14,961,0,0,0,0,7,2731.43,0,0
1363.29,15,106,0,0,0,0,9,2359.14,0,0
7637.33,17,211,1,1,5,2,11,2899.91,1,1
5925.74,3,204,0,1,5,3,9,1712.79,1,1
4382.5,4,195,0,0,1,3,6,1866.73,1,1
4616.92,4,193,1,1,5,2,5,2766.37,1,1
1452.07,10,64,0,0,0,1,3,1776.97,0,0
487.15,14,107,0,0,0,2,3,2021.17,0,0
9393.8,4,225,0,1,1,2,10,2009.71,1,1
1700.14,12,1151,1,0,0,1,3,1027.14,0,0
4340.14,3,137,1,1,3,3,8,1192.74,1,1
6750.23,4,226,1,1,3,4,11,1105.77,1,1
4368.11,8,403,0,0,0,0,1,2132.43,0,0
4941.85,11,205,0,1,0,0,5,1121.29,0,0
2750.78,12,950,0,0,0,0,2,2435.58,0,0
3448.13,0,155,1,1,3,3,4,1085.26,0,1
4458.68,9,67,1,1,4,2,9,990.38,0,1
8525.64,11,52,1,1,5,7,11,2940.59,1,1
11777.87,4,85,0,1,5,3,10,2750.3,1,1
10328.36,2,158,1,1,2,1,6,3552.7,1,1
2223.54,13,931,1,0,0,0,5,1685.49,0,0
2619.43,21,1489,0,0,1,0,5,1220.15,0,0
913.15,18,1040,0,1,0,1,1,1477.62,0,0
2595.63,12,1047,0,1,0,1,2,2194.34,0,0
2935.55,11,1254,0,0,2,1,3,1590.37,0,0
5022.21,4,100,1,1,4,1,5,2358.58,0,1
1824.84,10,845,0,0,1,3,3,1479.17,0,0
858.14,16,106,0,0,0,2,3,1850.16,0,0
3620.29,21,72,0,1,5,2,8,2033.2,0,1
7766.93,3,234,0,1,2,1,10,1659.44,1,1
2376.37,8,1189,1,0,0,0,2,1404.99,0,0
7545.28,5,50,1,1,4,3,6,2189.18,1,1
4319.37,16,1044,1,0,0,0,1,1412.54,0,0
2888.46,22,1463,0,0,1,1,3,3646.01,0,0
1791.9,10,656,0,0,1,0,5,2304.7,0,0
2803.96,4,32,1,1,4,2,4,1882.3,1,1
5397.52,1,96,1,1,3,1,10,1786.15,1,1
1936.76,2,24,1,1,1,2,6,2848.42,1,1
2735.8,19,514,0,0,0,0,6,1999.45,0,0
11743.31,0,3,1,1,3,1,8,1488.14,1,1
1004.16,17,1479,0,0,0,0,2,2544.64,0,0
2986.89,12,1201,0,0,0,0,3,1376.33,0,0
13120.34,12,50,1,0,5,1,6,1402.41,1,1
2659.04,14,1080,0,0,0,1,3,1392.43,0,0
1576.34,13,1201,0,0,0,0,3,2465.05,0,0
2587.19,11,734,0,1,1,0,5,1534.24,1,0
6141.86,4,186,1,1,2,4,8,2024.36,0,1
1371.39,17,1103,1,0,0,1,0,1859.1,0,0
15885.34,11,49,0,1,4,5,9,1583.13,0,1
3478.64,10,682,0,0,0,3,3,1848.85,0,0
13504.52,0,179,1,1,4,1,7,1570.77,1,1
2411.55,20,1021,0,0,0,0,2,1983.26,0,0
2376.1,13,777,0,0,1,0,2,2233.63,0,0
5634.84,0,38,1,1,5,3,9,3182.67,1,1
1198.02,10,1008,0,0,0,0,3,1981.0,0,0
1415.54,20,92,1,1,3,2,9,3154.74,1,1
3849.24,12,115,0,1,5,4,8,990.83,1,1
3840.65,0,122,0,0,5,5,10,1747.76,1,1
1336.14,21,579,0,0,0,0,7,957.59,0,0
820.75,15,1129,0,0,0,0,5,1640.94,0,0
3889.18,14,944,0,0,0,0,2,2216.09,0,0
2911.65,4,93,1,1,4,2,6,2536.57,1,1
2104.11,12,218,0,1,2,1,6,1826.96,1,1
1333.55,21,1465,0,0,1,0,5,1382.67,0,0
1542.48,9,421,0,0,0,0,4,1640.0,0,0
2994.34,19,1498,0,0,0,0,5,1765.76,0,0
2630.72,12,1418,0,0,0,1,3,2012.27,0,0
2616.32,1,51,1,1,4,2,7,1806.5,1,1
1303.15,15,1085,0,0,0,0,0,1537.34,1,0
6187.2,4,89,1,0,2,3,6,2413.54,0,1
6176.35,3,62,1,1,5,7,3,2374.62,0,1
7348.44,2,59,1,1,5,2,5,1536.16,1,1
10230.08,21,86,1,1,5,1,12,3207.34,1,1
3229.54,0,163,1,1,1,6,7,2460.11,1,1
1365.76,11,1169,0,0,0,0,1,1712.73,0,0
3345.95,9,1072,0,0,0,1,4,2053.8,0,0
2043.72,4,248,1,1,3,1,9,1106.42,1,1
1600.0,20,885,0,0,0,0,2,985.01,0,0
7441.23,2,121,1,1,3,4,10,2804.63,1,1
4987.98,20,99,1,0,4,2,6,2594.61,0,1
19335.67,3,77,1,1,5,3,10,2270.21,1,1
1049.41,21,370,1,0,1,1,3,972.81,0,0
5678.95,2,119,1,1,4,6,11,1436.49,1,1
5386.58,1,68,1,1,2,1,4,1671.26,0,1
13955.0,2,22,1,1,3,0,4,1483.32,0,1
13182.58,0,93,1,1,5,3,9,1744.99,1,1
7292.53,0,188,1,1,5,4,3,2428.2,0,1
873.81,15,691,0,0,2,1,4,2133.66,0,0
3675.84,4,186,0,1,1,2,7,1861.59,1,1
859.59,14,1214,0,0,0,0,3,1508.29,0,0
7024.0,2,134,1,1,4,4,10,1828.61,1,1
1261.45,20,1496,0,0,0,0,2,1826.99,0,0
854.4,12,869,0,0,0,0,5,2125.01,0,0
7320.62,0,69,1,1,5,0,7,917.58,1,1
1251.23,22,305,1,0,0,0,1,1358.52,0,0
2287.48,16,985,0,1,0,0,6,3060.99,0,0
1966.37,12,774,0,0,0,0,9,1840.48,0,0
6917.84,2,132,1,1,1,2,12,1687.66,1,1
9995.5,2,106,1,1,3,6,4,1979.2,0,1
2559.41,15,791,0,1,0,0,4,2105.43,0,0
9953.9,3,110,0,0,4,5,7,1923.12,1,1
20584.42,5,213,1,1,3,4,7,1553.14,1,1
8041.77,0,225,1,1,5,1,8,2753.25,1,1
1498.52,11,1258,0,0,0,0,2,1371.22,0,0
2527.14,8,1402,0,0,0,2,7,1709.08,0,0
13894.04,2,240,0,1,5,3,5,1902.75,1,1
2574.1,13,1160,0,0,0,0,3,2377.89,0,0
4463.36,2,135,1,1,4,2,12,1056.84,1,1
4454.69,7,6,0,1,3,3,9,1127.48,1,1
5741.91,13,1069,0,0,1,0,3,2052.36,0,0
5813.95,3,213,0,1,4,1,7,1328.24,0,1
1183.89,17,1201,0,0,0,0,3,3235.84,0,0
9347.59,16,212,1,1,2,3,6,2207.28,1,1
4216.54,3,27,1,1,3,1,8,3142.37,1,1
2015.91,17,704,0,0,0,0,4,2571.16,0,0
8671.03,2,169,1,0,5,7,8,1691.53,1,1
20931.15,4,105,1,1,3,6,7,1837.47,1,1
1026.79,21,1427,0,0,0,1,2,1161.82,0,0
1339.04,14,551,0,0,0,0,5,1858.02,0,0
3130.91,2,120,1,0,3,3,4,1824.45,1,1
3372.96,15,16,1,0,4,2,8,1747.33,1,1
6093.69,4,249,1,1,2,4,6,2615.81,0,1
1701.42,13,1034,1,0,0,1,4,2100.6,0,0
2832.35,14,999,0,0,0,1,3,3778.47,0,0
1948.52,11,1352,0,1,2,1,1,1913.88,0,0
1703.88,9,593,0,0,1,2,5,1420.19,0,0
5298.94,2,173,1,1,4,6,8,3772.78,1,1
1249.8,19,280,0,0,0,1,1,536.21,0,0
3333.77,3,245,0,0,3,3,8,1960.03,0,1
4871.87,2,237,0,1,2,4,6,2793.26,0,1
2054.95,8,887,0,0,0,0,3,1787.86,0,0
1876.44,16,344,0,1,1,2,5,2545.77,0,0
8882.87,5,30,0,1,2,1,7,1507.07,1,1
1224.7,2,182,1,1,4,2,4,2167.85,1,1
2686.07,11,414,0,1,0,0,1,1421.12,0,0
3252.55,19,104,1,1,2,3,11,1547.16,0,1
16600.75,1,168,1,1,3,0,7,1881.51,1,1
1991.05,3,240,1,1,5,2,8,2183.89,1,1
2896.71,3,142,0,1,4,2,9,1169.6,1,1
3479.38,9,864,0,0,0,0,2,2130.19,0,0
4621.46,5,243,1,1,3,3,5,1338.19,0,1
5076.37,4,168,1,1,5,5,7,3822.13,1,1
1377.76,11,737,0,0,0,0,7,2539.75,0,0
4655.72,11,58,0,1,5,4,13,1393.86,0,1
1810.64,10,465,0,0,0,0,3,1262.51,0,0
1505.22,13,731,0,0,1,0,2,2208.8,0,0
14804.25,5,169,1,1,4,4,8,1685.67,1,1
13885.45,2,181,1,1,5,3,4,1772.67,1,1
1479.0,8,1436,1,0,1,0,0,2417.59,0,0
1742.62,1,204,1,0,5,3,9,2062.71,1,1
9675.05,1,39,1,1,4,5,7,1658.09,1,1
2587.8,16,257,0,0,0,0,3,2673.87,0,0
1542.71,18,577,0,0,0,0,5,2517.26,0,0
5259.06,1,141,1,1,4,3,7,654.08,0,1
1386.34,14,277,0,0,1,2,0,2149.62,0,0
2606.32,13,149,1,0,4,2,8,1659.86,0,1
4832.68,2,14,0,1,4,1,3,2229.69,1,1
907.15,17,567,0,0,0,1,1,1721.72,0,0
8116.97,14,325,0,0,0,1,3,2386.89,0,0
18401.77,19,41,1,1,2,2,4,1816.77,0,1
10401.36,16,144,1,1,3,4,3,2214.02,1,1
2489.12,10,817,0,0,0,1,4,1710.24,0,0
2862.41,19,125,0,0,1,1,1,2183.02,0,0
7378.02,7,122,0,1,4,2,7,1156.21,1,1
1294.77,20,1207,0,0,1,1,3,1953.49,1,0
9716.34,3,127,1,1,3,3,7,1501.3,0,1
1204.54,9,1387,0,0,0,0,3,1016.98,0,0
1433.69,10,958,0,0,1,2,3,2228.62,0,0
1669.63,10,131,0,0,0,0,5,2059.5,0,0
1339.52,10,723,0,0,0,1,5,1714.3,0,0
2387.95,22,633,0,0,2,1,2,2622.85,1,0
758.91,10,667,0,0,0,0,3,1877.81,0,0
8251.16,5,226,1,1,5,2,6,1732.26,1,1
2282.17,21,1467,0,0,0,2,4,1494.86,1,0
837.29,19,1286,0,1,1,0,4,1488.95,0,0
2661.72,4,152,1,1,4,2,13,2493.8,1,1
2174.3,19,142,0,0,0,0,2,839.67,0,0
1469.71,15,454,0,0,0,0,4,2122.59,0,0
2265.19,15,115,0,0,0,1,1,2864.23,0,0
2642.52,8,870,0,0,0,0,2,1859.68,0,0
1809.47,12,1233,0,0,1,0,2,3265.48,1,0
1181.38,10,117,0,0,1,0,3,1543.25,0,0
2078.28,21,323,0,0,0,0,4,2196.48,0,0
5314.6,21,1081,0,1,0,0,1,1706.32,0,0
1290.81,9,475,0,0,0,0,1,1794.68,1,0
1728.61,15,1191,0,0,0,0,2,1464.21,0,0
2767.38,13,1388,0,0,0,1,4,1459.54,0,0
6741.71,0,195,0,1,4,2,6,1822.28,1,1
3420.81,8,221,0,0,0,1,5,1392.49,0,0
2044.15,22,112,0,0,0,1,3,1676.24,0,0
2895.26,8,1185,0,0,0,0,3,2243.24,0,0
9947.06,1,221,1,1,4,4,5,1147.53,1,1
6021.06,9,144,1,1,2,3,4,2790.05,1,1
889.29,20,780,0,0,1,0,4,2049.3,0,0
3687.07,20,332,0,0,1,0,2,1877.57,0,0
16070.48,12,145,0,1,3,3,5,1480.73,1,1
3293.1,11,204,0,0,0,0,3,1689.35,0,0
5114.29,1,172,1,1,3,2,14,3649.39,0,1
2681.38,15,584,0,0,2,0,0,2149.35,0,0
1833.64,10,235,0,0,0,0,6,2506.81,0,0
1769.26,8,290,0,0,0,0,4,1294.92,0,0
16106.69,0,181,1,0,2,0,9,1215.49,1,1
3676.32,4,45,1,0,1,8,11,2287.2,1,1
5445.4,4,204,1,1,3,0,8,1448.02,1,1
1472.76,13,554,0,0,1,1,2,2584.31,0,0
11556.05,3,65,0,1,4,1,10,1584.1,1,1
4040.82,20,821,0,1,2,0,2,1385.81,0,0
10151.8,0,245,1,1,1,3,5,1944.3,1,1
5224.25,8,210,1,1,2,5,6,1673.84,1,1
987.69,17,612,0,0,0,0,3,2386.69,0,0
7830.95,0,36,0,1,4,2,11,3012.94,1,1
5783.86,2,146,1,1,3,6,7,1572.98,0,1
5675.53,21,11,1,1,1,2,5,1287.07,1,1
1812.41,22,1053,0,0,0,0,2,1846.86,0,0
5539.13,1,233,1,1,5,1,11,1998.53,1,1
3267.01,5,202,1,1,5,4,7,1191.6,1,1
4292.52,5,184,0,1,5,4,12,1597.75,1,1
8865.31,9,46,1,1,4,3,6,2796.81,1,1
6254.44,5,131,1,1,3,2,5,2031.87,0,1
4711.66,10,33,1,0,4,1,18,2150.64,1,1
5891.6,5,164,1,1,3,3,13,3234.98,0,1
2546.03,16,831,0,0,0,1,3,2391.08,0,0
12287.97,22,189,1,1,4,5,4,2518.66,1,1
7454.08,9,175,1,1,3,2,10,2730.33,0,1
1613.18,10,363,0,0,0,1,1,1483.66,0,0
6486.44,6,84,1,1,5,1,12,1577.69,0,1
16009.1,0,76,1,1,2,2,9,1512.62,1,1
1824.19,21,1046,1,0,0,1,2,2351.73,0,0
10262.41,4,19,0,1,4,1,7,3415.68,1,1
2944.98,0,199,1,1,2,9,7,1059.4,1,1
3805.21,2,88,1,1,4,4,8,1984.34,1,1
14918.4,2,192,1,1,4,5,8,2117.96,1,1
3285.75,8,1308,0,0,2,0,3,1717.49,0,0
1406.32,21,590,1,1,0,0,3,1381.17,0,0
11690.8,5,150,1,1,3,3,9,2378.55,1,1
6635.73,7,130,1,1,1,1,17,1384.02,1,1
3686.49,8,40,1,1,1,3,13,2015.73,0,1
2713.43,17,1067,0,0,0,0,3,784.28,0,0
8626.51,13,150,1,1,1,1,8,1749.94,0,1
6899.91,3,12,1,1,3,3,6,1886.41,1,1
3187.98,21,1354,0,0,0,0,2,1052.61,0,0
1978.31,15,1063,0,0,0,1,0,2013.63,0,0
1527.83,13,268,0,0,1,1,3,1048.3,1,0
1954.16,8,972,0,0,0,0,2,2427.16,1,0
6259.63,0,5,0,1,2,6,7,1411.82,1,1
11798.53,11,9,1,1,2,3,14,1607.9,1,1
904.56,13,1247,0,0,0,0,3,2213.67,0,0
2665.91,19,1440,0,0,0,2,3,991.24,0,0
3249.56,17,77,1,1,3,2,8,2271.97,1,1
7711.23,2,220,0,1,5,5,7,3475.09,0,1
10276.35,22,171,1,0,5,2,11,1777.83,1,1
4516.41,0,15,1,1,5,4,4,1833.43,1,1
7987.76,23,14,1,1,2,3,7,2361.42,0,1
6685.46,3,83,1,1,5,2,4,2412.0,0,1
23912.68,0,29,1,1,5,0,8,2769.72,0,1
11101.22,4,88,0,1,1,3,9,1368.85,1,1
8468.42,5,76,1,1,3,2,9,1398.08,1,1
3009.65,3,225,1,1,2,2,10,1280.61,1,1
3177.57,2,93,1,1,3,3,5,1364.3,1,1
9110.29,12,183,0,1,1,5,5,1310.31,1,1
2720.04,10,1078,0,0,0,0,1,3096.96,0,0
13371.29,5,22,1,1,1,0,8,1536.78,0,1
16952.03,5,80,0,1,5,1,7,1603.75,0,1
8653.94,14,240,1,1,3,3,4,3315.84,0,1
4741.21,2,139,1,1,3,3,9,1880.39,1,1
2257.67,9,776,0,0,0,2,1,1432.32,0,0
3132.48,22,1238,0,0,0,1,5,724.62,0,0
3106.31,17,1008,0,0,0,3,3,1206.31,0,0
7314.82,5,16,1,1,3,2,13,2242.57,0,1
2370.9,9,400,0,0,0,0,3,1275.24,0,0
1695.48,19,123,0,0,0,0,3,2371.76,0,0
2032.68,5,211,1,1,2,4,7,1234.49,1,1
4823.6,10,160,1,1,4,2,7,2761.78,1,1
2351.89,19,1075,1,0,0,2,2,1185.16,0,0
2144.63,12,224,0,0,0,0,0,2139.24,0,0
14070.84,10,136,1,1,2,6,7,2617.98,1,1
1200.62,11,571,0,0,1,1,7,1685.88,0,0
9233.23,0,157,1,1,5,6,5,2206.31,1,1
7784.65,5,105,1,1,1,3,9,2297.29,1,1
4804.21,17,218,1,1,5,2,10,3871.48,0,1
4134.3,13,1223,0,0,0,0,4,2575.0,0,0
4531.56,2,132,1,1,4,1,10,2151.6,1,1
6609.95,4,213,1,1,2,2,14,2286.34,1,1
4127.75,8,50,0,1,3,9,7,1046.25,1,1
2458.18,8,387,0,0,2,1,4,1649.25,0,0
4567.79,0,201,0,1,4,6,7,1662.22,1,1
1511.28,12,1480,0,0,0,0,7,1948.2,0,0
10734.79,11,235,1,1,4,3,7,1194.05,1,1
2505.6,9,1299,0,0,0,2,4,2226.19,0,0
7597.34,8,174,1,1,3,2,5,2513.04,1,1
1373.01,12,999,1,0,0,0,1,1452.78,0,0
10173.41,5,47,0,1,5,2,6,1585.18,1,1
5418.01,21,215,0,1,3,5,7,1622.4,1,1
5657.85,5,17,1,1,4,6,10,1070.39,1,1
1252.56,15,1151,0,1,0,0,2,1187.56,0,0
2076.3,5,242,1,1,4,1,7,1166.3,1,1
1831.4,11,397,0,0,1,0,4,2363.03,1,0
4727.37,15,737,0,0,0,1,4,1223.15,0,0
23989.23,0,184,1,1,4,5,8,1089.38,1,1
1546.29,9,546,0,0,0,0,4,1215.53,0,0
1805.16,21,608,0,0,0,0,5,2440.69,0,0
4168.23,20,138,1,1,3,4,6,1958.38,1,1
2050.79,10,340,0,0,0,0,6,1463.28,0,0
1375.51,22,1267,0,0,0,1,4,2472.37,0,0
7532.71,2,175,1,1,5,4,8,1686.23,1,1
2536.74,0,170,1,1,2,7,8,1548.27,1,1
970.15,18,963,0,0,0,0,3,1235.47,0,0
7548.8,3,149,1,1,5,7,5,1035.35,0,1
1116.16,17,926,0,0,0,1,2,857.38,0,0
7416.17,18,235,0,0,5,4,3,1538.65,1,1
1982.4,17,666,0,0,0,2,5,2516.53,0,0
1107.73,17,381,0,0,1,1,4,1983.49,0,0
836.61,13,890,0,1,0,0,2,3056.52,1,0
4596.35,0,30,1,1,4,2,5,2700.07,0,1
8638.19,6,81,1,1,2,3,6,2448.27,1,1
1416.19,14,894,0,0,1,0,3,1923.22,0,0
1172.15,9,22,1,0,5,5,7,3964.62,1,1
16550.69,15,216,1,1,5,6,5,1333.75,0,1
3309.53,13,483,1,0,0,2,5,1227.6,0,0
9013.2,2,112,1,1,4,2,7,2241.65,0,1
2659.52,18,1172,0,0,1,0,5,1734.01,0,0
1936.04,0,48,1,1,3,1,10,3457.46,1,1
1153.55,21,1045,0,0,0,0,3,1411.11,0,0
7119.68,5,116,0,1,3,5,8,1757.7,1,1
21126.77,0,215,1,1,3,4,8,1854.26,1,1
2842.89,14,273,0,0,0,2,2,1400.22,0,0
2608.66,16,96,0,0,0,1,3,1919.04,0,0
3192.84,5,232,1,1,3,1,8,983.57,1,1
6820.3,19,46,0,1,1,0,8,1877.27,0,1
7034.55,5,123,0,1,5,2,9,2436.73,1,1
2414.13,9,210,0,1,1,0,1,3503.53,0,0
5052.19,14,202,1,1,5,4,9,2858.28,1,1
2072.98,19,966,0,0,0,2,0,1749.99,0,0
6319.59,1,156,1,1,5,4,5,1566.91,0,1
3693.59,12,1355,0,0,1,1,3,1341.95,0,0
11704.27,20,1118,0,0,0,0,3,2535.15,0,0
8535.35,2,230,0,1,3,3,10,2485.48,1,1
3024.46,12,713,0,0,1,0,3,1082.44,0,0
1281.03,19,911,0,1,1,0,5,2563.43,0,0
3493.59,21,77,1,1,1,3,10,1988.85,1,1
10267.39,0,102,1,1,1,4,12,2051.71,0,1
2290.65,1,190,1,1,5,2,6,1515.94,0,1
5766.44,1,76,0,1,5,2,7,3023.0,1,1
1644.38,8,398,0,0,0,1,2,1679.44,0,0
2102.33,13,680,1,0,0,0,2,1870.42,0,0
9449.56,5,149,0,1,5,4,6,1474.64,1,1
13561.12,4,157,0,1,5,2,4,4002.2,1,1
2945.36,14,306,0,0,1,0,4,1632.76,1,0
7299.91,2,14,1,1,3,3,5,2527.25,0,1
1947.41,3,85,0,1,2,2,3,2712.96,0,1
2368.03,12,1203,0,0,1,0,1,1220.52,0,0
9109.07,2,43,1,1,3,1,6,1414.21,1,1
1710.39,4,179,1,1,4,3,8,1346.27,0,1
3029.86,22,872,0,0,0,0,2,2090.01,0,0
7708.04,4,240,1,0,3,3,7,2012.87,1,1
877.91,9,869,0,0,2,1,5,978.16,0,0
2321.0,13,1232,0,0,0,1,1,2689.61,0,0
2070.86,21,484,0,0,1,2,5,1050.28,0,0
7188.74,5,92,1,1,3,1,9,1773.76,0,1
6124.3,7,228,1,0,1,4,8,3376.17,1,1
5898.42,14,458,0,1,0,0,5,1109.18,0,0
1270.72,12,304,1,0,0,0,6,1579.66,0,0
5693.07,12,1174,0,0,0,0,5,2019.45,0,0
3070.81,10,362,0,0,0,0,5,1996.83,0,0
12576.92,15,72,1,1,5,2,7,1752.41,1,1
2584.84,1,210,1,1,2,1,8,1830.07,1,1
6099.0,0,220,1,1,3,1,7,1755.96,1,1
2783.37,9,187,0,0,0,0,3,1766.84,0,0
13266.39,2,213,1,1,4,2,10,1143.28,1,1
5823.04,12,108,1,1,4,4,6,1251.58,1,1
1388.46,11,904,0,0,0,0,1,1418.89,0,0
5380.63,5,205,1,1,3,4,12,2193.46,1,1
6122.83,0,216,1,1,4,3,10,1798.4,1,1
3098.88,16,14,1,1,1,1,5,2221.46,1,1
1275.07,9,1417,0,1,0,0,3,1466.0,0,0
2530.15,20,529,1,0,0,0,2,2196.08,0,0
16571.72,5,207,0,1,3,2,5,2158.5,1,1
3265.81,1,199,1,1,4,2,4,2006.96,1,1
5459.31,22,840,0,0,1,0,4,1921.64,0,0
2788.6,0,16,0,1,5,2,6,1359.3,1,1
2057.87,14,191,0,0,0,1,2,1665.32,0,0
5146.77,5,54,1,1,3,4,7,2028.52,1,1
1266.81,10,519,0,0,0,1,1,795.75,0,0
9433.65,5,186,1,1,2,5,7,1145.78,1,1
996.75,13,1121,1,0,1,0,6,2224.48,0,0
2278.7,14,854,1,0,0,0,2,2292.54,0,0
2814.21,17,1055,0,0,0,0,1,2199.83,0,0
2070.35,16,290,0,0,0,1,4,3252.65,0,0
936.01,19,1018,0,0,0,1,1,1368.22,0,0
4123.53,17,342,0,0,0,0,2,2082.36,0,0
6234.06,3,50,1,1,3,4,9,2458.83,0,1
2576.5,12,410,0,0,0,0,2,1744.55,0,0
5121.78,1,243,1,1,1,3,6,1369.35,1,1
4715.76,4,155,1,0,5,3,6,2090.36,1,1
2102.36,22,792,0,0,0,1,0,1864.36,0,0
4286.82,16,202,1,1,3,3,4,1196.7,0,1
15909.7,4,237,0,0,3,5,9,1472.93,0,1
1370.75,16,1484,0,0,0,1,4,2800.0,1,0
13645.79,0,205,1,1,4,5,8,2127.15,0,1
2062.49,18,901,0,0,0,1,1,1945.14,0,0
2587.67,19,181,0,0,1,0,2,1519.82,0,0
9863.86,14,211,1,0,5,4,7,1054.24,0,1
6507.47,14,100,1,1,3,1,5,2317.52,1,1
15438.53,0,82,0,0,1,3,9,2360.82,0,1
2040.52,17,1459,1,0,1,0,0,1513.73,0,0
15974.97,4,25,1,1,3,5,10,1764.07,1,1
9598.06,3,114,1,1,5,1,10,1314.56,1,1
933.83,17,132,0,0,0,2,0,3031.81,0,0
2993.6,5,147,1,1,2,4,6,1645.79,0,1
2404.3,21,471,0,0,1,0,4,2342.82,0,0
5477.94,5,78,1,1,5,5,8,1902.39,0,1
2825.01,16,152,0,0,0,0,3,2924.29,0,0
2684.89,17,207,0,0,0,0,3,2189.78,0,0
5118.78,18,580,0,0,0,0,2,1912.24,0,0
1300.5,22,828,0,0,0,1,2,775.78,0,0
13017.53,3,73,1,1,3,2,6,1275.15,0,1
4477.26,0,74,1,1,2,3,5,2344.67,1,1
2876.44,0,120,1,1,4,3,8,1728.3,1,1
5672.13,18,82,1,1,2,5,6,1419.69,1,1
7353.62,4,115,1,1,5,3,9,1575.47,1,1
3383.21,2,154,1,1,3,6,8,3719.95,1,1
6394.29,13,165,1,1,3,4,9,1438.05,1,1
1682.36,0,217,1,1,5,3,11,1152.43,0,1
5151.89,0,183,1,1,4,4,10,2548.06,1,1
1949.4,9,1010,0,0,0,1,3,2488.61,1,0
5041.91,22,130,1,1,4,2,7,1574.54,0,1
2447.25,17,280,0,0,2,0,2,1572.45,1,0
1733.15,16,1282,0,0,0,0,2,2320.03,0,0
3027.11,18,634,0,0,2,0,3,2379.8,0,0
2331.63,3,94,1,1,1,6,6,1839.32,1,1
9518.19,12,83,1,1,3,4,10,1941.14,0,1
1139.66,17,1020,1,0,0,1,5,1719.01,0,0
6057.64,1,50,0,0,2,3,5,1219.26,0,1
2309.27,21,758,0,0,0,1,4,2498.22,1,0
1750.1,8,1207,0,0,0,0,1,3299.64,0,0
4120.72,5,155,1,1,3,3,12,1180.94,1,1
6554.23,7,208,1,0,1,2,12,2902.42,1,1
5802.5,4,171,1,0,4,1,7,1931.27,1,1
12221.21,14,27,0,1,2,6,9,1210.85,1,1
6900.84,3,226,0,1,4,3,13,1901.13,0,1
2041.36,15,807,0,0,0,1,4,912.73,0,0
6924.85,10,88,1,1,4,2,6,1796.86,1,1
3533.77,3,183,1,1,3,3,4,2576.06,1,1
2546.3,19,978,0,0,1,0,6,1980.02,0,0
4781.54,1,229,1,1,3,1,8,1385.4,1,1
3219.74,8,1010,0,0,0,0,7,1437.33,0,0
5280.01,12,16,1,1,4,1,8,1083.48,1,1
3560.45,19,319,0,0,0,0,5,2739.64,0,0
724.73,10,426,0,0,0,0,5,1164.53,0,0
10718.27,1,18,1,1,2,5,7,1205.57,1,1
2029.18,8,739,0,0,0,0,5,1589.89,0,0
7975.35,4,168,1,1,3,9,8,1153.84,1,1
1589.8,8,71,1,1,2,1,5,1629.4,0,1
1453.16,20,105,0,0,0,0,6,907.02,1,0
7781.97,0,73,0,0,1,2,9,3180.19,1,1
2369.15,21,440,0,0,0,0,3,2120.96,0,0
1320.57,16,1215,0,0,0,0,1,2435.31,0,0
7094.5,1,168,1,1,2,1,6,1451.62,1,1
866.27,14,1422,0,0,1,0,2,2248.31,0,0
1807.01,9,348,0,0,0,0,6,1921.36,0,0
6891.75,0,222,1,1,5,1,14,1376.18,1,1
2295.61,2,127,1,1,5,6,11,3065.87,0,1
8723.31,0,97,1,1,5,2,7,2336.94,1,1
3399.49,17,644,0,0,0,0,2,3859.58,0,0
7309.01,1,107,0,1,4,3,12,2227.72,0,1
2575.81,1,6,1,1,4,5,2,1501.2,1,1
8652.59,4,234,1,1,5,7,6,2530.84,0,1
7018.15,4,103,1,1,1,1,6,1653.9,0,1
3175.18,18,467,0,0,0,1,0,2015.0,0,0
8400.54,4,27,1,1,5,2,13,1929.24,1,1
2386.18,11,63,1,1,5,4,10,820.21,1,1
2201.48,10,971,0,0,0,0,2,1089.07,0,0
8609.68,23,44,1,1,5,2,11,1277.25,1,1
1370.55,22,176,1,0,5,4,7,1466.04,0,1
5440.34,3,223,1,1,3,6,8,1723.69,0,1
1655.01,15,93,0,0,0,1,3,2610.5,1,0
8141.76,1,139,1,1,5,4,11,2594.06,0,1
1286.83,16,679,0,0,2,0,4,1494.81,0,0
2291.47,9,543,0,0,0,0,2,1318.0,0,0
2991.75,13,1048,0,0,0,0,5,1791.17,0,0
1351.36,11,879,0,0,0,2,3,1562.68,0,0
2931.34,20,1202,0,0,0,1,0,900.65,0,0
4606.59,22,268,0,0,1,1,3,1880.91,0,0
1522.91,14,595,1,0,0,1,2,3601.91,0,0
12973.03,3,151,0,1,1,6,10,2062.99,0,1
4610.35,16,68,1,1,4,6,10,2401.78,1,1
3051.85,4,178,1,1,3,3,4,1293.67,0,1
1021.29,22,965,0,0,1,0,3,812.9,0,0
1613.04,21,210,0,0,0,0,3,3313.74,0,0
4611.31,3,224,1,1,1,2,7,1242.05,1,1
3210.33,0,29,1,1,3,4,16,2032.01,0,1
1217.4,16,1288,0,0,0,1,6,2485.52,0,0
2388.93,14,830,0,0,0,0,2,2087.42,0,0
4206.7,3,232,1,1,3,1,8,1379.72,0,1
1484.33,13,235,0,0,0,0,4,2153.53,0,0
10516.16,18,132,1,1,2,3,9,1632.53,1,1
5248.39,9,538,1,0,0,0,2,2201.51,0,0
10044.92,10,181,1,0,5,1,5,2665.36,1,1
3076.94,15,1336,0,1,1,1,2,1910.78,0,0
2541.53,1,113,1,1,3,2,5,1996.65,1,1
5617.8,4,201,1,1,3,3,9,1884.61,1,1
3319.68,12,1472,1,0,1,1,5,2661.43,0,0
3317.78,22,976,0,0,1,1,0,1534.26,0,0
3380.62,1,51,1,1,1,4,8,1948.6,1,1
5116.38,16,11,1,1,3,4,8,2223.58,0,1
4338.25,0,209,0,1,2,3,7,2088.42,1,1
7565.3,1,244,1,1,5,1,10,1059.47,0,1
5927.55,0,192,1,1,5,1,8,1005.91,1,1
1493.21,14,259,0,0,0,0,6,1578.82,0,0
2867.69,22,238,1,1,5,1,6,1321.51,1,1
7751.72,0,202,0,1,5,3,8,2203.73,1,1
11911.1,3,44,1,1,3,1,7,1414.85,0,1
1573.43,22,1231,0,0,2,1,3,2111.8,0,0
5088.21,10,1319,0,0,0,0,3,1550.08,1,0
2129.57,8,168,0,0,2,0,1,1605.45,0,0
1507.54,17,1383,0,0,0,2,2,3127.63,0,0
4095.34,11,1264,0,0,0,0,2,1637.63,0,0
1634.33,14,985,0,0,0,1,1,1043.17,0,0
883.78,21,1007,0,0,0,0,2,1355.74,1,0
2323.71,2,96,1,1,5,2,7,975.24,1,1
6191.41,20,168,1,1,3,2,6,1428.64,0,1
2900.46,9,955,1,0,0,0,1,1521.85,0,0
3652.62,4,111,1,1,2,2,11,4014.78,1,1
2444.6,3,58,1,1,3,2,6,1695.97,0,1
2147.43,13,595,0,0,0,0,6,1847.51,0,0
6239.46,11,221,0,1,1,6,6,1529.15,0,1
2433.0,5,168,1,0,4,4,7,1752.03,1,1
2086.5,0,19,1,1,1,0,7,1876.73,1,1
1968.66,14,241,0,0,0,0,2,2091.94,0,0
4793.82,4,81,1,1,4,1,3,2062.33,0,1
12984.22,1,132,1,1,1,4,9,2496.71,1,1
4707.79,3,58,1,1,4,3,6,1256.96,0,1
2347.94,23,226,1,1,1,3,7,1414.14,1,1
3193.68,11,723,0,0,0,1,5,1050.8,0,0
2739.69,4,111,1,1,5,3,10,1762.21,1,1
3233.26,2,217,1,0,4,5,3,1924.87,0,1
2001.78,21,144,0,0,0,0,4,880.27,0,0
1508.29,14,762,0,0,0,0,2,2098.8,0,0
1443.92,15,634,0,0,0,2,8,2378.11,0,0
1559.27,21,1222,0,0,0,1,2,1640.96,0,0
3086.05,9,707,0,0,1,0,3,1715.95,0,0
4398.61,3,71,1,0,5,5,5,1944.65,1,1
6358.06,5,36,1,0,5,5,11,1517.96,1,1
10001.39,4,144,0,1,3,4,6,2331.16,1,1
1456.22,19,918,0,0,0,1,0,1226.92,0,0
3904.0,8,72,1,1,3,3,4,1891.34,0,1
5482.25,3,126,1,1,2,1,6,2968.12,1,1
1063.81,13,639,0,0,0,0,5,2345.94,1,0
5141.09,0,84,1,0,5,9,5,1173.09,0,1
6099.33,0,107,1,1,5,3,7,1842.86,0,1
2687.46,8,1447,0,0,0,0,1,2497.12,0,0
2079.05,19,796,0,0,0,0,2,2641.21,0,0
13194.63,3,64,1,1,3,5,5,1567.53,1,1
2728.3,16,1246,0,0,0,0,4,2084.87,0,0
2147.47,9,1452,0,0,0,1,7,1938.87,0,0
12877.82,4,147,0,1,2,3,10,2268.63,1,1
5002.5,0,44,1,1,4,0,5,1732.73,0,1
3348.25,7,234,0,1,3,2,13,2013.31,0,1
4083.22,4,76,1,1,5,8,10,1506.16,0,1
3016.99,9,1016,0,0,0,1,0,3240.53,0,0
3068.84,16,228,0,0,0,0,3,1074.23,0,0
4162.12,19,1228,0,0,1,0,5,1185.85,0,0
3565.01,19,205,1,1,3,5,4,1783.92,1,1
6972.5,17,203,1,1,3,7,7,1445.11,1,1
2964.42,16,499,0,0,0,0,1,1373.99,0,0
3845.2,15,1036,0,1,0,0,1,1462.99,0,0
3518.25,10,1199,0,1,0,1,4,999.08,0,0
1605.34,20,216,1,0,1,1,3,1615.37,0,0
2837.66,11,1011,0,1,0,1,1,2683.44,0,0
2543.98,12,309,1,1,0,1,3,2429.52,1,0
5970.25,4,239,0,1,3,2,8,2695.83,1,1
4998.07,2,18,0,1,1,2,4,3682.6,0,1
12504.91,2,56,1,1,2,4,6,2236.2,1,1
2878.44,22,1288,0,0,0,0,3,1727.5,0,0
2950.51,15,638,0,0,0,1,5,1756.79,0,0
6456.87,1,30,0,0,3,3,7,1599.77,1,1
2272.49,21,1398,0,0,0,0,1,2891.74,0,0
4432.13,4,11,0,1,5,4,6,1792.55,0,1
14080.45,0,12,0,1,5,0,13,1260.96,1,1
6714.17,0,179,1,0,5,5,8,1968.54,1,1
829.76,13,707,0,0,0,0,2,1866.14,0,0
1738.27,21,1155,1,0,1,2,3,2088.32,0,0
2803.98,22,60,0,0,0,1,0,1755.63,0,0
2646.24,10,620,0,0,0,1,3,1741.41,0,0
4313.99,2,206,1,1,4,3,8,1473.93,0,1
10036.3,3,142,1,1,3,1,7,1212.23,1,1
1935.52,19,254,0,0,1,1,1,1998.53,0,0
16737.16,4,240,1,1,2,2,13,1609.67,1,1
6237.46,3,111,1,1,1,2,12,1686.54,1,1
1605.74,19,717,1,0,0,0,5,2611.03,0,0
7704.61,3,170,0,1,4,1,4,987.73,1,1
3337.25,10,228,0,0,0,0,2,1257.48,0,0
4794.41,2,183,1,1,2,3,6,1041.96,0,1
6313.49,14,159,1,1,3,4,9,1711.98,1,1
5337.07,2,115,1,1,5,3,10,3711.15,0,1
7583.02,16,161,1,1,1,4,10,1424.65,1,1
1403.81,16,159,0,0,0,0,1,1144.97,0,0
2722.63,18,9,1,0,5,2,11,2960.66,0,1
6568.81,5,132,1,1,3,2,8,1358.84,1,1
1656.35,18,660,0,0,0,1,4,1827.85,0,0
2031.14,19,566,0,0,0,0,7,2225.01,0,0
10106.67,2,56,1,1,4,3,3,1035.13,0,1
2422.52,19,286,0,0,0,0,1,1577.29,0,0
2138.26,9,1125,0,0,1,0,6,1246.62,0,0
1565.45,10,959,0,1,0,0,4,1585.07,0,0
1086.75,13,1319,0,0,0,2,3,1754.41,0,0
1779.94,10,950,0,1,0,0,1,1523.38,0,0
13378.85,7,58,1,1,2,4,3,2003.97,1,1
3035.71,5,156,0,1,3,2,5,1420.76,0,1
6787.81,4,178,1,1,1,1,2,2702.91,0,1
3991.69,4,183,1,1,2,1,7,1366.95,1,1
2879.21,2,36,0,1,1,1,7,3323.15,0,1
9511.83,4,38,1,1,4,4,5,2025.78,0,1
9254.62,8,98,1,1,4,5,8,1994.49,1,1
4605.78,9,127,1,1,2,2,8,1711.84,1,1
5212.77,3,242,1,1,1,2,5,1967.34,1,1
1637.19,10,173,0,0,0,0,6,3396.36,0,0
2187.42,20,386,0,0,0,0,5,1096.37,0,0
4560.99,0,85,0,1,3,3,4,4239.67,1,1
3631.3,17,238,0,0,0,0,2,948.31,0,0
1564.89,17,1204,0,0,0,2,2,1029.23,1,0
8509.47,3,91,1,1,4,2,10,2077.27,1,1
1151.11,20,67,0,0,0,2,4,1587.85,0,0
6944.49,9,158,1,1,1,4,13,2668.27,1,1
1987.58,16,1149,0,0,1,1,3,2108.11,0,0
3966.43,4,171,1,1,5,4,9,1785.3,0,1
1505.45,11,881,0,0,1,0,4,2475.53,0,0
6320.34,2,190,1,1,3,7,11,1776.9,0,1
7765.3,5,30,1,1,5,5,3,2450.04,1,1
2381.87,22,1050,0,0,1,0,5,2050.67,0,0
4530.17,4,243,0,1,3,5,8,1569.23,0,1
2029.74,9,588,0,0,0,0,8,1282.15,0,0
1438.11,15,1214,0,0,1,1,4,2686.2,0,0
1740.4,22,487,1,0,1,1,3,2601.61,0,0
4041.56,5,190,1,1,1,4,8,1099.86,0,1
910.56,20,221,0,0,0,0,4,2172.8,0,0
8099.51,4,10,1,1,5,2,9,1061.18,1,1
2728.39,18,1340,0,0,0,2,7,1970.54,0,0
3457.51,16,1105,0,0,0,0,6,1209.52,0,0
7447.8,2,179,0,1,1,3,9,938.72,0,1
1156.47,17,136,0,0,0,1,0,1960.71,0,0
3151.23,4,216,0,1,5,4,9,1358.71,1,1
2714.68,17,312,0,0,0,0,3,2096.01,0,0
3388.61,20,427,0,0,0,0,2,1233.48,0,0
1362.16,14,1299,0,0,1,0,1,1700.9,0,0
2504.51,3,155,1,0,3,5,12,2379.67,0,1
3045.07,2,95,1,0,2,3,5,1890.3,0,1
4093.95,2,143,0,1,2,3,7,1511.78,1,1
5789.25,1,110,1,1,3,2,11,1436.82,1,1
1374.0,16,621,0,0,1,1,2,2453.88,0,0
1846.29,1,26,0,1,1,2,7,2135.94,1,1
1025.39,8,993,0,0,0,2,1,1384.02,0,0
7302.25,3,46,0,1,1,2,10,1547.12,1,1
4698.28,17,1158,0,0,0,0,6,1990.44,0,0
4648.72,14,122,1,1,4,1,6,1507.54,0,1
1461.08,9,480,1,1,0,0,0,3346.01,0,0
2702.36,17,1001,0,1,0,0,3,1273.21,0,0
1604.64,9,592,0,0,0,1,2,2691.27,0,0
4685.5,4,172,1,1,3,0,9,1869.52,0,1
5182.06,16,221,1,1,4,4,4,2119.27,1,1
1646.24,14,219,1,0,1,0,2,1914.02,0,0
1951.2,14,804,0,0,1,1,3,3539.49,0,0
5996.61,10,186,0,1,5,5,7,1570.03,1,1
1484.15,13,508,0,0,1,0,4,3274.8,0,0
3128.66,16,95,0,0,0,2,1,1614.23,0,0
2814.06,5,34,0,1,3,3,12,2385.29,1,1
8865.41,0,59,1,1,2,4,7,1595.73,1,1
2794.71,3,222,1,1,4,5,9,3214.0,1,1
2615.74,13,616,0,0,0,1,4,1716.29,0,0
1884.12,18,665,0,0,0,1,7,2147.48,0,0
1749.35,21,869,0,0,0,1,6,1491.45,0,0
2119.71,20,611,0,0,0,2,4,1864.72,0,0
6272.89,3,159,1,1,5,3,12,2308.15,1,1
13100.3,17,28,1,1,2,2,13,2613.44,1,1
1178.37,19,959,0,0,1,1,3,2032.61,0,0
8250.89,5,107,1,1,5,1,5,4511.75,1,1
1991.81,15,402,0,0,0,1,1,2124.83,0,0
6247.68,16,6,1,1,3,2,7,1718.96,1,1
7003.96,0,249,1,1,1,2,8,1470.5,1,1
2276.3,13,184,1,0,0,1,1,1682.19,0,0
14043.14,21,94,0,1,2,4,10,2556.71,1,1
3448.81,0,5,1,1,5,7,8,1641.86,1,1
4978.93,22,224,0,0,0,0,3,2150.95,0,0
4224.11,9,1458,0,1,0,0,2,2142.59,0,0
7874.65,5,176,1,1,3,4,2,3001.43,1,1
5628.38,1,135,0,1,5,3,14,1943.41,0,1
2781.31,22,545,0,0,1,0,4,1267.89,0,0
1951.49,5,187,1,1,3,3,7,1477.28,0,1
3559.44,20,352,0,1,1,1,3,1009.52,0,0
2454.11,14,89,0,0,0,0,7,2459.86,0,0
2312.6,22,1254,0,0,0,0,1,2300.55,0,0
2884.15,13,82,0,0,0,1,2,2141.35,0,0
1291.97,20,1108,0,0,1,0,2,1672.86,0,0
3157.21,8,122,0,1,1,5,8,2109.05,1,1
6075.32,1,56,1,1,5,6,5,1607.15,1,1
1381.47,15,1152,0,0,0,1,4,1532.62,0,0
3065.2,19,607,0,1,0,1,5,1402.14,0,0
1685.12,14,1033,1,0,1,1,3,1465.56,0,0
4324.12,4,34,1,1,5,4,8,2077.52,0,1
15704.25,4,138,1,1,5,3,9,1693.13,1,1
745.03,22,139,0,0,2,0,2,3254.12,0,0
1706.67,17,896,1,0,1,0,6,2228.24,1,0
2127.02,12,168,1,1,2,3,8,772.68,1,1
1622.16,21,69,0,0,0,1,2,2687.29,0,0
2720.33,9,1458,0,0,0,0,6,2625.44,0,0
11381.21,5,173,1,1,3,6,7,1001.92,1,1
3147.15,11,1027,1,0,0,0,1,1051.29,0,0
4762.32,18,158,1,0,1,0,11,3665.87,1,1
2386.32,19,482,0,0,0,0,2,1669.06,0,0
9031.47,21,137,0,1,1,2,8,2921.16,0,1
824.75,16,416,0,0,1,0,6,1389.0,0,0
2241.91,18,283,0,0,0,0,6,1652.52,0,0
1866.17,10,415,1,0,1,0,2,1888.41,0,0
6245.11,2,118,0,1,5,7,8,2622.78,0,1
3806.91,2,92,1,1,4,2,12,1435.33,1,1
3074.86,13,231,1,0,0,0,2,1390.78,0,0
3252.74,17,221,0,0,2,1,4,1549.77,0,0
994.3,20,1477,0,0,0,0,1,1955.13,0,0
2827.12,17,94,0,0,0,0,5,3477.73,0,0
3982.01,5,92,1,1,3,4,9,2345.02,1,1
2467.01,20,1339,1,0,1,0,3,1449.85,0,0
3678.35,8,71,0,1,4,2,7,2494.07,0,1
4908.43,18,53,1,1,4,3,6,1848.97,1,1
8028.5,2,217,1,0,2,2,11,1265.92,1,1
1177.22,21,1426,0,0,1,1,4,2569.48,0,0
994.98,10,1072,0,0,0,0,3,1000.97,0,0
6528.29,1,73,1,1,2,2,7,2307.17,1,1
1245.46,16,152,0,0,0,0,7,1735.67,0,0
1015.64,14,426,0,0,1,0,2,2501.45,0,0
2041.43,8,530,0,0,0,0,2,1998.06,0,0
788.83,19,1122,0,0,0,0,2,1950.98,0,0
1738.19,22,474,1,0,0,1,3,2032.34,0,0
5697.88,2,202,0,0,2,1,5,1302.39,0,1
5543.5,20,242,0,0,5,2,4,1517.06,1,1
2203.15,18,438,0,0,0,0,5,2614.05,0,0
902.19,20,769,0,0,1,1,3,2678.86,0,0
3677.74,5,55,1,1,2,2,6,2497.2,1,1
6788.96,20,84,1,1,2,5,12,2676.66,1,1
11366.6,0,66,1,1,3,9,9,1982.17,1,1
1941.69,22,1320,0,0,0,0,2,1441.83,0,0
6749.68,5,116,1,1,5,3,8,2453.01,0,1
2176.03,12,819,0,0,0,1,3,1635.77,0,0
15477.14,11,144,1,1,5,2,8,2100.86,1,1
4980.98,3,66,1,1,4,6,9,1647.44,1,1
3797.0,0,62,1,1,5,2,6,3178.36,1,1
4248.28,0,161,1,1,5,1,8,3930.5,1,1
4869.11,2,65,1,1,5,2,4,1719.64,1,1
1418.96,11,1247,0,0,1,1,3,1174.5,0,0
6005.72,14,133,1,1,3,3,7,2474.13,1,1
380.37,14,1294,0,0,0,1,3,2160.48,0,0
5844.92,16,75,1,1,2,1,2,2060.17,0,1
3454.96,3,124,0,1,1,2,4,1877.06,1,1
7119.42,0,213,1,0,4,4,5,1932.03,1,1
1980.43,19,458,0,0,2,0,4,1675.45,0,0
1521.38,7,65,1,1,2,4,6,2114.97,1,1
2545.9,5,235,1,1,5,6,4,1687.78,1,1
7558.47,3,47,1,1,4,5,11,1856.7,1,1
1379.96,16,1315,0,0,1,0,3,1943.62,0,0
935.98,20,1039,0,0,2,0,2,1497.6,0,0
4186.66,0,117,1,1,5,3,10,3406.21,0,1
3125.99,0,118,1,1,5,5,5,1773.96,1,1
3714.39,21,987,0,0,0,0,3,2325.44,0,0
6330.3,0,200,1,0,3,4,8,2328.29,0,1
11861.85,5,56,1,1,5,7,9,1996.4,0,1
3095.05,5,107,1,1,3,5,8,1733.15,1,1
6639.6,0,35,1,1,1,1,8,1472.56,0,1
2017.11,2,28,1,1,5,1,3,2160.97,1,1
2037.54,22,578,0,0,1,1,4,1746.7,0,0
2605.91,19,372,1,0,2,0,1,904.37,1,0
4724.69,3,12,1,1,4,3,13,2681.28,1,1
1492.79,15,857,0,0,2,2,4,4198.88,0,0
14989.58,1,31,1,1,3,2,7,1835.14,0,1
3817.13,19,838,0,0,0,1,3,2811.3,0,0
9885.29,20,231,1,1,5,4,10,1528.68,1,1
5310.14,9,1046,0,0,0,0,6,1511.31,0,0
2337.62,6,199,1,1,2,1,11,1962.96,1,1
3402.25,18,519,0,0,0,0,4,2143.15,0,0
2160.79,17,1202,0,0,0,0,5,1062.54,0,0
3112.13,5,159,0,1,5,4,4,2504.98,0,1
5680.68,5,94,0,1,3,2,8,1698.89,1,1
1282.63,13,259,1,0,0,0,2,1722.87,0,0
1971.37,20,1106,0,0,0,1,8,1507.86,0,0
4328.87,21,1153,0,1,1,0,2,3218.66,0,0
3883.45,3,30,0,1,2,1,6,1639.28,1,1
2224.31,17,1482,0,0,1,0,3,953.61,0,0
3749.75,20,1335,0,0,0,2,8,1802.68,0,0
1927.16,16,2,0,1,4,3,9,1573.71,1,1
2032.27,10,1380,0,1,0,0,3,2769.03,0,0
820.85,16,1324,0,0,2,0,5,2040.6,0,0
1841.65,16,1330,0,0,0,1,3,1310.17,0,0
4931.49,23,164,1,0,5,3,7,2171.49,1,1
2485.75,20,218,0,1,5,2,7,2060.02,1,1
3742.51,20,1005,0,0,0,0,4,1194.68,0,0
3422.93,15,107,0,1,0,0,5,1560.14,0,0
15132.19,3,166,1,0,1,2,6,1692.12,1,1
2536.22,10,515,0,0,0,2,2,1182.78,0,0
1651.98,12,438,0,0,0,0,2,1229.64,0,0
2332.49,10,111,0,0,0,0,3,1655.99,0,0
2062.01,16,1114,0,0,0,0,6,1289.7,0,0
6427.35,3,97,1,1,5,5,8,1629.2,1,1
11224.72,6,10,1,1,1,6,3,2814.13,0,1
12489.99,5,61,1,1,1,4,10,2522.22,1,1
1747.81,19,75,0,0,0,0,0,1940.12,0,0
3219.81,13,1215,0,0,1,0,4,2090.16,0,0
9093.27,10,114,1,1,4,4,9,1750.27,1,1
2234.2,20,661,0,0,0,0,3,1789.57,0,0
8940.16,23,80,0,1,3,4,10,1693.98,1,1
3167.78,22,924,0,0,1,0,1,2875.4,0,0
6873.6,2,54,1,1,4,4,10,2045.15,1,1
1562.4,19,1395,0,0,1,0,1,2592.47,0,0
9909.22,17,49,0,1,4,2,5,3736.87,1,1
2129.95,15,456,1,0,2,2,3,953.11,0,0
1156.83,9,371,0,0,2,0,3,2463.61,0,0
1707.96,9,1361,1,0,0,0,1,2879.76,0,0
6025.49,4,215,0,1,5,3,7,2235.8,1,1
12319.71,5,151,1,0,5,2,18,1493.91,1,1
3565.85,3,249,1,1,5,3,6,1249.4,1,1
2685.55,13,995,0,1,0,2,5,3154.08,1,0
3882.05,4,229,0,1,4,6,9,1858.57,1,1
1595.56,14,578,0,1,0,0,2,2717.98,0,0
9723.32,16,73,1,1,3,7,5,1626.32,1,1
1431.95,21,646,0,0,0,0,4,1931.32,0,0
4345.83,0,167,0,1,5,2,9,1894.76,0,1
1278.04,9,1322,0,0,0,0,3,2352.23,0,0
1567.83,16,1479,0,0,0,2,2,1812.22,0,0
14818.63,2,32,1,1,3,6,5,1637.24,1,1
5264.75,2,37,0,1,5,1,9,2956.7,1,1
3747.93,17,352,0,0,0,0,1,3972.2,0,0
2311.93,8,1145,0,0,2,0,3,1876.19,0,0
3633.33,7,48,1,0,2,4,9,2504.38,1,1
1756.46,22,1275,0,0,0,0,4,1802.68,0,0
13004.94,22,65,1,0,5,1,14,1775.21,1,1
5001.7,0,28,1,1,5,4,8,2741.63,1,1
5329.82,0,136,1,1,5,1,10,2153.46,1,1
1739.86,18,1176,0,0,0,0,5,3791.04,0,0
11705.87,3,229,1,1,3,3,8,991.32,1,1
1331.51,18,869,0,0,0,0,5,1006.75,0,0
11627.71,4,136,1,1,3,6,2,1789.13,1,1
2448.34,19,987,0,0,0,0,0,2190.35,0,0
16450.9,0,77,0,1,5,2,9,1372.16,1,1
3275.82,4,178,1,1,2,2,9,1996.09,0,1
13774.05,1,199,0,1,2,2,8,1777.93,0,1
7987.91,20,25,1,1,1,3,4,1414.93,1,1
3008.59,21,11,1,1,4,3,6,1366.66,1,1
2874.02,0,99,1,1,2,1,7,850.48,1,1
2647.12,14,1191,1,0,2,0,4,1324.98,1,0
7087.29,15,83,0,0,3,7,9,1432.22,1,1
14391.01,3,47,1,1,4,2,6,1327.81,1,1
2656.51,18,329,1,0,0,0,5,1699.3,0,0
3443.37,3,115,0,1,5,4,8,799.63,1,1
1534.11,14,1355,0,0,0,1,1,1847.78,0,0
1746.76,20,1459,0,0,0,0,4,1560.88,0,0
3921.99,22,154,1,1,3,3,9,2472.71,1,1
4395.76,7,230,0,1,2,0,7,1653.38,0,1
2907.27,0,238,0,1,1,1,12,1907.79,1,1
1371.33,21,1344,0,0,0,0,0,2927.75,0,0
1546.99,14,1192,0,0,0,0,2,2662.88,0,0
3586.39,1,45,1,1,4,3,11,2286.79,1,1
2901.85,20,215,0,0,0,0,1,887.54,0,0
2887.87,4,243,1,1,3,2,7,1624.88,1,1
1428.33,15,441,0,0,0,1,6,2089.18,0,0
2075.9,8,955,0,0,1,0,5,3247.28,0,0
2091.55,1,144,1,1,1,3,7,1646.0,1,1
7640.42,3,59,1,1,4,6,6,2495.09,0,1
3404.16,20,1155,0,0,0,1,3,1745.59,0,0
7857.86,4,231,1,1,1,3,7,1422.56,1,1
3545.94,19,273,0,0,0,0,3,1987.55,0,0
1737.87,2,6,0,1,4,4,15,1175.0,1,1
2063.42,16,237,0,1,0,2,1,2879.42,0,0
1788.31,21,732,1,0,0,1,3,1727.68,0,0
8091.88,2,25,0,0,4,2,9,2907.17,1,1
3997.87,10,699,0,0,0,0,1,1979.16,0,0
6749.78,22,1409,0,0,0,0,2,1429.74,0,0
1578.08,12,870,0,0,0,1,5,1931.86,0,0
2755.95,9,1448,1,0,1,0,2,1017.84,0,0
2172.49,10,1252,0,0,0,1,3,1226.8,0,0
3171.79,21,272,0,0,0,0,3,1709.78,0,0
5851.71,3,242,1,1,5,5,8,2897.73,1,1
10860.7,3,211,1,1,3,6,7,2168.11,1,1
15303.97,3,217,1,1,4,6,9,1228.81,0,1
2141.02,22,1397,0,0,1,1,0,2013.75,0,0
2284.22,10,941,0,0,0,0,1,2272.37,0,0
2386.66,8,962,0,0,1,2,3,2217.46,0,0
3205.69,12,1428,0,0,0,1,3,2731.51,0,0
2399.07,13,108,0,0,0,0,3,1102.67,0,0
992.55,11,223,1,0,0,1,2,2782.36,0,0
2543.66,21,322,0,0,1,0,2,1679.7,0,0
6594.18,12,170,1,1,5,4,8,2423.85,1,1
2018.11,1,214,1,0,4,2,11,3807.9,1,1
1384.66,21,309,0,0,0,1,1,1883.09,0,0
1141.75,9,616,0,0,0,0,2,1277.78,0,0
6870.82,5,77,1,1,1,2,6,2565.18,1,1
4867.96,18,118,1,1,1,7,7,2158.73,0,1
1689.36,12,751,0,0,0,1,6,1612.64,0,0
6700.77,0,214,1,1,1,2,1,1859.87,1,1
1552.76,20,659,0,0,0,0,2,1492.53,0,0
9635.44,16,198,1,1,3,1,2,2680.43,0,1
9029.95,13,225,0,1,5,3,6,1523.93,0,1
19509.78,4,94,1,0,4,7,8,1534.59,0,1
7026.96,4,61,0,1,1,1,6,1575.55,1,1
2378.75,5,132,0,1,2,4,6,1734.65,1,1
3828.34,5,54,1,0,3,5,7,3036.32,0,1
7334.03,5,157,1,1,3,3,8,1276.77,0,1
3538.18,0,32,1,1,3,2,7,2315.38,0,1
2781.89,20,104,1,1,4,2,9,1269.41,0,1
1576.36,14,894,0,0,0,0,1,1701.26,0,0
4390.53,0,130,1,1,3,4,9,1241.37,1,1
2233.15,10,969,0,0,0,3,8,1204.84,0,0
2603.9,15,863,0,0,0,1,3,1944.61,1,0
2233.08,12,1320,0,0,0,0,2,1430.48,0,0
5871.32,2,218,1,1,4,2,5,1921.94,0,1
15374.32,1,5,0,1,4,4,3,1164.76,1,1
5391.35,5,54,1,1,3,1,10,2126.3,1,1
2261.06,9,1111,0,0,1,1,2,1918.2,1,0
6699.16,20,25,1,1,3,1,4,1666.1,1,1
1121.32,13,709,0,1,1,1,3,1004.37,0,0
1381.35,17,491,0,0,0,0,3,1650.26,0,0
3382.55,14,522,0,0,1,0,5,2385.57,0,0
10656.15,3,210,1,1,3,2,13,1405.27,1,1
1741.49,9,196,0,0,0,1,2,1532.05,0,0
7046.11,5,67,1,0,3,3,9,2199.69,1,1
14411.46,3,146,0,0,4,3,7,1729.9,0,1
7788.38,2,209,1,1,5,3,5,1286.59,0,1
5655.28,1,229,1,1,5,3,11,1955.57,1,1
1551.52,18,1399,0,0,0,1,0,2554.3,0,0
1934.12,21,692,0,0,0,1,3,1544.92,0,0
1222.17,17,137,0,1,0,3,4,2260.01,0,0
2391.89,9,1268,0,0,0,0,1,1434.04,0,0
3028.17,16,112,0,0,0,1,3,1182.27,0,0
2428.76,20,1135,0,0,0,1,3,1306.65,1,0
2587.84,5,44,1,1,2,2,8,752.93,0,1
4815.19,22,70,0,1,5,1,15,1797.16,0,1
6460.66,6,97,1,1,5,3,10,3625.95,1,1
8125.77,5,166,1,1,3,4,0,1822.54,1,1
2257.17,20,816,0,0,0,0,4,2847.77,0,0
9671.92,16,220,1,1,3,2,7,3276.38,1,1
2788.37,19,1295,0,0,1,0,2,2757.57,0,0
5834.77,7,153,0,1,2,3,7,1602.95,1,1
18710.06,5,96,1,1,4,1,13,1063.23,1,1
12738.15,4,202,1,1,2,2,2,1319.92,0,1
5670.89,5,73,1,0,4,6,9,4121.42,1,1
826.22,14,152,1,0,0,1,0,2951.11,1,0
1923.34,3,42,1,1,2,0,7,1773.88,0,1
11165.14,2,58,1,1,1,2,12,1062.34,1,1
8340.69,4,5,1,1,1,4,3,1709.88,1,1
5121.44,3,144,1,0,4,3,10,1439.9,1,1
1879.19,16,1320,0,0,0,0,3,3034.29,0,0
5840.13,20,30,1,1,1,0,7,1617.8,0,1
1627.04,11,895,1,0,0,0,5,2290.47,0,0
18293.91,0,173,1,1,2,1,7,2039.56,0,1
2276.4,5,71,0,1,3,3,8,1493.06,1,1
3414.68,2,203,0,1,4,4,10,2154.28,1,1
4936.42,2,76,1,1,3,2,12,2371.83,1,1
4401.62,15,97,1,1,5,5,7,4033.12,0,1
1253.01,18,1130,0,0,0,1,1,969.11,0,0
6954.62,3,166,0,0,3,4,4,1502.92,1,1
9440.96,8,83,1,1,3,4,5,1046.13,1,1
2092.8,16,447,0,0,0,0,4,2273.08,0,0
2366.65,15,62,0,0,0,2,3,1280.98,0,0
5491.94,10,152,0,1,5,2,6,1612.46,1,1
3339.92,12,348,0,0,0,1,3,929.78,0,0
1814.29,1,136,0,0,4,4,4,1575.87,1,1
8722.17,2,206,1,0,4,1,10,1175.13,1,1
1948.9,8,1011,0,0,0,0,3,2402.93,0,0
5195.72,12,151,1,1,4,1,8,1605.34,1,1
7730.47,20,175,1,0,3,6,15,1421.44,1,1
4234.53,0,156,0,1,3,3,11,1700.8,1,1
7886.95,2,119,1,1,3,2,7,2379.81,1,1
4550.61,5,186,0,1,2,1,12,2591.22,1,1
1985.14,21,1393,0,0,0,0,0,1664.62,0,0
1320.57,13,460,0,0,0,1,4,1952.97,0,0
3863.51,8,143,1,1,4,2,9,3183.82,1,1
4945.85,6,5,1,1,3,1,7,2571.96,1,1
1795.61,17,290,0,0,0,0,3,2180.83,0,0
2565.39,17,1071,0,0,2,1,6,1802.73,0,0
3601.54,8,340,0,0,0,0,2,839.9,0,0
2199.49,20,390,0,0,0,0,4,1415.0,0,0
1872.1,22,776,0,0,0,0,4,2205.21,0,0
3276.06,2,124,1,1,5,1,6,1041.65,1,1
5018.29,21,200,1,1,5,2,6,1967.22,1,1
1982.15,10,379,0,0,0,1,2,2996.7,0,0
4436.11,4,74,1,1,3,4,8,1745.03,1,1
3540.58,0,64,1,1,3,4,13,1634.7,1,1
3486.19,12,100,1,1,3,2,9,1842.95,1,1
3964.79,1,93,1,0,5,4,5,1336.91,1,1
3419.08,0,215,1,1,2,2,11,1920.14,0,1
7516.68,5,18,1,0,3,1,8,4656.0,1,1
1785.08,13,290,0,0,0,0,1,1533.73,0,0
12418.78,3,187,1,1,3,1,7,2107.96,0,1
13069.2,0,84,1,1,5,5,9,1284.38,0,1
2164.46,20,683,0,0,0,1,3,2083.93,0,0
1780.02,9,480,0,0,1,0,6,1251.29,0,0
3275.2,15,992,0,0,0,0,3,2056.86,0,0
6423.15,0,174,1,0,5,4,18,1982.04,1,1
1970.79,8,1074,0,0,0,2,5,1828.26,0,0
1533.08,20,1459,0,0,0,0,1,1866.49,0,0
3555.07,21,1393,0,0,0,0,2,2461.11,0,0
1825.79,9,1431,0,0,0,0,5,2782.97,0,0
10899.21,4,92,1,1,3,3,10,2026.27,1,1
2028.79,9,1086,0,0,0,1,0,1822.86,0,0
7047.01,18,106,1,0,5,2,5,1362.62,1,1
3216.75,22,1045,0,0,0,1,5,1634.75,0,0
1450.18,22,387,0,0,0,1,2,778.43,0,0
2344.11,1,42,1,0,3,2,8,1600.34,1,1
10644.32,2,41,1,1,5,2,6,1947.02,1,1
1550.02,17,1115,0,0,1,0,0,1897.77,0,0
1830.87,21,505,0,1,2,0,4,1083.9,1,0
7342.61,5,66,1,0,3,1,7,1888.66,1,1
2717.96,22,622,0,0,1,0,1,2002.54,0,0
1057.77,12,1357,0,0,0,0,3,4025.83,0,0
8566.29,3,66,1,1,3,2,3,2001.42,0,1
5928.29,19,240,1,1,2,2,8,2952.56,1,1
1122.07,18,1223,0,0,0,0,4,2778.66,0,0
11903.0,3,157,1,1,5,5,9,4717.62,1,1
4901.74,18,584,0,0,0,0,2,1784.01,0,0
3223.11,0,40,1,1,2,2,7,1630.29,1,1
6773.41,21,1329,0,0,0,0,2,2463.01,0,0
3020.72,13,511,0,0,0,0,6,2022.48,1,0
1712.29,12,920,0,0,0,1,2,1440.77,0,0
10002.29,7,80,1,1,2,2,10,2805.82,1,1
1768.92,21,1347,0,0,0,0,4,3221.47,0,0
7282.75,4,130,1,1,4,5,11,2860.85,1,1
7637.72,16,184,1,0,2,4,9,2261.57,1,1
2714.66,18,1427,0,0,0,0,2,2312.1,1,0
1743.02,16,917,0,0,0,0,4,1313.66,0,0
1573.17,15,325,0,0,1,1,2,3476.81,0,0
2611.11,23,194,1,0,3,3,6,1432.28,1,1
1364.4,13,374,0,0,0,2,2,989.11,0,0
2321.09,8,894,0,0,1,1,5,2461.51,1,0
29726.24,3,203,0,1,2,5,9,1179.13,1,1
9183.88,17,227,1,1,1,6,3,1405.85,1,1
7119.51,0,175,1,0,3,5,7,2292.26,0,1
11429.76,1,206,1,0,2,4,9,1102.17,1,1
4813.32,8,112,1,1,3,6,8,2236.78,0,1
16480.88,11,26,1,1,3,3,10,1393.39,0,1
1769.01,17,1439,0,0,1,0,2,1515.12,0,0
31510.86,5,84,0,1,3,3,10,1937.35,0,1
2597.62,18,597,0,0,0,2,3,2154.42,0,0
11317.1,3,130,1,0,4,2,10,1647.36,1,1
7681.67,4,52,1,1,3,2,11,2075.7,1,1
49450.24,16,134,1,1,2,3,8,2226.01,0,1
2058.7,8,1482,0,0,1,0,2,1416.21,0,0
1691.83,14,402,0,0,0,0,3,1467.07,0,0
2671.47,3,243,1,0,1,4,12,1726.97,1,1
13864.23,3,65,1,1,5,3,5,2051.6,0,1
4176.53,21,245,1,1,3,2,7,2075.72,1,1
4939.21,19,119,1,1,3,3,6,2510.77,1,1
1978.4,13,429,1,0,0,1,5,1975.14,0,0
1208.43,19,1443,1,0,0,0,7,1710.36,0,0
19373.01,0,46,0,1,5,1,7,2177.58,1,1
1459.5,18,546,0,0,0,1,2,1356.79,0,0
6767.63,12,32,1,1,1,1,5,1621.26,0,1
2766.31,2,67,1,1,5,3,7,1289.68,0,1
14927.94,2,216,1,1,2,2,8,1596.75,1,1
1315.47,12,443,0,0,0,1,2,1701.21,0,0
8380.43,5,195,1,1,3,4,7,1636.81,1,1
7278.36,3,100,1,1,4,3,10,1609.81,1,1
1628.01,21,1355,0,0,0,1,3,1078.14,0,0
1847.6,11,527,0,0,0,1,7,1607.88,0,0
5585.87,10,118,1,1,3,1,5,2067.28,1,1
2091.41,10,1160,0,0,0,0,1,920.59,1,0
1841.74,9,880,0,0,0,1,4,1741.48,0,0
2640.01,12,98,1,1,1,1,6,2309.82,1,1
2770.8,19,186,1,1,5,4,11,3918.6,1,1
2268.53,16,446,0,0,0,1,3,1465.2,1,0
5080.66,4,165,1,0,4,2,3,2179.58,1,1
2437.99,13,1362,0,0,0,0,2,1509.28,0,0
1679.4,15,329,0,0,0,1,3,1827.27,0,0
2574.26,21,123,0,0,0,0,3,3137.95,0,0
7932.32,1,159,1,1,5,3,9,1222.87,1,1
4083.09,20,1111,1,0,0,2,3,1753.3,0,0
2442.12,8,996,0,0,0,1,4,2417.5,0,0
3081.25,5,140,1,1,4,0,8,1950.49,1,1
3472.08,0,166,0,0,5,2,6,2262.41,0,1
1441.19,11,363,1,0,0,1,2,2227.45,0,0
2774.96,5,98,1,1,4,7,7,1047.77,1,1
3783.28,15,153,1,1,5,4,11,1722.52,1,1
1954.15,13,1390,0,0,1,0,1,1162.59,1,0
8796.65,3,50,0,1,4,3,12,2130.96,1,1
1826.59,2,238,1,1,5,4,10,2891.34,0,1
1316.78,19,1108,0,0,2,0,4,1974.74,0,0
2462.25,13,953,1,0,0,1,2,1267.75,0,0
2350.72,14,181,0,0,0,0,7,1362.13,0,0
3240.71,9,1261,0,0,0,1,4,2110.67,0,0
6680.6,5,6,1,0,4,2,12,1912.82,0,1
2869.05,2,29,1,1,3,0,12,1277.82,1,1
1787.97,10,264,0,0,0,0,2,880.99,0,0
7281.48,3,87,1,0,1,1,11,1324.19,1,1
1913.45,18,1160,1,0,1,1,1,3284.42,0,0
858.29,19,142,0,0,0,0,3,2437.22,0,0
2029.14,16,368,0,0,1,0,1,2346.39,0,0
4999.26,13,382,0,0,1,0,4,1468.22,0,0
8499.58,11,136,1,1,5,3,7,1204.56,0,1
6396.8,2,247,1,1,4,6,11,1729.41,1,1
1761.04,8,432,0,0,0,0,9,1215.46,0,0
8933.26,5,206,1,0,2,5,10,2733.46,1,1
4418.73,15,229,1,1,3,5,7,2170.38,1,1
5173.1,5,242,1,1,4,4,9,1597.59,1,1
3615.88,4,43,1,1,3,3,8,1613.56,1,1
3124.22,9,495,1,0,2,2,2,3082.51,1,0
2569.88,12,1245,0,0,0,0,2,1285.87,0,0
4289.09,5,98,1,1,5,1,9,1473.57,0,1
1096.63,14,328,1,0,0,0,4,875.7,0,0
12065.07,5,156,1,0,2,5,11,1901.97,1,1
3303.44,5,238,1,1,5,2,8,1325.71,1,1
2329.97,19,272,0,0,0,0,2,1356.42,0,0
2297.34,15,1102,0,0,0,0,4,1539.22,0,0
11369.7,3,56,1,0,4,1,6,2114.56,1,1
2743.02,19,269,0,0,0,0,3,1539.56,0,0
2361.54,11,303,0,0,2,0,3,1887.48,0,0
7123.1,2,85,1,1,5,2,10,3174.8,1,1
5814.6,8,41,1,1,3,1,7,1744.02,1,1
1207.39,15,705,0,0,0,0,2,964.39,0,0
7372.53,4,131,1,1,5,5,6,1456.76,0,1
7501.19,3,145,1,1,4,2,7,2543.53,1,1
2877.07,21,79,0,0,0,0,1,1621.11,0,0
7561.06,0,14,0,1,5,2,10,1035.63,1,1
3148.17,2,92,1,1,1,4,9,1300.5,1,1
1498.4,9,911,0,0,0,0,3,978.37,0,0
2752.8,22,661,0,0,0,0,5,1229.9,0,0
1536.46,8,312,0,0,1,0,4,1776.27,0,0
6657.86,23,7,0,0,3,0,9,2309.55,1,1
4350.94,4,109,0,1,4,2,5,2292.26,0,1
15899.09,5,29,1,0,3,2,7,1851.55,1,1
2249.31,19,307,0,0,0,0,2,1724.06,0,0
1263.17,21,293,0,0,0,0,6,3374.61,0,0
6913.3,15,138,1,1,3,0,10,2990.5,1,1
12879.52,13,135,1,1,4,5,7,1799.09,1,1
2720.46,14,136,0,1,3,1,6,2700.38,0,1
10040.39,9,176,1,1,5,1,7,1107.88,0,1
2844.65,17,856,0,0,0,1,1,2270.96,0,0
10885.27,0,119,1,1,3,1,8,1960.51,1,1
10992.44,16,149,1,1,1,3,8,1845.49,0,1
3179.2,17,350,0,0,0,0,1,1147.11,0,0
8084.2,5,42,0,1,5,2,7,2388.8,1,1
6467.46,12,182,0,1,3,0,12,2893.9,1,1
13099.22,3,94,1,1,3,7,8,1876.88,1,1
2122.87,20,403,0,0,0,1,4,1562.06,0,0
979.73,22,197,0,0,0,0,0,2407.85,0,0
2316.98,22,495,0,0,0,0,4,1645.0,1,0
4322.64,11,1253,1,0,1,0,2,1940.93,0,0
13485.39,11,54,1,1,3,4,4,2986.8,1,1
1287.5,9,990,0,0,2,0,3,1775.08,1,0
6730.5,6,225,1,1,3,3,6,3114.02,1,1
1265.02,18,631,0,1,0,0,3,2369.61,0,0
832.64,13,1088,0,0,1,0,3,3017.53,0,0
2874.03,3,30,1,1,3,5,7,1959.83,1,1
5630.47,5,101,1,1,3,1,11,1030.87,0,1
5962.21,3,87,0,1,3,6,5,1420.0,1,1
877.54,11,620,0,0,0,0,5,1155.96,0,0
2098.71,15,786,0,0,1,0,5,1753.45,0,0
2935.84,1,46,1,1,5,5,13,2325.11,1,1
2064.44,2,59,1,1,4,3,7,2374.9,1,1
5444.07,3,219,1,1,1,1,6,2201.65,1,1
8154.84,7,241,1,1,2,6,10,1996.19,1,1
4337.82,8,31,1,1,5,0,4,1222.48,0,1
1574.62,15,80,1,0,0,0,3,1688.7,0,0
7471.02,4,183,1,1,5,3,5,2689.24,1,1
2269.78,20,525,0,0,1,1,3,2866.01,0,0
5627.0,1,11,0,0,4,4,7,2464.18,1,1
2131.95,9,184,0,0,0,2,1,2131.74,0,0
3381.85,0,236,1,0,5,3,9,1249.44,0,1
8817.85,5,42,1,1,3,4,6,2047.06,0,1
12151.61,13,83,1,1,5,2,12,1556.85,1,1
12559.83,17,2,0,1,1,1,7,1471.45,1,1
7025.36,21,138,0,1,5,7,7,2555.12,1,1
3243.04,2,218,1,1,1,2,13,2068.08,0,1
2015.25,4,248,1,1,4,3,9,3054.18,1,1
6693.55,4,108,1,1,4,1,10,1175.88,1,1
5411.75,2,184,0,1,4,5,6,1919.7,1,1
1491.39,11,1494,0,0,0,0,5,1718.52,0,0
742.74,12,910,0,0,0,0,6,1587.24,0,0
2492.48,17,1346,0,0,0,1,3,3340.21,0,0
11955.89,2,58,1,1,3,2,6,2159.63,1,1
1075.94,20,195,0,0,1,0,3,1522.37,1,0
3639.48,17,676,0,0,2,0,1,1106.82,0,0
1705.59,17,311,0,0,0,1,5,1526.59,0,0
2904.93,22,556,0,0,0,0,2,1725.35,0,0
6633.85,2,102,0,1,1,4,8,1214.05,0,1
8036.2,1,27,1,1,1,3,8,2478.97,1,1
755.96,17,358,0,0,0,2,0,1989.7,0,0
1983.23,18,834,0,0,0,1,2,1998.09,0,0
3368.66,14,1377,0,0,0,0,0,2640.26,0,0
2877.04,11,134,0,0,0,0,3,1995.82,0,0
9289.71,15,46,1,1,1,5,8,2215.77,1,1
2782.71,11,995,0,0,1,0,6,1120.43,1,0
2348.52,22,863,0,1,1,2,4,1404.31,0,0
2588.81,17,373,0,0,0,1,4,2194.53,0,0
2887.03,9,1080,0,0,1,0,6,2406.06,0,0
2785.05,0,177,0,1,3,3,11,2238.82,0,1
6077.57,4,180,1,1,3,3,12,1202.03,1,1
9519.96,0,15,1,0,5,1,6,1948.46,0,1
10269.54,4,147,1,1,4,3,7,2300.61,0,1
2323.03,13,542,1,0,0,3,3,2419.71,0,0
6772.0,9,148,1,0,1,0,7,3474.73,0,0
3098.89,15,639,0,0,0,0,2,1965.9,0,0
2639.65,9,444,0,0,0,2,3,984.66,0,0
12198.48,4,141,1,1,5,1,9,1764.17,1,1
1834.8,13,239,1,1,3,8,4,3726.73,0,1
8281.57,11,89,0,1,1,3,5,932.04,0,1
5682.45,3,108,1,1,2,0,9,1051.22,1,1
6187.54,11,76,1,1,5,4,11,1809.21,1,1
3289.72,10,511,0,0,0,1,3,3855.54,0,0
1861.86,14,414,0,0,0,1,2,2747.74,0,0
5685.51,0,206,1,1,4,2,11,1513.48,1,1
4856.67,2,80,0,1,2,2,14,1176.21,1,1
3094.38,15,139,1,1,5,2,9,2366.75,0,1
4037.24,20,154,0,1,2,4,15,3520.85,1,1
11220.74,7,189,1,0,1,5,4,1915.21,1,1
2704.36,15,1370,0,0,0,3,2,2017.0,0,0
8835.68,4,46,1,1,3,3,12,2006.03,1,1
5094.43,17,687,0,0,0,0,5,1741.8,0,0
4700.21,4,104,1,0,4,1,13,1424.78,1,1
5013.46,20,1332,0,0,0,0,2,2745.06,0,0
1421.8,21,913,0,0,0,0,4,1404.67,0,0
1121.46,20,1299,1,0,0,2,2,1523.41,0,0
8828.67,6,242,0,1,5,3,6,3169.87,1,1
5186.25,5,73,1,1,1,2,2,1633.39,1,1
8180.59,16,157,0,0,2,2,5,2649.86,1,1
1234.68,13,999,0,0,0,1,3,1068.6,0,0
1890.67,8,556,0,0,0,1,3,1336.7,0,0
2284.16,20,352,0,0,1,0,6,1339.86,0,0
1928.52,11,701,0,0,0,2,3,2232.74,0,0
7495.63,3,110,1,1,4,4,8,2323.9,1,1
4312.59,4,247,1,0,4,2,5,1799.82,1,1
2063.29,0,213,1,1,4,1,9,1793.48,1,1
1744.93,16,427,0,0,0,0,1,2646.88,0,0
16568.15,22,136,1,1,3,3,10,2569.72,1,1
3076.1,10,1093,0,0,1,0,0,2096.95,0,0
5167.66,2,230,1,1,2,2,9,2062.65,1,1
4473.93,19,99,0,1,4,0,10,1593.98,1,1
8994.33,5,6,1,1,4,6,11,1504.25,1,1
2420.62,10,1438,0,0,0,2,4,1921.64,0,0
6787.33,13,64,1,1,1,2,9,1122.12,1,1
2304.53,0,110,1,1,4,1,5,2618.85,0,1
1827.3,15,598,0,0,0,2,0,1990.11,0,0
6004.25,13,68,1,1,4,0,5,977.05,0,1
2315.8,10,344,1,0,0,1,4,2261.59,0,0
1092.15,8,1425,1,0,0,0,3,1606.06,0,0
2936.4,11,989,0,1,0,0,0,1296.33,0,0
5435.25,3,248,1,1,1,4,9,3359.91,1,1
3737.96,8,1447,0,0,1,1,4,1349.78,0,0
2115.49,18,850,0,0,1,0,0,2431.77,0,0
5988.56,4,229,1,1,2,2,9,1116.29,1,1
7051.63,3,125,0,1,5,7,3,1856.1,1,1
7004.44,8,200,1,1,5,3,12,2118.39,0,1
10722.0,5,41,1,1,1,4,9,1681.82,0,1
5133.1,2,30,0,1,1,5,8,2158.45,1,1
5833.58,5,225,0,1,4,4,8,2787.82,1,1
4305.93,17,935,0,0,0,2,3,2461.54,0,0
1202.95,18,158,0,0,1,0,3,1467.89,0,0
1043.59,15,890,0,0,0,1,3,2043.57,0,0
7723.03,2,230,1,1,5,3,13,2341.24,0,1
9766.53,10,171,0,1,1,4,9,1472.59,1,1
4164.55,0,69,0,1,4,0,9,1754.36,1,1
983.63,17,260,0,0,0,1,5,1796.91,0,0
10578.53,5,54,1,1,4,3,9,1112.58,0,1
3818.8,20,35,1,1,3,3,12,1268.94,1,1
4198.02,1,186,1,1,4,1,7,939.47,1,1
7667.8,4,174,1,1,5,4,12,2981.13,1,1
2658.0,1,178,1,1,2,4,9,1648.98,1,1
9043.17,21,241,1,1,3,1,7,2231.98,1,1
4621.52,4,156,1,1,1,2,7,2075.98,0,1
2283.93,2,164,1,1,4,3,8,986.85,1,1
2175.01,9,778,0,0,1,1,8,2352.91,0,0
1479.79,12,1097,0,0,1,1,1,2414.6,0,0
5866.82,0,146,1,0,4,7,9,2826.04,1,1
9245.04,5,218,1,0,3,1,7,2275.69,0,1
1462.41,14,422,0,0,1,0,6,2091.73,0,0
4678.02,3,9,1,1,4,3,7,1128.97,0,1
2243.57,13,637,0,0,0,0,0,1954.4,0,0
6586.3,20,179,1,1,3,1,10,1769.65,0,1
2654.66,3,153,1,1,3,5,9,3114.96,1,1
5346.49,16,1118,0,0,0,1,1,1898.43,0,0
1709.59,20,592,0,0,2,1,1,1736.76,0,0
2759.69,8,697,0,0,0,1,1,1016.48,0,0
4659.56,5,101,1,1,3,3,10,3527.82,0,1
1109.8,12,676,0,0,0,0,3,2086.9,0,0
7824.35,0,197,0,0,5,5,5,1481.0,1,1
4794.57,22,2,0,1,5,6,13,1573.15,0,1
2845.02,11,788,1,1,0,0,0,2444.18,0,0
7552.05,2,30,1,0,4,6,13,2718.89,1,1
6060.22,11,218,1,1,3,2,10,2735.78,1,1
1466.7,22,1275,0,0,0,1,5,3601.98,0,0
9356.31,1,59,1,1,5,2,11,2621.5,1,1
1107.98,15,681,0,0,0,1,2,3788.15,0,0
1569.55,19,1352,0,0,0,0,2,1210.46,0,0
1290.95,15,160,0,0,2,0,1,2024.07,0,0
2006.13,13,915,0,0,0,1,3,2112.08,0,0
10160.01,2,200,1,1,4,3,6,1390.9,0,1
3529.02,2,50,1,1,5,2,8,1576.49,1,1
10617.59,3,174,1,0,5,0,6,1705.14,1,1
1611.0,18,1119,1,0,2,1,0,1363.03,0,0
1648.66,18,441,0,0,0,0,6,2527.97,0,0
4472.87,0,202,1,1,3,1,9,2690.01,1,1
4190.85,5,8,1,1,4,0,8,1551.77,1,1
2294.92,11,941,0,0,0,0,5,1145.17,0,0
5804.25,0,15,1,1,2,1,8,2268.97,1,1
13547.99,15,70,1,1,2,1,6,1183.1,0,1
10675.51,1,1,1,1,2,1,15,1441.2,1,1
3279.08,1,196,1,1,2,3,12,1379.09,0,1
3220.05,4,235,1,1,3,3,5,3141.89,1,1
8424.98,2,147,1,1,5,5,11,2564.29,1,1
2386.51,21,1067,0,1,0,1,5,2502.51,0,0
2570.52,11,700,0,0,0,0,3,1177.8,0,0
4798.53,0,109,1,1,3,3,8,1199.93,1,1
5908.22,3,189,0,1,3,2,5,2065.62,1,1
8059.98,15,73,1,1,4,5,11,1725.63,1,1
1335.14,15,198,0,0,0,0,3,975.25,0,0
854.54,18,565,0,0,0,0,1,1911.13,0,0
1810.46,11,1336,0,0,2,0,4,2280.96,0,0
2130.4,15,853,0,0,1,0,2,1830.42,0,0
2164.07,13,97,0,0,1,0,5,1604.24,0,0
4196.63,5,185,0,1,3,2,11,1889.74,0,1
4516.4,5,33,1,1,1,1,4,1727.73,1,1
5147.03,18,62,1,1,3,4,12,1262.17,1,1
3086.12,11,776,0,0,0,1,2,2195.62,0,0
4400.21,4,136,0,1,3,6,6,926.1,1,1
6033.5,14,193,0,1,2,1,8,2284.29,1,1
3236.67,16,1382,0,0,1,1,2,1579.86,0,0
2006.82,21,1321,1,0,0,0,4,880.9,0,0
5712.56,2,69,1,1,3,1,11,1469.34,1,1
3498.8,21,65,0,1,0,0,2,1757.37,0,0
1702.55,18,642,0,0,0,0,3,1782.98,0,0
2706.68,22,64,0,0,0,0,2,2575.65,0,0
7640.55,4,183,1,0,5,2,13,2410.37,1,1
1206.48,21,446,0,0,0,1,4,1885.66,0,0
2193.08,15,852,0,0,0,1,4,1440.91,0,0
1480.03,9,1101,0,0,0,0,8,1981.51,0,0
1312.85,9,539,0,0,2,0,2,1060.48,0,0
1464.68,20,1137,1,0,1,3,3,1217.97,1,0
5180.57,3,2,0,1,4,5,7,1318.83,1,1
7266.32,5,175,1,1,3,3,12,2159.91,1,1
4256.94,12,627,0,1,0,0,2,1546.55,0,0
8803.86,0,39,1,1,3,4,5,1768.05,1,1
3792.62,2,53,1,1,5,4,7,2445.27,1,1
2602.9,0,172,1,1,3,1,5,2590.65,1,1
6078.78,4,94,1,0,4,1,7,1249.13,1,1
3698.57,21,168,1,0,5,4,7,3101.0,0,1
3020.2,5,47,1,1,3,3,9,742.49,0,1
2215.5,14,1343,0,0,0,0,4,1339.27,0,0
9879.62,6,157,1,1,3,2,12,2300.21,0,1
7536.22,14,150,1,1,5,1,8,1334.73,0,1
3486.38,0,161,1,1,5,5,9,2361.17,1,1
4044.16,2,7,1,1,2,4,10,1320.09,0,1
4657.3,7,51,1,0,5,3,2,2535.23,0,1
1898.28,8,1272,0,0,0,0,2,1494.33,0,0
8670.94,16,13,1,1,4,5,10,1140.06,0,1
5872.01,0,151,1,1,2,2,7,1999.65,1,1
11943.6,6,83,0,0,4,5,5,2732.9,1,1
1266.97,22,997,0,0,0,1,7,3643.2,0,0
7760.43,5,24,1,1,4,6,11,1629.99,0,1
4150.76,3,225,1,0,5,3,9,1760.42,1,1
6487.47,4,20,1,1,3,4,16,907.41,0,1
5790.22,1,162,0,1,3,4,9,2689.0,1,1
2756.6,9,1008,0,0,0,1,2,3039.06,0,0
3399.32,0,121,1,1,5,0,15,3341.49,0,1
9326.48,5,96,1,1,3,2,4,1039.97,1,1
4375.94,0,177,1,1,5,6,3,2479.01,0,1
2793.66,12,1326,0,0,0,0,2,1739.0,0,0
4954.36,0,146,0,1,3,1,12,1914.45,1,1
2469.55,16,1,1,1,2,2,10,1257.78,0,1
2181.91,11,346,0,0,1,1,3,1528.12,0,0
5920.87,5,203,1,1,3,4,8,1798.71,0,1
1525.99,10,1190,0,0,0,2,3,2206.29,0,0
2846.1,20,965,0,0,0,0,7,3468.42,0,0
3792.27,1,48,0,1,4,5,6,1365.29,1,1
3046.14,2,82,1,0,3,5,5,2483.19,1,1
7808.85,12,170,1,0,1,3,7,1530.51,1,1
4596.02,1,8,1,1,5,3,6,1819.84,1,1
1206.32,16,1343,0,0,0,0,4,2070.79,0,0
2015.03,2,120,0,1,3,4,7,2162.44,0,1
3322.13,9,412,0,0,1,1,5,2602.01,0,0
3225.1,22,544,0,0,0,1,6,1994.89,0,0
2166.5,11,154,0,0,0,0,3,2936.21,0,0
4975.06,5,200,1,1,5,3,9,1656.78,1,1
2227.95,19,1350,0,0,0,0,1,2212.67,0,0
2422.49,16,253,0,1,1,0,2,1479.71,0,0
5085.21,5,214,1,1,4,2,9,1438.32,1,1
6711.4,5,171,1,1,5,2,9,1452.49,0,1
11233.42,14,11,1,1,3,0,5,1933.03,1,1
1629.45,20,760,0,0,0,1,2,2371.75,0,0
831.04,21,1439,1,0,0,0,0,916.43,0,0
3048.12,5,121,1,1,2,1,5,3478.5,1,1
1701.06,16,933,0,0,0,0,2,892.57,0,0
8618.17,3,82,0,1,1,5,5,2266.98,0,1
1504.31,4,111,1,1,3,5,10,2156.68,1,1
2974.8,9,1063,0,0,0,0,3,2274.33,0,0
7182.18,4,29,1,1,4,3,7,1340.29,1,1
2638.08,1,140,1,1,5,6,8,1045.8,1,1
4028.02,4,165,1,1,4,2,12,2307.37,1,1
1946.69,8,421,1,0,0,0,4,2905.45,0,0
6790.97,1,91,1,1,3,6,6,1164.14,1,1
2695.93,8,1463,0,1,0,2,3,1306.25,0,0
2700.2,14,1412,0,0,1,0,5,933.68,1,0
2125.81,16,1443,0,0,0,0,4,2026.94,0,0
1569.42,16,1335,0,0,0,0,2,2541.88,1,0
4712.04,0,130,1,1,4,2,12,1168.92,0,1
3060.24,13,1308,0,0,1,1,3,1899.29,0,0
2311.42,9,1104,0,0,2,2,2,3162.99,0,0
1768.49,1,163,1,1,1,1,6,1168.09,1,1
2882.14,5,204,1,0,2,2,8,920.41,1,1
4424.08,1,109,1,1,5,2,9,2362.4,1,1
6095.18,0,89,1,0,3,5,13,1497.0,1,1
7533.53,3,125,1,1,1,3,8,2244.37,1,1
3611.19,5,99,1,0,2,2,6,1917.3,1,1
5238.05,5,28,1,1,5,5,4,1720.0,0,1
1948.62,11,227,1,0,0,0,5,1538.51,0,0
3264.46,18,1320,1,0,1,0,6,2162.73,0,0
2604.95,18,1135,1,0,0,1,4,818.03,0,0
1004.76,19,1302,0,0,0,0,6,2660.75,0,0
10355.35,10,145,1,1,2,3,7,3001.35,1,1
3734.52,0,212,0,1,3,6,7,1478.19,1,1
1061.79,19,676,0,0,1,0,5,2524.76,0,0
1461.31,9,632,0,1,1,0,5,2709.41,0,0
7106.67,0,163,0,1,1,3,7,2076.18,1,1
15117.99,13,89,0,1,3,6,12,1711.7,0,1
5168.91,2,33,1,0,2,2,4,1525.78,1,1
3248.86,17,1255,0,0,1,1,5,2711.85,0,0
1684.51,12,484,0,0,0,0,3,2308.66,1,0
1503.38,21,462,0,0,0,0,2,933.87,0,0
4978.95,3,33,1,1,3,4,7,1222.71,0,1
1918.92,20,558,0,0,0,0,4,818.78,0,0
1104.11,16,1434,0,0,1,0,4,3152.26,0,0
2755.76,10,205,0,0,2,1,0,1129.42,0,0
1267.91,15,957,0,0,1,2,1,1530.79,0,0
4218.46,1,143,1,0,4,3,5,1823.95,0,1
10234.82,0,196,1,1,1,1,9,1979.33,0,1
2040.05,19,970,0,0,2,2,3,1455.16,0,0
2324.01,10,235,0,0,0,0,7,3117.18,0,0
2103.19,13,146,0,0,1,0,4,2578.85,0,0
2031.18,14,1104,0,1,0,0,1,1721.13,0,0
7460.98,2,222,0,1,4,2,6,2857.57,0,1
794.92,20,1115,0,0,1,0,3,1527.73,1,0
7297.59,5,59,1,1,3,4,9,2865.11,0,1
1132.41,17,867,0,0,0,0,2,3053.16,0,0
11416.82,1,143,1,1,3,6,6,1645.5,1,1
1704.0,8,1215,0,0,0,1,4,1214.49,0,0
1382.43,12,606,1,0,1,0,3,1292.57,0,0
786.72,22,1027,0,0,0,0,3,1703.2,0,0
5209.88,19,58,1,0,1,3,8,1439.54,1,1
3565.19,0,39,1,1,5,6,11,2044.99,1,1
2722.85,8,165,1,1,3,4,8,2118.47,1,1
2573.5,1,238,1,1,4,4,8,1409.68,1,1
3469.2,20,441,0,0,0,1,3,2226.09,0,0
3009.45,13,430,0,0,0,0,4,952.42,0,0
5395.19,14,196,1,1,2,1,14,2124.24,1,1
1061.69,17,1490,0,0,0,0,1,1499.61,0,0
1421.49,9,938,1,0,0,0,4,1816.47,0,0
2384.98,17,1409,0,0,0,0,4,1523.18,0,0
2274.5,19,1181,0,0,0,0,6,2517.58,0,0
8606.68,20,223,0,0,0,0,5,1283.94,0,0
8401.13,2,4,0,1,3,3,9,1565.16,0,1
1608.39,19,77,0,1,1,1,4,1635.27,0,0
2385.7,20,84,0,0,0,2,5,1393.89,0,0
3473.86,10,905,1,0,0,0,2,1137.7,0,0
6529.09,1,197,1,1,5,3,5,1266.93,1,1
4437.13,17,163,0,1,1,0,6,1060.91,0,0
1248.48,11,551,0,0,0,2,6,2356.63,0,0
1790.42,20,1139,0,0,0,1,4,925.03,0,0
13559.99,2,57,1,1,2,6,5,1067.13,0,1
2334.91,11,1095,0,0,0,1,2,1279.62,0,0
11234.65,3,131,0,1,5,3,11,1123.92,0,1
3764.13,5,52,1,0,3,4,4,1639.7,0,1
3222.09,3,23,1,1,3,1,9,1706.66,1,1
3552.96,20,623,0,0,0,0,2,2701.28,0,0
1115.05,9,227,0,0,0,1,3,4279.18,0,0
2763.99,17,224,0,0,0,0,2,1310.51,0,0
5280.05,22,699,0,0,0,0,3,2066.12,0,0
3296.28,12,214,1,1,4,6,16,2117.3,1,1
5059.58,8,185,0,0,0,0,1,2337.3,0,0
3375.78,14,229,1,1,2,1,8,1430.93,1,1
1385.4,9,909,0,0,0,0,6,2354.79,0,0
1927.32,15,439,0,0,1,1,4,1984.27,0,0
5041.38,19,638,0,0,0,0,3,3592.18,0,0
10220.08,13,29,1,1,1,4,14,1298.75,1,1
2309.73,9,300,0,0,0,0,0,3161.69,0,0
7275.09,1,50,0,1,5,2,9,1590.29,1,1
2324.82,18,1305,0,0,0,0,3,2046.53,0,0
3560.12,6,187,1,0,5,4,9,2225.08,1,1
2320.24,11,125,1,1,5,1,5,1192.6,1,1
1579.41,16,1297,0,0,0,1,3,794.04,0,0
2396.88,17,1328,0,0,0,1,1,2462.47,0,0
5977.64,0,50,1,1,4,3,8,1313.62,0,1
7678.06,9,206,1,1,3,3,6,2142.99,1,1
1681.48,11,583,0,0,1,0,0,1342.5,0,0
7508.08,7,145,0,1,4,2,9,2593.03,1,1
2718.1,22,1364,0,0,0,0,2,2166.65,0,0
2014.18,21,1426,0,1,2,0,5,2105.99,0,0
4750.69,0,169,1,0,4,1,4,2148.01,0,1
12121.35,8,23,0,0,4,3,10,1594.93,0,1
1136.23,13,858,0,0,0,1,2,805.92,0,0
2496.15,15,1482,0,0,0,1,3,1829.28,0,0
987.01,22,205,0,0,0,1,3,1672.63,0,0
4556.94,1,239,1,0,3,2,12,1494.05,1,1
6762.81,1,151,1,1,3,5,12,2470.27,1,1
7736.37,4,210,0,1,5,3,6,1695.92,1,1
1685.62,18,813,0,0,0,0,5,2101.37,0,0
1527.01,14,989,0,0,0,2,3,1131.59,0,0
9702.41,3,232,0,1,2,1,12,2086.75,0,1
4630.37,19,238,0,1,3,2,7,1378.82,0,1
2523.47,4,203,1,1,3,2,10,2987.18,0,1
1519.1,13,1495,0,0,0,1,1,2282.55,0,0
3467.85,16,967,0,0,1,1,1,2175.32,0,0
8452.39,7,31,1,1,2,5,7,1160.85,0,1
7256.77,9,116,1,1,3,3,6,2174.29,0,1
2737.54,18,214,0,0,0,2,2,1562.94,1,0
5282.42,10,222,1,1,5,5,9,1558.12,0,1
2475.1,15,1455,0,0,0,0,2,1311.48,0,0
8811.2,11,62,0,1,3,4,9,1682.06,0,1
6212.59,2,36,1,1,5,5,9,1678.21,1,1
1802.03,3,56,1,1,4,4,8,1720.7,1,1
1573.49,10,1151,0,0,0,1,4,1834.88,0,0
1688.96,22,283,0,0,0,0,5,1775.92,0,0
642.83,13,1104,1,0,0,0,1,1472.18,0,0
2141.26,19,493,0,0,0,1,1,1178.03,0,0
9484.58,1,136,1,1,1,0,9,1170.78,0,1
3151.16,8,1039,0,0,0,0,4,1933.76,0,0
1682.08,2,22,1,1,3,6,7,1952.9,1,1
542.46,13,936,0,1,0,2,4,1452.97,0,0
847.05,16,938,0,0,0,0,3,2332.02,0,0
3260.95,10,1394,0,0,0,1,1,2253.18,0,0
2805.78,3,188,1,0,5,1,6,2262.28,1,1
10190.3,5,112,0,1,3,2,7,1207.34,0,1
737.88,19,1299,0,0,0,0,2,1919.6,0,0
1860.95,17,245,0,1,0,0,5,2502.1,0,0
4226.89,20,805,0,0,0,0,3,1285.78,0,0
7486.18,5,16,1,1,2,1,4,1512.89,1,1
2589.44,6,30,1,1,3,4,6,1258.29,0,1
10325.59,3,87,1,1,2,6,11,2357.22,0,1
1224.42,20,716,0,0,0,0,4,1948.04,1,0
4169.0,3,153,1,1,3,2,8,1788.17,1,1
2278.57,16,1073,0,1,0,1,2,1457.05,1,0
3682.57,9,516,0,0,2,0,3,1469.74,1,0
1517.86,10,927,0,0,0,1,2,1296.37,0,0
1769.16,14,1283,0,0,0,0,1,2996.65,0,0
8342.39,7,194,1,1,3,7,6,2738.33,1,1
4896.33,1,156,0,1,3,5,8,4597.76,0,1
1898.94,11,583,0,0,0,0,2,1785.03,0,0
6873.85,4,87,1,1,3,4,9,1560.36,0,1
9388.97,3,177,0,1,4,1,7,2145.29,0,1
1569.4,8,1266,1,0,0,0,3,1299.53,0,0
2928.05,3,102,1,1,2,1,6,1556.85,1,1
2867.01,3,189,0,1,3,2,4,2332.02,1,1
2360.98,12,124,0,0,1,2,4,1827.95,0,0
4921.78,13,136,0,1,1,5,12,1684.15,0,1
2457.0,19,403,0,0,1,0,0,2149.92,0,0
4285.07,2,78,1,1,1,1,8,2083.64,1,1
1941.33,16,789,0,0,0,0,7,1739.88,0,0
5002.61,19,198,1,1,3,6,4,1302.31,1,1
6026.88,5,12,0,1,5,2,5,1376.52,0,1
8291.72,5,62,1,1,1,5,9,1649.95,1,1
1991.16,21,1301,0,0,1,2,1,2831.68,0,0
2888.84,5,102,1,1,4,2,9,1030.66,0,1
2529.5,15,291,0,0,0,0,0,1503.75,0,0
5121.65,2,49,0,0,4,5,7,2815.68,0,1
2169.97,14,1496,0,0,0,0,4,1393.87,0,0
3291.46,1,27,0,1,4,2,9,1555.73,1,1
2716.25,10,408,0,0,0,1,1,1178.25,0,0
2836.16,16,1371,0,0,0,0,1,2504.28,0,0
803.99,20,730,0,0,0,0,3,2840.08,0,0
6347.9,1,132,1,1,3,2,6,2787.68,1,1
6550.6,1,40,0,1,3,2,10,2749.72,1,1
8491.78,3,221,1,1,2,5,12,1373.3,1,1
1960.25,9,1479,0,0,0,0,0,1399.01,0,0
5911.39,19,100,0,1,5,4,7,3178.58,0,1
4365.32,17,18,1,1,2,2,7,2319.17,1,1
1209.75,15,70,0,0,0,1,4,1396.6,0,0
1862.73,11,827,0,0,0,1,4,1681.24,0,0
1081.05,11,786,0,0,2,1,4,1384.27,0,0
3884.23,3,87,1,0,5,3,12,1074.8,1,1
2174.54,5,191,1,1,3,3,7,1699.26,1,1
8735.44,20,185,1,1,2,1,7,1454.12,1,1
2770.62,1,86,1,1,4,2,5,1730.31,0,1
6934.59,21,237,1,1,3,3,8,1748.57,1,1
9712.57,10,202,1,1,3,4,8,2749.47,1,1
7422.16,0,64,1,1,2,4,8,1606.62,1,1
7335.9,4,165,1,1,3,2,11,1060.0,1,1
17166.16,6,167,1,1,4,2,7,1161.23,0,1
857.1,15,354,0,0,0,1,1,1816.24,0,0
2420.31,13,1031,0,0,0,1,3,2939.25,0,0
3726.93,18,764,0,0,0,0,9,1633.52,0,0
1726.69,10,1187,0,0,0,0,5,2266.94,0,0
7756.3,4,8,1,1,4,2,6,2764.56,1,1
3459.95,0,42,1,0,4,3,9,1033.9,1,1
924.11,14,489,0,0,0,0,1,1413.41,0,0
3318.35,2,74,1,1,4,4,7,1776.12,1,1
966.39,18,948,0,0,1,1,1,3322.67,0,0
9636.28,3,195,1,1,2,3,7,1149.03,1,1
3187.05,12,392,0,0,0,0,3,3539.89,0,0
5306.5,5,146,1,1,5,4,8,1096.98,0,1
2767.24,20,142,0,0,0,0,2,1264.5,0,0
17178.38,2,128,1,1,3,5,14,1519.93,1,1
9146.64,19,139,1,1,2,1,2,2300.35,1,1
766.04,14,423,0,0,0,1,0,1390.34,0,0
1787.7,18,547,0,0,0,0,4,2166.99,0,0
6316.48,4,226,1,1,5,1,13,2124.29,1,1
4669.19,1,46,1,1,5,1,8,1791.92,1,1
4358.7,16,590,0,0,2,3,3,2051.15,0,0
4759.13,0,246,1,1,2,1,10,1617.54,1,1
7406.55,11,167,0,0,3,2,8,1851.2,1,1
7086.47,0,84,1,1,1,5,10,1951.93,1,1
1674.09,22,840,0,0,0,0,2,1221.52,0,0
9341.76,2,159,1,1,3,3,6,1262.25,1,1
2610.05,3,50,1,1,3,2,5,1982.43,1,1
3054.76,5,211,1,1,5,1,4,1513.4,1,1
14026.46,5,213,1,0,4,2,8,1476.71,1,1
769.01,14,1360,0,0,0,2,1,1427.86,0,0
10318.13,4,139,1,1,3,5,8,2182.83,1,1
1193.98,10,598,0,0,0,0,5,1132.13,0,0
1926.94,4,210,1,1,4,3,12,1845.15,1,1
7067.45,4,123,1,1,4,2,8,1074.04,0,1
4675.3,2,19,1,1,5,3,5,2319.23,0,1
2609.86,22,236,0,0,0,0,3,1379.96,0,0
3344.87,16,193,1,1,1,3,7,2032.37,1,1
4539.61,4,161,1,0,4,1,9,1793.33,1,1
8945.55,13,71,1,0,2,4,5,1678.49,1,1
1990.6,9,383,0,1,1,1,4,1228.78,0,0
1427.48,20,630,0,0,0,1,2,2000.83,0,0
16835.8,3,31,1,0,5,2,9,1818.62,1,1
1567.5,16,972,0,0,0,1,3,1105.66,0,0
1393.4,9,929,1,0,0,0,2,2449.53,0,0
2968.21,21,733,0,0,0,0,4,3116.15,0,0
7797.95,4,211,0,0,3,2,7,2183.59,1,1
1216.48,10,608,0,0,0,0,2,1085.44,0,0
14289.79,1,237,1,1,3,1,7,2611.81,0,1
812.5,10,273,0,0,0,0,9,857.98,0,0
2016.81,2,63,0,0,2,0,9,1410.62,1,1
15553.97,3,122,1,0,4,0,4,1311.65,1,1
12844.65,14,122,1,0,5,5,13,3390.76,1,1
5660.67,14,5,1,1,4,3,2,2811.17,0,1
6175.62,3,68,0,1,5,4,7,2376.9,1,1
2416.37,16,993,0,0,1,0,4,2251.26,0,0
2632.0,15,1211,0,0,1,0,2,2775.18,0,0
5789.74,13,131,1,1,4,0,8,1930.35,1,1
4105.76,10,466,0,0,0,2,5,4931.81,0,0
2951.23,18,2,1,1,5,3,10,1930.95,1,1
2766.71,16,507,0,0,0,0,2,3302.09,0,0
1954.8,13,496,0,0,0,0,1,1508.59,0,0
3477.43,20,1410,0,0,0,0,1,1048.86,0,0
2734.56,14,333,0,1,1,0,7,2652.86,0,0
11604.44,2,160,1,0,3,0,6,1313.6,0,1
1238.43,9,663,0,0,0,0,6,1017.3,1,0
1282.23,16,1296,0,0,0,0,1,2091.78,0,0
11863.5,1,23,0,0,2,2,9,1283.19,1,1
11651.86,4,97,1,1,5,2,9,3343.95,0,1
2724.26,18,1401,0,1,0,1,0,892.08,0,0
3740.0,17,522,0,0,2,1,3,1190.48,0,0
7296.38,5,125,1,1,5,3,9,1461.86,1,1
20554.04,0,28,1,1,3,2,9,2398.44,0,1
3349.66,17,1345,0,0,0,0,3,3123.56,1,0
4295.45,4,206,1,1,5,1,8,2368.47,1,1
1480.69,22,1167,0,0,0,0,2,2193.36,1,0
3591.41,10,213,1,1,4,1,2,1594.21,1,1
3971.08,5,10,1,1,4,3,7,1396.0,0,1
3615.72,3,64,1,0,4,3,8,1661.63,1,1
3045.73,19,1202,1,0,1,0,3,2145.36,0,0
1126.47,15,1005,0,0,0,0,3,1015.55,1,0
743.99,20,801,0,1,1,1,2,2646.87,0,0
3245.76,16,192,0,0,0,1,4,3020.98,0,0
6674.42,1,213,1,1,3,6,7,1680.61,0,1
1683.68,15,915,0,0,2,0,2,1872.2,0,0
1887.83,17,1088,0,0,1,0,7,2135.55,0,0
3549.32,18,1126,0,0,0,0,3,2004.52,0,0
10611.51,2,19,1,1,4,2,10,1814.76,1,1
2139.05,20,610,1,0,0,0,2,983.26,0,0
3208.07,17,587,0,0,1,1,2,1405.63,0,0
2785.78,3,44,1,1,5,5,8,628.5,0,1
13506.24,1,186,1,1,4,6,7,2014.53,1,1
14730.47,5,229,1,1,5,7,6,996.4,1,1
875.34,9,1171,0,0,0,0,0,2746.34,0,0
4015.68,19,614,0,0,0,0,3,1833.51,0,0
5280.25,1,50,0,1,5,4,5,3627.2,1,1
9601.2,1,19,1,1,4,3,7,1615.23,0,1
3621.08,3,107,1,1,4,2,8,2384.81,1,1
3739.76,11,699,0,0,1,0,2,2730.45,0,0
2711.28,5,14,1,1,5,4,10,3221.1,1,1
8808.86,3,102,1,0,1,2,13,2983.43,1,1
1454.63,19,531,0,0,0,0,3,1890.95,0,0
2555.26,14,1489,0,0,0,0,2,1632.34,0,0
2030.86,15,245,0,0,0,0,2,1375.64,0,0
2791.64,11,96,0,0,0,0,5,2042.62,0,0
6797.71,5,66,1,1,5,2,8,2527.07,1,1
2187.96,8,1406,0,0,0,2,1,3583.15,0,0
10214.68,1,34,1,1,5,1,5,1807.86,0,1
11426.33,3,90,1,1,2,3,7,1278.55,1,1
1362.84,9,391,0,0,0,0,4,1717.99,0,0
5582.45,3,249,1,1,3,5,10,1956.83,1,1
12656.96,2,123,1,1,5,2,9,1270.0,1,1
6472.88,3,232,1,1,2,3,7,1820.13,1,1
5843.06,17,43,1,1,3,5,7,1396.88,0,1
2381.94,17,1115,0,0,1,1,4,1898.91,0,0
2782.9,22,268,0,0,0,0,3,2045.03,0,0
909.56,18,1049,0,0,1,0,3,1370.22,1,0
733.03,14,1454,0,0,0,0,3,1394.34,0,0
1412.23,0,112,1,1,3,8,8,2095.51,0,1
1237.04,22,1389,0,0,0,1,0,1753.01,0,0
2440.78,5,13,1,1,3,2,8,1548.25,1,1
12217.45,17,189,0,1,2,3,8,1778.3,1,1
4653.99,1,61,1,1,3,2,9,1474.15,1,1
3216.82,14,163,0,1,0,0,5,1453.93,0,0
15001.41,2,174,1,1,1,3,6,2544.63,0,1
5510.16,3,82,1,1,2,5,12,1964.54,1,1
3852.59,3,196,1,1,3,3,6,1793.03,0,1
7567.15,10,186,1,0,3,0,12,1277.75,0,1
13682.97,19,247,1,1,3,3,9,2279.6,1,1
1621.85,21,1225,1,0,0,0,3,2517.72,1,0
1129.36,15,170,0,0,0,0,3,1687.4,0,0
1913.42,10,1298,0,0,0,0,5,2327.14,1,0
2745.9,1,111,1,1,1,3,9,1472.73,1,1
2717.63,17,561,0,0,1,0,3,2942.27,0,0
1735.92,8,539,0,0,0,0,2,1580.96,0,0
1333.86,20,292,0,0,0,2,4,2887.81,0,0
4149.5,0,173,1,1,4,4,6,2474.61,0,1
5920.39,11,537,0,0,1,0,1,1077.06,0,0
5827.5,4,196,1,1,3,2,5,861.35,1,1
2280.21,20,804,0,1,1,1,5,2404.59,0,0
3219.26,5,235,1,1,5,6,9,2088.58,0,1
7080.11,16,134,0,1,2,5,3,1694.25,1,1
1747.33,14,1060,0,0,0,0,2,2122.86,0,0
3404.0,5,93,1,1,4,4,4,1705.91,1,1
5302.62,2,168,1,1,4,5,10,2164.63,1,1
7676.24,2,15,1,1,3,3,8,1422.99,1,1
1328.15,21,84,0,0,0,0,2,1847.69,0,0
6020.34,0,24,1,1,5,5,4,1679.48,0,1
3985.72,20,835,0,0,0,0,3,2406.44,0,0
974.33,21,1459,0,0,0,0,3,3070.46,0,0
11182.85,0,139,0,1,4,2,6,2435.04,1,1
2501.12,17,1335,0,0,0,2,4,1525.8,0,0
6393.56,5,201,1,1,5,3,14,1712.81,1,1
2138.51,14,990,0,0,0,0,5,1747.94,0,0
3062.12,13,763,0,0,0,0,2,2001.76,0,0
1314.13,13,1378,0,0,0,2,3,1418.06,0,0
2269.59,13,928,0,0,0,3,4,3624.08,0,0
1639.38,16,288,0,1,0,2,1,1325.83,0,0
6582.7,3,201,1,1,3,2,11,1551.17,0,1
8188.55,1,126,1,0,4,6,6,2101.58,1,1
3754.13,11,318,0,1,0,2,1,3538.06,0,0
2756.93,12,421,0,0,0,1,3,1413.26,0,0
6192.55,21,175,0,0,0,1,3,1100.07,0,0
4164.04,14,1209,0,0,2,1,1,1364.32,0,0
1593.6,8,523,0,0,0,1,3,1414.97,0,0
2835.9,10,467,0,0,2,1,3,2350.48,0,0
4825.61,2,53,0,1,5,0,8,2474.75,1,1
3274.22,5,125,1,1,4,7,9,3126.88,1,1
4273.19,12,659,0,0,1,0,1,2055.01,0,0
4838.92,1,242,0,1,2,3,5,2070.06,0,1
7145.77,1,43,1,0,1,4,9,1063.19,1,1
1492.35,13,1046,0,0,0,0,0,2313.64,0,0
1713.79,20,1425,0,0,0,0,5,2139.39,0,0
7223.02,15,103,0,1,4,1,11,754.16,1,1
4562.18,15,940,0,0,0,1,4,2180.9,0,0
9564.18,4,88,1,1,4,2,11,1364.7,1,1
2189.98,18,1067,1,0,0,0,4,1201.48,0,0
6105.05,7,224,1,1,3,1,7,3156.55,1,1
652.88,22,1323,0,0,1,1,2,2281.1,0,0
2978.78,11,745,0,0,0,1,2,2580.43,1,0
3079.72,5,15,1,1,3,3,5,1381.51,1,1
8341.33,12,149,1,1,4,3,4,2390.09,0,1
1667.01,10,627,0,0,2,0,5,1297.3,0,0
3535.07,0,111,1,1,3,2,5,1764.04,1,1
6243.22,2,112,1,1,5,4,11,2407.71,1,1
2514.74,7,33,1,1,3,7,7,2083.45,0,1
5553.28,3,106,1,1,4,2,7,2208.26,0,1
1086.03,8,1481,0,0,0,0,5,1738.87,0,0
4734.67,20,86,0,1,4,2,10,1438.17,0,1
5412.82,5,187,1,1,5,8,6,2220.83,0,1
8113.73,20,78,1,1,2,5,13,1250.15,1,1
13658.92,11,152,1,1,5,6,2,1363.82,1,1
12244.4,1,48,1,1,5,3,3,1944.43,0,1
2999.68,4,201,1,1,1,3,8,721.06,1,1
11718.89,2,102,1,0,3,2,12,1717.64,1,1
2168.66,17,1159,1,0,1,1,3,2494.34,1,0
8324.99,3,227,1,1,5,1,16,1177.99,1,1
6921.22,3,125,0,1,4,2,4,2946.09,1,1
14891.27,1,237,1,1,5,1,10,1192.66,1,1
6390.55,0,131,1,1,2,3,10,1496.36,0,1
1740.1,3,104,1,0,1,1,11,1876.56,0,1
6988.97,10,145,0,1,1,2,11,2603.16,1,1
2703.83,8,139,1,0,0,0,2,3221.09,0,0
2179.95,17,637,0,0,0,1,4,1600.0,0,0
3211.68,17,1425,0,0,0,0,4,2664.86,0,0
1031.06,12,428,0,0,0,0,3,1609.55,0,0
14300.96,8,6,1,1,1,3,9,1465.74,1,1
2313.08,14,146,1,0,2,0,3,2597.92,0,0
10800.39,2,37,1,1,2,1,5,1394.99,1,1
5088.66,11,241,1,0,3,4,7,4835.36,1,1
3331.24,11,1370,0,0,0,2,1,1301.62,0,0
3135.36,0,165,1,0,1,2,7,1270.87,1,1
1722.89,22,857,0,0,0,2,4,1257.33,0,0
1170.27,22,381,0,1,0,3,3,2117.59,0,0
4852.39,1,71,0,1,3,3,8,1794.24,0,1
5633.17,3,40,1,1,2,2,5,1531.85,1,1
1485.53,13,943,0,0,0,0,2,1152.52,0,0
4594.21,17,1433,0,0,0,3,1,1507.14,0,0
866.83,14,945,1,0,1,0,3,1204.3,0,0
1883.81,10,1228,0,0,0,1,4,1922.63,0,0
1672.71,11,694,0,0,0,0,5,1923.13,0,0
8472.59,5,221,1,1,3,3,9,1569.52,1,1
3560.15,11,36,1,1,3,3,10,1103.42,1,1
5359.4,9,321,0,0,0,0,3,1589.58,0,0
3415.07,2,2,1,1,5,5,5,1635.85,0,1
1143.55,13,652,0,0,1,1,4,2298.2,0,0
4161.71,17,1029,0,0,0,1,2,1708.66,0,0
3793.21,16,480,0,0,0,1,5,2255.62,0,0
3757.76,11,1236,0,0,0,0,0,1798.38,0,0
5408.02,16,809,0,0,0,2,10,1319.58,0,0
4229.29,16,960,0,0,0,1,3,4616.26,0,0
1106.5,12,1377,0,0,1,0,0,1979.72,1,0
1890.7,16,510,0,0,1,0,1,1265.37,0,0
3347.75,1,17,0,1,4,7,16,1967.24,0,1
2554.27,11,205,0,0,0,0,2,1818.41,0,0
1862.87,20,548,0,0,0,1,4,3437.16,0,0
5514.04,3,85,1,1,5,0,11,1916.8,1,1
2694.21,8,494,1,0,0,0,2,3816.07,0,0
12012.1,0,130,1,1,3,1,7,1791.64,1,1
1964.18,19,1213,0,0,0,0,2,3816.22,0,0
7890.25,2,236,1,1,4,2,10,1995.14,1,1
2090.16,21,262,0,1,0,0,1,2330.97,0,0
29681.11,2,151,1,1,5,7,10,1661.63,1,1
4233.54,4,245,1,0,5,2,4,1088.11,1,1
2212.0,18,1029,0,0,0,1,3,1403.13,0,0
19753.86,4,227,1,1,4,7,10,2764.71,0,1
2064.05,19,1370,0,0,0,1,1,2160.83,0,0
1536.16,3,107,1,1,4,1,7,1673.79,1,1
3383.72,21,50,1,1,4,4,1,1596.13,1,1
2239.1,10,841,0,1,0,0,1,2929.65,0,0
2212.45,20,1410,0,0,0,0,1,2335.12,0,0
2678.97,1,42,0,0,3,2,5,1270.18,0,1
2895.64,20,784,0,0,0,1,1,1754.29,0,0
3101.97,12,507,0,0,0,2,4,2994.83,0,0
4231.1,14,581,0,0,0,0,1,1909.64,0,0
1447.76,12,1011,0,0,1,0,3,2144.48,0,0
11518.86,0,57,1,1,3,1,10,2573.39,1,1
4815.16,14,113,1,1,2,4,6,2397.46,1,1
5012.37,2,131,1,1,1,2,5,1163.3,1,1
4111.74,16,106,0,1,4,2,11,2337.14,1,1
12591.47,3,47,0,1,3,2,9,1389.4,1,1
3012.42,9,1046,1,0,0,2,4,1623.44,0,0
866.68,13,1161,0,0,1,1,4,1481.56,0,0
5626.57,5,56,1,1,4,2,7,1132.8,0,1
7667.15,4,197,1,1,4,1,4,1889.81,0,1
1634.87,11,416,0,0,0,0,2,1779.28,0,0
5173.91,1,25,1,1,3,2,8,2483.6,0,1
18089.33,5,167,0,1,3,3,14,2448.75,0,1
3272.43,15,1373,0,0,0,0,0,2068.48,0,0
8376.05,8,168,1,1,4,5,5,1526.8,0,1
1507.19,12,767,0,0,0,0,2,1694.84,0,0
937.96,14,607,0,0,0,0,4,3565.91,0,0
10947.38,2,15,1,0,3,4,4,1290.75,1,1
4467.61,17,228,1,1,4,4,9,1165.28,1,1
7371.33,1,47,0,1,4,5,9,2825.79,1,1
1274.0,22,131,0,1,0,1,3,668.46,1,0
949.01,8,736,0,0,0,0,3,3250.28,0,0
2664.9,5,122,1,1,2,1,8,2338.01,0,1
1132.16,21,1092,0,0,0,1,4,2058.69,0,0
1102.27,10,553,0,0,0,1,5,1511.31,0,0
959.9,17,86,0,0,1,0,3,1089.26,0,0
5880.87,5,202,1,0,4,2,12,2402.7,0,1
2699.29,13,286,0,0,0,0,2,1075.56,0,0
3606.48,8,699,0,0,0,0,3,2216.63,0,0
845.5,19,823,0,0,0,1,5,2696.06,0,0
1838.47,17,714,0,0,1,1,3,1740.37,0,0
3544.2,10,114,1,1,3,2,8,1266.43,1,1
3988.14,14,184,0,0,0,0,5,2308.41,0,0
966.21,16,1096,0,0,0,0,3,1795.73,0,0
4386.42,0,239,1,1,3,5,14,1647.62,0,1
5270.26,12,313,0,0,0,2,3,1196.64,1,0
3881.78,3,81,1,1,5,4,6,1809.87,1,1
887.76,22,1306,1,0,0,0,5,2408.43,0,0
4949.3,17,1067,0,0,0,0,3,1555.05,0,0
2776.75,4,45,0,1,5,1,3,1503.7,1,1
21268.16,0,214,1,1,3,3,5,1151.79,1,1
2350.07,1,241,0,1,5,1,7,1171.41,0,1
1331.36,13,413,0,0,0,0,3,912.32,0,0
3054.12,4,61,0,1,3,2,9,2337.31,0,1
1963.79,21,381,0,0,0,3,1,1915.36,0,0
7727.03,3,183,1,0,1,2,5,1769.2,1,1
3415.76,19,178,1,1,3,0,9,1701.89,0,1
5563.21,3,11,1,1,4,4,10,2301.58,0,1
6038.24,1,61,1,1,4,3,9,1132.68,1,1
4340.19,7,160,0,1,3,2,5,1766.73,1,1
10443.87,1,115,1,1,1,5,6,1114.16,1,1
5832.05,14,114,0,1,3,4,4,1590.74,1,1
3878.16,11,691,0,0,0,0,4,2063.56,0,0
2594.09,8,616,0,0,1,0,3,2895.22,0,0
5246.34,3,158,1,1,5,1,7,2308.48,0,1
9994.72,12,8,1,1,4,3,11,2500.89,0,1
3414.5,1,146,0,0,3,0,7,1682.02,1,1
6864.9,3,216,1,1,3,7,9,2373.02,1,1
3306.63,20,864,1,0,0,1,4,2188.99,1,0
2837.06,22,379,0,0,0,0,4,1851.12,0,0
1554.06,22,1197,0,0,0,0,3,1118.85,0,0
6981.69,1,79,1,0,1,3,8,1751.21,1,1
10319.41,3,203,1,1,4,5,8,2105.03,1,1
1829.46,22,496,0,0,0,2,4,2584.45,0,0
3488.27,19,858,0,0,0,0,4,1764.48,0,0
2333.51,15,635,0,0,0,1,2,1544.12,0,0
2690.47,9,42,1,1,2,3,4,2125.41,0,1
6525.37,17,214,1,1,3,2,13,1342.65,0,1
2837.05,20,73,0,0,0,2,4,1469.92,0,0
2942.01,22,305,0,0,0,1,1,2617.67,0,0
6801.53,1,84,1,1,5,3,11,2914.5,1,1
8813.02,4,44,1,1,2,2,6,2851.21,1,1
1505.34,11,708,0,0,0,2,3,2786.68,0,0
7323.92,5,54,1,1,5,4,8,1703.0,0,1
1828.63,17,515,0,0,0,0,4,2151.7,0,0
5301.14,5,158,1,1,4,8,11,1645.58,1,1
8738.4,4,126,1,1,4,4,4,2137.39,1,1
1447.26,20,275,0,0,0,0,5,3234.69,0,0
8872.58,0,212,1,1,5,0,11,1592.48,1,1
2664.31,20,581,1,0,0,0,2,1703.01,0,0
1563.71,16,360,1,0,0,2,2,2238.96,0,0
12638.97,19,222,1,1,4,4,7,2026.56,1,1
1975.51,13,502,0,0,1,0,5,1492.85,0,0
8063.3,4,62,1,1,4,1,9,1222.18,1,1
11588.98,5,142,1,1,2,4,10,1375.93,0,1
1774.69,11,1321,0,0,0,0,2,1998.88,0,0
1693.8,12,1280,0,0,0,1,6,1803.47,0,0
10853.01,5,201,0,1,3,6,6,2919.3,0,1
3681.19,3,224,1,0,5,4,14,1581.59,0,1
3481.38,20,70,1,1,3,0,10,854.13,1,1
13684.14,10,133,1,1,3,2,9,3472.75,0,1
1507.38,3,125,1,0,5,4,6,2713.14,1,1
1980.86,14,377,0,0,0,0,1,1501.15,0,0
1814.29,0,42,1,1,4,6,9,1697.51,1,1
4376.91,5,103,1,1,2,0,6,1508.99,0,1
1443.7,13,245,1,0,0,2,3,2321.69,0,0
21970.27,0,170,1,1,4,0,5,1992.46,1,1
4088.4,4,223,1,1,3,3,9,1586.27,1,1
9603.52,2,17,1,0,4,3,7,2689.35,1,1
2219.93,14,191,1,0,0,0,5,2577.18,0,0
1542.8,15,434,0,0,2,0,2,3054.89,0,0
3725.19,20,875,1,0,0,0,2,1093.78,1,0
1419.33,11,181,0,0,0,0,6,999.92,0,0
12840.56,0,220,1,1,5,3,9,1893.09,1,1
4340.01,16,95,0,0,3,4,2,2195.17,1,1
1384.76,13,78,0,0,0,0,4,1065.34,0,0
2520.23,13,426,0,0,0,0,1,1141.65,0,0
6692.78,5,67,1,1,5,7,12,2555.5,1,1
1558.94,12,465,0,0,0,0,4,2708.87,0,0
2578.53,11,752,0,1,1,0,3,1790.59,0,0
5901.57,7,134,1,1,2,0,7,2651.75,1,1
2129.15,19,538,0,0,1,0,2,1253.03,0,0
2206.68,22,89,0,0,0,1,2,1184.97,0,0
3382.62,17,951,1,0,1,0,4,2129.01,0,0
6330.46,9,374,0,0,2,0,5,1931.8,0,0
5944.02,2,17,0,1,5,7,6,1464.09,0,1
1322.37,22,1008,0,0,1,0,2,1937.23,0,0
4786.61,3,42,1,1,5,2,10,1266.92,0,1
3465.06,14,663,0,0,0,1,5,3030.22,0,0
3411.25,4,50,1,1,4,3,9,2788.67,1,1
4877.87,5,197,1,0,4,3,8,2229.61,1,1
7830.23,4,183,1,1,3,3,8,798.92,0,1
2398.8,16,467,0,0,0,0,4,1725.14,0,0
2146.38,9,435,0,0,0,0,4,1854.13,0,0
5586.18,2,115,0,1,4,3,9,3487.75,1,1
16434.65,4,64,1,1,5,3,8,1712.57,1,1
2707.57,0,80,1,1,5,4,10,1424.0,1,1
2519.64,8,510,1,0,0,0,1,1327.79,0,0
8684.85,18,76,1,1,5,3,6,1755.38,0,1
9445.51,1,58,1,1,2,3,12,1540.5,1,1
6529.18,4,35,1,1,1,1,8,1753.42,1,1
6251.81,12,234,0,1,3,3,10,3730.86,1,1
2855.13,7,195,1,0,5,3,5,878.45,0,1
8382.2,0,100,1,1,2,3,10,1163.06,0,1
11111.34,0,89,1,1,2,1,7,2483.34,1,1
1382.3,10,311,0,0,0,0,3,1467.07,0,0
6771.84,0,84,1,1,3,3,11,1002.02,1,1
1386.34,17,427,0,0,0,0,3,2115.57,0,0
1417.11,8,493,1,0,0,0,4,1524.58,0,0
4818.77,20,1388,0,0,2,2,2,2403.06,0,0
4811.69,18,107,1,1,5,3,8,2091.62,1,1
3234.64,1,77,1,1,5,2,8,1448.03,0,1
1184.18,9,376,0,0,0,0,2,1607.84,0,0
2210.49,4,220,1,1,4,3,6,3813.95,1,1
6776.08,0,220,1,1,4,3,3,2652.02,1,1
6464.88,2,37,0,1,3,1,4,1038.44,1,1
6271.64,2,39,1,1,4,6,10,2748.25,1,1
2744.53,17,227,0,0,0,0,2,1330.02,0,0
12292.43,1,160,0,1,4,1,8,3162.78,0,1
1387.2,14,601,0,0,0,0,1,2729.64,1,0
2681.22,12,129,0,0,0,0,2,1582.52,0,0
5561.6,0,228,1,1,3,5,5,1909.48,0,1
4066.92,3,97,1,1,1,5,16,1870.15,1,1
4265.84,15,638,0,0,0,0,2,3162.41,0,0
2771.01,9,681,0,0,2,0,2,3080.01,0,0
1339.71,20,1475,0,0,1,1,5,1564.2,0,0
2144.59,0,13,1,0,1,9,8,2055.89,1,1
1790.11,20,1211,0,0,0,1,2,1669.12,0,0
6596.4,5,143,1,1,2,3,9,1808.69,1,1
6485.05,4,76,0,0,5,0,8,1296.91,1,1
4929.69,0,228,1,1,2,4,5,2484.63,0,1
2074.32,9,220,0,0,0,0,1,2466.84,0,0
3654.82,18,48,1,1,5,3,9,2290.49,1,1
10054.37,5,205,0,1,5,3,10,2532.96,1,1
1182.47,15,250,0,0,0,0,3,1729.4,0,0
972.64,16,1105,0,0,0,0,2,1536.84,0,0
6097.42,23,51,1,0,4,7,11,1410.41,1,1
4988.24,7,65,0,1,5,1,12,2223.98,0,1
9128.7,3,207,1,1,3,6,4,1238.18,1,1
2844.58,1,99,0,1,2,8,10,1265.57,1,1
2272.4,15,1437,0,0,2,0,3,3055.34,0,0
961.51,19,943,0,0,2,0,4,1779.53,0,0
5167.52,23,224,1,1,5,4,9,4807.52,0,1
3259.94,2,244,1,0,4,7,6,1374.34,1,1
1391.72,16,261,0,0,0,0,0,1469.03,0,0
4372.09,9,107,0,0,0,0,3,1833.18,0,0
2617.69,17,80,0,0,0,0,4,1852.08,0,0
4139.2,2,169,0,0,5,6,9,2676.09,1,1
1874.8,18,670,0,0,0,0,1,1518.27,0,0
5080.88,0,133,1,1,4,3,13,1931.02,1,1
5884.99,0,237,1,1,4,3,5,1816.85,0,1
3406.7,20,859,1,0,0,0,2,1835.7,0,0
1631.4,8,1365,0,0,0,0,5,3301.66,0,0
5298.49,13,205,0,1,0,1,2,2048.99,0,0
2066.97,22,215,0,0,0,0,3,2169.34,0,0
2451.2,10,794,0,0,0,1,5,2703.19,0,0
11785.4,2,102,0,1,4,1,5,1438.42,1,1
1618.91,19,536,1,1,2,1,2,2120.39,0,0
4154.75,17,1001,0,0,2,0,1,1745.11,0,0
14054.9,13,219,1,1,3,2,5,1800.27,0,1
2689.94,4,137,1,0,4,1,9,5747.7,1,1
1032.56,12,232,1,1,5,3,6,4872.78,1,1
1807.13,9,1444,0,0,1,0,5,1362.17,0,0
5846.22,4,34,0,1,5,2,6,1426.64,1,1
1291.63,9,1207,0,0,0,2,2,2585.35,0,0
4533.97,4,23,1,1,3,2,7,1965.54,1,1
2724.74,5,243,1,1,2,2,4,1722.38,1,1
4235.45,2,126,1,0,5,1,8,823.87,1,1
6077.46,3,87,1,1,4,4,12,2175.57,1,1
892.06,22,259,1,0,1,2,2,2988.52,0,0
2317.9,16,842,1,0,0,0,4,1372.16,0,0
1331.73,15,1375,0,0,1,0,4,5462.82,0,0
7168.6,21,8,1,0,2,4,4,4165.1,1,1
10889.43,2,112,1,1,4,2,3,1179.86,1,1
1416.84,11,677,0,0,0,0,4,1683.93,0,0
1810.7,22,863,0,0,0,0,3,1280.97,0,0
3476.76,3,20,1,1,1,0,7,1734.87,0,1
5098.97,1,55,1,1,5,3,7,610.1,1,1
6472.26,2,77,1,1,2,4,9,1901.49,1,1
2415.66,9,898,0,0,1,0,5,1823.1,0,0
4906.21,4,248,1,1,5,1,10,1721.21,0,1
1688.32,12,79,0,1,2,2,8,911.79,1,1
8518.88,2,238,0,1,3,2,8,2934.05,1,1
3641.87,1,234,0,1,3,3,8,1563.39,1,1
3561.97,5,26,1,1,2,4,2,1735.98,0,1
2204.93,13,592,0,0,0,0,4,1638.69,0,0
1238.11,18,920,0,1,1,0,1,2070.3,0,0
1260.21,21,77,1,0,0,1,3,2683.39,0,0
3205.87,0,72,1,0,5,2,13,1247.34,1,1
2268.61,18,405,0,0,0,0,1,2719.7,0,0
9048.46,5,63,0,1,3,2,8,2139.84,1,1
2071.98,12,949,0,0,0,0,8,1723.53,0,0
3697.9,3,218,1,1,3,5,7,1477.04,1,1
2549.2,4,174,1,1,2,3,10,1264.16,1,1
3197.06,4,24,1,1,4,6,8,990.46,0,1
5347.81,3,59,1,1,5,5,4,1729.9,0,1
1671.83,17,403,0,0,0,1,1,1182.02,0,0
3616.32,1,137,1,1,5,7,11,1829.33,0,1
3317.15,8,1360,0,0,0,1,2,1039.95,0,0
11566.28,6,196,1,1,1,6,8,3214.09,0,1
6620.15,2,12,1,0,4,4,8,912.86,1,1
2789.27,16,591,0,0,0,0,3,2168.09,0,0
1081.63,20,1199,0,0,0,1,2,1542.03,0,0
5653.68,1,232,1,1,4,2,11,1872.15,0,1
7422.54,5,203,1,1,4,1,8,1702.52,1,1
1189.53,8,1031,1,0,0,0,2,1209.9,0,0
1398.56,12,1256,0,0,0,1,5,2210.15,0,0
8957.65,14,212,1,1,5,3,9,1635.44,1,1
7608.1,3,89,1,0,3,2,8,2525.38,1,1
5432.29,3,163,0,1,2,1,8,2813.67,0,1
1411.64,17,1120,0,0,0,0,3,1340.18,0,0
6584.14,0,111,1,1,2,2,8,2130.0,1,1
4047.53,4,182,1,1,5,3,10,2036.37,1,1
7074.9,4,163,0,1,2,6,8,2689.6,1,1
2724.48,22,709,0,0,0,1,1,1095.23,1,0
4944.86,7,14,0,1,4,5,4,2022.0,0,1
11824.24,0,247,1,1,4,3,9,1376.36,1,1
3075.54,15,1330,0,0,0,0,2,1635.73,0,0
2334.63,12,674,0,0,0,0,0,1625.94,0,0
4252.66,21,1301,0,0,0,2,2,1360.26,0,0
2271.2,19,497,0,1,0,0,1,1614.68,0,0
7105.64,1,57,1,1,3,4,8,2047.81,1,1
1908.55,14,1437,0,0,0,0,5,1335.28,0,0
12201.12,0,136,1,1,5,2,10,2108.99,1,1
16428.29,1,19,0,1,2,4,5,3344.7,1,1
9226.83,0,24,1,1,4,3,5,1273.21,0,1
1809.95,21,715,0,0,0,0,1,1787.61,0,0
2661.73,8,1375,0,0,0,1,2,1615.22,0,0
1528.36,13,905,0,0,0,1,4,1861.56,0,0
5575.82,4,51,1,1,3,4,3,2038.8,0,1
3829.75,18,277,0,0,0,0,2,1304.48,0,0
2253.67,13,834,0,0,0,1,5,1955.93,0,0
3415.79,18,1114,0,0,0,2,2,1132.42,0,0
1165.91,9,1432,0,0,0,0,3,2064.81,0,0
10771.5,2,134,1,1,5,3,11,2229.97,0,1
2348.56,17,727,0,0,0,0,8,1735.59,0,0
9161.41,4,56,1,1,5,2,2,1732.72,1,1
4189.86,20,1450,0,0,0,2,4,1617.17,0,0
3043.56,11,550,0,0,0,1,5,1060.39,0,0
2528.75,10,1336,0,0,1,0,3,1566.34,0,0
8743.98,2,5,1,1,3,4,10,2525.92,1,1
2114.34,17,1302,0,1,0,0,2,1859.55,0,0
8642.85,2,1,1,0,3,2,3,1826.2,1,1
6693.63,12,218,1,1,3,2,3,1466.91,0,1
11700.66,1,84,1,1,5,2,3,1242.11,0,1
2347.34,21,118,1,1,1,1,6,1253.74,1,1
3019.44,8,957,1,0,0,0,3,3695.62,0,0
1436.94,10,1316,0,0,0,0,1,1296.62,0,0
6910.88,0,58,1,1,5,2,13,2965.64,1,1
8250.57,19,141,1,1,3,7,5,852.88,1,1
1820.22,14,738,0,0,0,0,4,1378.8,0,0
1692.8,8,913,0,0,0,0,0,1270.85,0,0
5955.16,4,15,1,1,5,3,11,4128.38,0,1
1904.47,22,1093,0,0,0,0,3,1169.06,0,0
801.39,11,1053,0,0,0,1,4,2474.67,1,0
5181.61,4,249,1,1,1,7,6,2106.53,1,1
3938.74,9,197,1,1,3,4,7,1975.79,0,1
1033.3,16,1405,0,0,0,0,4,1914.78,0,0
1209.35,16,1415,0,0,1,0,1,3124.77,0,0
3738.71,12,1331,0,0,1,0,3,2496.74,0,0
4816.08,9,1263,0,0,0,0,3,2043.21,0,0
7939.19,6,213,1,1,5,6,4,948.21,1,1
537.16,9,863,0,1,1,1,1,2101.74,0,0
5655.73,4,72,1,1,3,4,6,2883.34,0,1
1320.9,14,760,0,0,1,1,0,1854.71,0,0
3899.55,6,158,1,1,4,2,6,2169.84,1,1
2191.8,1,12,1,1,5,2,14,3606.65,0,1
4593.71,17,523,0,0,0,0,2,1364.06,0,0
1781.62,8,1268,0,0,0,2,2,1880.77,1,0
6698.88,5,190,1,1,4,3,4,933.98,1,1
1517.07,11,572,0,0,1,0,2,2024.4,0,0
3432.42,14,1115,0,0,0,0,2,2788.86,0,0
1963.0,12,287,0,0,0,0,3,2051.51,0,0
1789.95,13,248,0,0,0,2,1,1498.42,0,0
1713.8,20,399,0,0,0,0,3,1961.44,0,0
3939.96,16,169,1,1,4,4,6,1128.17,0,1
1853.44,22,247,0,0,2,1,4,1603.07,0,0
2338.59,20,1395,0,1,0,3,3,1631.22,0,0
9041.42,5,106,1,0,3,4,4,3326.35,0,1
3544.86,15,736,0,1,0,0,5,2209.64,0,0
1636.18,8,996,0,0,0,0,5,1949.81,0,0
1498.36,20,979,0,0,0,1,5,1911.89,0,0
3483.44,10,213,1,1,5,1,5,1036.95,0,1
12652.41,0,30,1,1,1,3,7,1964.21,1,1
1232.57,18,1242,1,0,0,0,1,1994.69,0,0
6677.54,3,150,0,1,2,2,3,1332.23,1,1
775.7,13,608,0,0,0,2,2,1929.75,0,0
2847.61,9,25,0,0,2,2,5,2924.26,1,1
2101.05,9,179,1,1,4,7,8,1775.55,1,1
5917.72,23,237,1,1,2,2,6,686.58,1,1
2726.92,2,212,1,0,1,5,10,2480.18,1,1
5167.98,18,48,1,1,4,2,8,1695.27,0,1
9192.97,0,119,1,1,5,0,4,1409.62,1,1
2644.43,21,107,0,1,1,8,7,1995.22,0,1
1906.88,21,733,0,1,0,0,6,1556.47,0,0
1296.87,16,612,0,0,0,1,3,1658.49,0,0
10272.57,2,203,0,0,5,0,9,2243.7,1,1
3232.16,10,70,0,0,0,0,2,991.15,0,0
3204.07,19,1422,0,0,1,0,5,2925.25,0,0
2078.54,13,1426,0,0,0,0,2,1375.81,0,0
2913.68,9,212,1,1,3,1,6,3798.45,1,1
764.94,20,238,0,0,0,0,2,4349.3,0,0
6418.15,3,129,1,0,5,2,8,2537.95,0,1
3597.08,3,122,1,1,4,2,6,1862.59,1,1
10644.44,1,163,1,1,1,3,9,2409.55,1,1
5469.33,2,166,1,1,5,3,5,1644.33,0,1
2016.66,22,882,0,0,0,1,3,1908.87,0,0
2012.64,14,1274,0,0,1,1,4,2145.15,0,0
1089.62,20,1001,0,0,0,1,3,1505.32,1,0
1788.18,1,44,1,1,5,3,7,1536.72,0,1
10686.68,2,151,1,1,5,3,6,2186.52,1,1
6557.53,17,232,1,1,3,4,7,2535.2,0,1
5180.97,3,171,1,1,3,3,13,1976.32,1,1
7963.34,4,76,1,1,5,5,8,1473.29,1,1
5951.28,4,28,1,1,5,3,8,1985.25,0,1
6127.65,16,92,1,1,5,3,9,2020.56,0,1
3817.29,16,1460,0,0,1,0,4,3495.61,0,0
6253.54,4,209,1,1,5,2,4,907.89,1,1
1424.91,8,1208,0,0,0,0,1,1876.34,0,0
3078.43,8,744,1,1,0,1,3,992.15,0,0
1719.52,22,1209,1,0,1,0,2,1265.13,0,0
900.2,13,263,0,0,0,1,6,1345.14,0,0
3624.13,0,154,1,1,3,2,3,1406.55,0,1
10989.75,0,212,0,1,2,2,6,1526.66,1,1
14274.3,4,182,0,1,4,2,8,1652.39,1,1
4717.5,13,143,0,0,2,6,9,886.34,0,1
8762.53,5,137,1,1,2,2,10,2240.85,1,1
1224.11,18,179,1,0,0,0,3,1902.0,0,0
1568.28,16,508,1,0,0,1,2,1804.47,0,0
2210.25,18,760,0,1,0,0,1,2423.07,0,0
975.3,10,1165,0,0,1,1,0,1399.18,0,0
4011.85,5,14,1,1,1,4,7,1054.59,1,1
10340.71,2,79,1,1,3,2,7,1998.41,1,1
7996.68,2,35,1,1,4,2,11,1449.97,0,1
7719.12,3,207,1,1,4,1,7,1634.31,1,1
2834.37,5,98,1,1,3,1,10,1047.61,0,1
1623.95,9,70,0,0,1,0,4,2230.59,0,0
3540.25,5,172,0,1,5,1,9,1511.97,1,1
2940.75,19,505,0,0,0,0,6,2090.34,0,0
2185.68,12,850,1,0,0,1,4,1199.35,0,0
5837.33,13,10,1,0,1,5,5,1393.58,1,1
2669.85,8,1163,0,0,1,0,2,4586.56,0,0
9588.09,0,170,1,0,3,3,6,2266.27,1,1
2843.31,21,192,0,0,2,1,4,1632.29,0,0
2510.82,15,429,0,0,0,0,2,1747.86,0,0
5995.66,16,426,0,0,0,1,2,1009.26,0,0
3088.42,0,243,1,1,1,1,6,2719.35,0,1
2899.22,10,426,0,0,0,1,1,1670.22,0,0
5707.87,4,176,1,1,1,4,9,1320.26,1,1
7370.88,0,145,0,0,5,3,7,2189.95,1,1
2467.22,17,649,0,0,0,1,3,852.02,0,0
8668.35,19,12,1,1,2,6,7,1618.43,1,1
784.13,15,782,0,0,0,0,4,2273.72,0,0
1379.98,20,590,1,0,0,1,5,1577.28,0,0
1894.09,3,182,1,1,3,3,4,1934.4,1,1
12113.63,13,119,0,1,4,4,9,1857.93,1,1
1048.13,13,387,0,0,2,1,2,2621.84,0,0
4051.3,1,90,1,1,3,3,7,2096.49,1,1
2147.02,10,853,0,1,0,1,2,1705.34,0,0
5668.91,4,232,1,1,5,3,6,952.53,1,1
8365.21,0,37,1,1,5,1,6,2018.34,1,1
9147.47,2,109,1,1,5,3,8,2267.34,1,1
1188.96,8,1049,0,0,1,0,5,2776.23,0,0
2703.6,0,228,1,1,5,3,7,2060.3,1,1
1278.78,12,735,0,0,0,0,4,1467.92,0,0
6488.99,2,85,1,1,4,6,4,2361.26,1,1
3391.54,2,146,1,0,5,3,10,1002.28,1,1
813.75,18,955,1,0,0,0,1,1374.05,0,0
1957.82,8,995,0,0,0,0,8,2606.04,0,0
1397.3,13,182,0,0,0,0,6,1642.16,0,0
4692.49,9,652,0,0,0,1,5,3177.81,0,0
3477.73,4,134,0,1,5,1,4,1460.91,1,1
7435.7,5,195,1,1,2,2,6,1935.3,1,1
967.06,10,912,1,0,0,0,2,2139.28,1,0
3349.77,2,206,1,1,3,3,9,3139.74,1,1
13082.53,3,166,0,1,4,1,7,1953.17,1,1
2354.9,15,1157,0,0,0,0,4,2507.04,0,0
5980.19,2,66,1,1,2,1,4,1425.19,0,1
7099.27,0,141,1,1,3,6,7,1952.4,0,1
13435.11,4,208,1,1,3,3,9,1626.73,1,1
1219.67,21,1007,0,0,0,0,5,1251.65,0,0
2005.75,20,248,0,0,0,1,2,1865.69,0,0
4775.99,2,127,1,1,3,3,9,2222.19,1,1
2277.49,15,1302,0,0,1,1,0,1341.21,0,0
7558.46,7,53,1,1,2,1,3,1079.9,1,1
5971.23,5,79,1,1,3,7,8,1398.09,1,1
1148.56,8,577,0,0,0,0,5,1308.93,0,0
1389.5,19,242,0,0,1,1,4,2146.69,0,0
6011.87,11,259,0,0,0,0,1,2310.36,0,0
9343.36,5,176,1,1,4,6,5,2589.11,1,1
3246.99,19,436,0,0,0,0,4,1179.51,0,0
1161.82,21,1082,0,0,0,0,3,1429.47,0,0
2322.19,12,901,0,0,1,0,5,2548.05,0,0
2838.88,12,1111,0,0,0,1,5,2340.57,0,0
1832.4,22,174,0,0,0,1,2,3570.7,0,0
6742.73,12,62,1,1,2,3,6,1878.51,1,1
7541.19,5,66,1,0,5,1,9,3075.24,1,1
6606.88,4,211,1,1,4,3,8,799.34,1,1
8507.71,9,204,1,1,5,3,7,1073.07,0,1
1519.32,21,449,0,0,0,1,4,1708.8,1,0
2373.86,10,1132,0,0,0,1,3,2452.19,0,0
897.29,15,456,0,0,0,2,9,1944.43,1,0
1961.49,1,129,1,1,5,4,7,1313.67,1,1
11394.92,1,111,0,1,4,1,7,2456.49,0,1
5446.68,0,73,0,1,4,2,10,1122.43,1,1
4779.25,9,582,1,0,1,0,3,2663.22,0,0
1434.17,9,60,0,0,0,0,8,1091.06,0,0
4780.53,15,105,1,1,3,6,7,1743.7,1,1
17894.67,2,229,0,1,4,2,10,3028.22,1,1
1730.55,1,192,1,1,5,3,6,1443.32,1,1
5045.05,4,163,1,1,5,1,10,1663.97,0,1
2550.47,14,189,0,0,1,0,2,1381.63,0,0
2724.83,14,375,0,0,0,0,4,2470.28,0,0
3385.37,8,1449,0,0,0,0,4,1497.87,0,0
592.56,13,1055,0,0,0,0,2,1392.95,0,0
5886.99,4,239,1,1,2,1,5,1686.89,1,1
3505.05,0,104,1,1,3,4,4,1757.99,0,1
6813.85,4,109,1,1,2,1,6,2630.08,1,1
2408.41,22,1172,0,0,0,0,3,1528.99,0,0
4877.92,10,122,1,1,4,3,9,1746.84,0,1
2002.74,9,235,0,0,0,0,0,1704.07,0,0
1599.24,19,151,0,0,0,1,2,1321.6,0,0
5759.7,0,107,1,1,2,1,10,998.29,0,1
2569.2,10,1357,0,0,1,0,3,1900.03,1,0
3305.72,11,1095,0,1,1,0,8,1369.19,0,0
1219.9,12,162,0,0,0,0,7,1910.57,0,0
4130.78,5,174,0,1,5,1,9,1563.72,1,1
4873.77,1,197,1,0,5,10,7,1567.75,1,1
3315.77,13,1409,0,0,0,1,3,2067.46,0,0
1643.77,10,835,0,0,0,2,3,1767.82,0,0
18884.59,21,91,1,1,2,4,4,2163.0,1,1
1996.74,1,29,1,1,3,2,5,2258.23,0,1
9563.49,5,167,1,1,2,2,11,1826.12,1,1
11102.47,5,104,1,1,3,3,5,1081.03,1,1
7542.02,2,238,1,0,3,4,9,1472.8,1,1
3463.9,18,62,0,0,0,1,4,2033.67,0,0
1612.07,10,1005,0,0,0,0,4,1853.57,0,0
1686.3,20,1308,0,0,0,0,2,3446.68,0,0
2481.65,10,1255,0,0,0,1,1,2819.7,0,0
1578.43,12,1486,0,0,0,0,5,2827.09,1,0
19163.6,1,180,1,1,3,3,7,2250.62,1,1
5922.89,22,1461,0,0,1,2,3,2046.23,0,0
1691.56,15,516,0,0,0,1,3,1884.04,1,0
3919.29,20,868,0,0,0,0,2,3430.55,0,0
2220.34,11,1193,0,0,1,1,3,1141.93,0,0
5984.6,20,238,1,0,1,0,6,2291.28,1,1
1301.03,13,884,0,0,1,0,3,1546.59,0,0
1419.53,16,771,0,0,1,2,1,2145.89,0,0
3810.78,4,117,0,1,3,2,7,4366.8,0,1
2508.05,3,10,0,1,5,2,9,2107.52,1,1
5103.67,21,44,1,1,1,1,7,1067.13,0,1
2069.06,15,537,0,0,0,2,3,2112.11,0,0
15664.61,1,181,1,1,1,3,8,1221.94,1,1
4513.98,2,135,1,1,4,3,10,2312.61,1,1
1873.37,15,836,0,0,0,0,4,2306.7,0,0
2700.79,10,708,0,0,0,2,3,2514.42,0,0
2138.58,21,670,0,0,0,0,5,1462.34,0,0
3985.7,15,597,0,0,0,0,5,1791.51,0,0
4650.99,1,168,1,1,5,5,10,1628.06,0,1
5387.05,1,25,0,1,3,2,5,2329.13,1,1
1566.0,10,690,1,0,0,0,1,1530.45,0,0
1486.27,10,211,1,1,3,3,10,934.44,1,1
2592.4,10,245,1,1,5,1,5,2267.6,1,1
4091.84,3,184,1,1,5,1,7,2039.61,0,1
2830.0,15,725,0,0,0,2,1,1166.15,0,0
2016.63,8,524,0,0,0,1,2,1478.26,0,0
1504.42,14,778,0,0,1,1,2,1748.42,0,0
1590.0,18,307,1,0,0,0,2,1500.33,0,0
2258.44,17,293,0,0,1,0,1,2157.09,0,0
2959.96,12,234,1,1,5,5,5,1408.46,1,1
742.18,9,1364,0,0,0,0,4,1916.62,0,0
2976.44,1,168,1,1,3,4,10,1436.31,0,1
15891.88,5,14,0,1,3,3,8,2219.49,1,1
1753.92,21,216,0,0,0,0,2,2811.09,0,0
3155.14,12,111,1,1,4,4,2,1593.16,1,1
11753.97,1,103,1,0,2,1,6,1329.62,1,1
4181.54,14,558,0,0,0,1,5,1876.8,0,0
6827.13,1,75,0,1,1,5,5,1820.47,0,1
13093.68,5,223,1,1,4,2,7,1862.3,1,1
1841.7,19,194,0,0,0,0,2,1057.08,0,0
2514.68,22,98,1,1,3,2,11,2073.8,1,1
3024.66,10,325,0,0,0,0,4,1219.39,0,0
11394.17,6,33,1,1,2,2,7,2648.48,1,1
2039.11,20,1125,0,0,1,0,3,1761.54,0,0
4177.36,20,265,0,1,0,0,5,1962.42,0,0
9065.22,4,4,1,1,2,6,8,1238.57,0,1
3381.76,13,1126,0,0,0,0,5,1620.43,0,0
22857.62,2,11,1,1,4,3,7,1532.12,1,1
3350.36,21,1300,1,0,0,1,1,1205.92,0,0
9936.64,19,200,1,1,1,4,6,2030.44,1,1
13934.43,5,206,1,1,1,2,7,1931.56,1,1
2546.14,12,146,0,0,1,1,6,1331.94,0,0
897.99,10,432,1,0,1,1,3,2024.66,0,0
557.42,11,1359,0,0,0,1,1,2403.75,0,0
1602.86,8,1060,0,0,0,0,7,1272.86,0,0
9890.66,9,38,1,1,3,2,12,2719.78,1,1
1955.32,16,392,0,0,0,2,6,1818.92,0,0
1167.18,11,682,0,0,0,1,4,2470.35,0,0
1172.68,21,983,0,0,0,1,2,3711.76,0,0
5668.43,2,182,1,1,4,1,4,2359.41,1,1
1333.58,12,354,0,0,0,1,2,1384.94,0,0
8324.8,4,66,1,1,3,4,6,3308.32,0,1
3741.28,4,57,1,1,1,1,11,1862.26,0,1
6048.09,21,178,1,1,5,3,9,2404.43,1,1
7053.64,9,22,1,1,2,2,8,784.11,1,1
1491.52,14,225,0,0,1,1,2,2695.59,0,0
4470.2,12,124,0,0,4,2,11,3128.24,1,1
1740.28,15,1474,1,0,0,0,4,1721.0,0,0
7826.36,3,164,0,1,2,2,11,2628.96,1,1
1644.81,11,615,0,1,0,0,2,1134.44,0,0
4033.09,16,62,1,0,5,1,12,1291.23,0,1
11784.04,15,124,0,1,4,2,9,779.63,1,1
4899.88,9,106,1,1,4,0,8,2749.58,0,1
2935.15,8,595,0,0,0,0,2,2671.34,0,0
5417.13,11,70,1,1,5,7,6,2239.28,0,1
4628.05,3,4,0,1,3,2,5,2824.6,0,1
2069.3,11,896,0,0,0,1,0,2004.63,0,0
7714.85,0,172,1,1,2,4,12,3168.04,1,1
2695.99,9,1089,0,0,1,1,4,1715.73,0,0
4029.24,3,77,0,1,5,4,7,928.15,0,1
3438.63,2,135,1,0,5,3,4,2779.08,0,1
2814.23,13,855,0,0,1,1,0,1331.09,0,0
1888.35,18,749,0,0,0,0,1,1333.56,0,0
1498.52,15,858,0,0,0,0,5,1418.65,0,0
9577.39,2,185,1,1,4,1,10,2870.44,1,1
1201.29,8,846,0,0,0,0,3,1079.23,0,0
4686.25,8,343,0,0,0,0,6,1825.64,0,0
3470.28,5,178,1,0,1,0,12,3626.52,0,1
4529.78,18,68,1,1,1,2,7,1328.93,1,1
5627.42,9,442,0,0,0,1,1,1736.8,0,0
6813.09,1,142,0,0,3,3,7,1666.7,1,1
1949.54,17,1412,1,0,2,0,6,2471.85,0,0
3862.21,4,71,1,1,3,4,7,2429.56,0,1
6782.09,5,38,1,1,5,4,9,2146.98,1,1
4327.8,3,83,0,1,4,3,9,1860.58,0,1
1261.13,16,610,0,0,0,0,4,2499.99,0,0
5655.85,4,76,1,1,5,3,6,1456.16,1,1
4538.59,13,58,0,1,5,3,7,2515.28,0,1
2935.73,5,181,1,1,4,2,8,1088.78,1,1
4366.09,14,373,0,0,0,0,0,1674.27,0,0
1211.2,18,1077,0,0,0,0,2,1234.02,0,0
2323.71,10,1220,0,0,0,0,3,2774.83,0,0
2329.13,19,294,0,0,1,0,1,2345.18,0,0
3323.87,21,507,0,0,0,1,3,2587.49,0,0
3768.3,4,162,1,1,4,5,17,1582.99,0,1
9302.89,5,133,0,1,5,2,3,1274.85,1,1
14871.0,5,34,1,0,5,2,13,2104.38,1,1
4139.4,19,81,1,1,2,2,9,774.28,1,1
7449.48,4,11,0,0,5,3,7,1306.62,1,1
3716.9,2,95,0,1,5,1,11,2427.48,1,1
15442.57,0,2,1,1,5,4,12,2037.09,0,1
5550.5,5,246,1,1,4,5,11,1237.16,0,1
2006.97,13,466,0,0,0,1,3,2320.01,1,0
3652.49,4,229,1,1,3,2,9,1585.33,1,1
4418.01,0,21,1,0,3,0,7,830.0,0,1
12375.27,0,28,0,1,5,5,9,1665.68,1,1
1691.09,14,1040,0,0,1,2,1,1229.45,0,0
2220.96,19,202,0,1,2,0,2,3132.24,0,0
3754.18,1,204,0,1,4,5,5,1039.01,1,1
5561.5,7,188,0,1,1,6,11,1729.0,1,1
1926.0,14,485,0,0,0,0,1,2049.59,0,0
1835.76,15,171,1,1,1,4,13,1161.85,1,1
1780.63,14,881,1,0,0,0,6,2723.07,0,0
4631.89,3,63,1,1,3,3,8,1469.94,0,1
1243.5,8,268,0,0,1,1,2,1604.2,0,0
4492.74,15,1110,0,0,0,0,1,930.29,0,0
6692.11,3,122,0,0,4,3,9,2516.2,1,1
1662.27,10,88,0,0,0,3,7,1422.25,0,0
1508.34,19,802,0,0,0,0,4,1923.53,0,0
7454.04,0,180,0,0,5,1,8,1650.79,0,1
1423.25,21,794,0,0,0,1,2,2548.62,0,0
6376.69,2,140,1,1,2,2,9,2503.32,0,1
2978.74,20,1283,0,0,0,0,1,1614.99,0,0
1633.23,10,1343,1,0,0,1,1,1447.52,0,0
2343.33,14,622,0,0,0,0,2,2647.33,0,0
4902.67,11,1040,0,0,0,1,3,1648.14,0,0
1679.22,16,1094,0,0,0,0,1,1088.77,0,0
3614.16,13,1290,0,0,0,0,3,2493.03,0,0
1169.19,10,246,0,0,1,0,5,3252.34,0,0
3615.94,16,812,0,0,0,0,2,1328.0,0,0
2738.9,10,1379,0,0,0,0,3,1560.59,0,0
3814.51,3,60,1,1,3,3,11,3090.66,0,1
2399.4,3,142,1,0,4,3,3,1186.46,1,1
4392.11,8,1371,0,0,0,0,3,1970.78,0,0
5857.35,8,172,1,1,5,2,7,1475.25,0,1
3410.68,18,482,0,0,1,0,2,1364.47,0,0
11891.34,2,233,1,1,1,3,7,965.19,0,1
5098.97,4,110,1,1,4,6,13,2423.64,0,1
3559.32,17,1144,0,0,0,0,5,2305.03,0,0
2146.53,11,253,1,0,0,0,3,2046.86,0,0
3319.89,22,106,1,1,4,2,7,2289.52,1,1
5195.52,1,58,1,1,5,3,8,3057.8,1,1
2267.34,13,1172,0,0,0,0,4,2478.91,0,0
2867.19,12,1199,0,0,0,0,2,1330.17,0,0
6582.6,5,232,1,0,2,3,8,1667.69,1,1
11650.95,4,166,1,1,3,3,7,1099.74,1,1
5901.98,3,98,1,1,2,2,8,1083.29,1,1
5759.1,6,222,1,1,3,2,5,2461.83,1,1
1928.37,9,157,0,0,0,0,3,1243.84,0,0
6107.37,0,73,1,1,2,1,6,1504.58,1,1
3875.08,4,59,1,1,3,4,5,1761.22,1,1
1774.7,12,1171,1,0,1,0,2,3388.61,0,0
1380.4,11,1421,0,0,0,0,1,2181.89,0,0
11547.13,10,41,1,1,1,1,12,1886.98,1,1
3063.41,9,995,0,1,0,1,3,1799.13,0,0
1282.77,12,82,0,0,0,0,4,1231.53,0,0
1589.43,10,282,0,0,0,0,4,2013.35,0,0
8129.5,1,143,0,1,4,5,7,2574.09,1,1
3251.67,19,954,0,0,0,1,1,2197.74,1,0
5614.01,4,1,0,1,3,2,6,1777.02,1,1
4104.06,10,1016,0,0,0,1,0,2497.51,0,0
5976.45,6,147,0,1,5,5,7,2389.66,1,1
2863.88,12,739,0,0,0,0,3,3185.92,1,0
1174.98,16,1433,0,0,1,0,5,2989.5,0,0
1320.6,14,1198,0,0,1,0,1,2174.02,0,0
20079.11,0,178,1,1,4,2,5,2180.15,0,1
1707.47,19,837,1,0,0,0,6,2855.35,0,0
2135.26,10,969,0,0,0,0,4,1058.36,1,0
1550.59,21,339,0,0,1,1,1,1496.25,0,0
3137.45,17,1362,0,0,1,0,2,1367.94,0,0
2190.64,10,951,0,0,0,0,4,2531.28,1,0
4099.22,0,205,1,0,4,9,6,1934.05,1,1
2425.13,9,1127,0,0,0,1,3,2525.49,0,0
2196.05,15,710,0,0,0,1,2,1530.05,0,0
3105.47,19,358,0,0,2,1,6,1691.53,0,0
6660.75,5,174,1,1,5,2,8,1812.94,1,1
1860.95,8,822,0,0,0,0,4,1713.64,0,0
23054.06,3,176,1,1,4,4,12,1127.41,1,1
3487.58,5,155,0,1,4,1,12,1753.7,0,1
2200.29,14,1306,0,0,0,0,2,1597.69,0,0
2394.95,21,808,1,0,0,3,4,1735.64,0,0
8173.81,1,113,1,1,5,5,5,1918.3,1,1
2449.09,8,942,1,0,1,0,4,2725.55,0,0
1614.51,5,192,1,1,5,2,9,2626.27,0,1
883.47,17,987,0,0,1,0,7,1308.79,0,0
1280.7,19,546,0,0,0,1,3,1475.93,0,0
5039.8,14,824,0,0,2,0,3,2293.23,0,0
7386.33,2,150,1,1,5,1,9,1516.32,1,1
7974.45,12,180,1,1,5,4,8,2143.07,1,1
1598.78,14,799,0,0,0,0,3,3669.87,0,0
606.42,17,531,0,0,0,0,4,2003.05,0,0
1580.69,8,235,0,0,0,0,3,870.42,0,0
8168.63,17,31,1,1,5,6,8,2228.53,1,1
4808.29,22,213,1,1,1,3,7,1869.3,1,1
2333.72,1,166,1,1,5,3,7,1446.83,1,1
6463.91,15,1334,0,0,0,1,4,2694.98,0,0
3395.08,4,198,1,1,2,2,6,2262.73,1,1
6289.46,2,11,1,1,3,3,7,1846.4,0,1
2727.86,22,322,0,0,0,1,1,1704.49,0,0
11000.33,18,30,1,1,3,1,11,1854.42,1,1
6214.72,5,112,1,1,4,2,7,1089.11,1,1
3181.9,20,882,0,1,1,0,1,1869.98,0,0
16381.71,1,205,1,1,1,2,9,2572.29,1,1
10818.65,0,181,1,1,3,3,7,2606.5,0,1
5099.3,1,183,1,1,5,3,6,2114.87,1,1
4245.09,20,92,1,1,5,2,9,1537.0,1,1
2347.03,4,155,0,1,3,6,9,1898.13,1,1
1914.66,2,240,1,1,3,1,11,1998.51,0,1
2738.02,10,704,1,0,1,0,4,2365.86,0,0
1804.49,11,438,0,0,1,0,6,1522.5,0,0
1125.93,10,151,0,0,0,0,4,959.99,0,0
9393.98,12,245,0,0,3,7,5,1605.67,1,1
1963.18,21,612,0,0,0,0,3,2346.77,0,0
1270.36,9,485,1,0,0,0,2,1876.34,0,0
12807.8,5,73,1,1,3,2,9,1252.09,1,1
3536.62,5,120,1,1,4,3,7,1234.46,1,1
2095.29,22,1442,0,0,1,1,7,3046.96,0,0
766.74,11,869,0,0,0,0,2,2139.48,0,0
1308.61,0,171,0,1,5,3,6,1481.29,0,1
3139.01,0,17,1,1,5,6,8,1872.38,1,1
2840.14,16,406,1,0,1,1,0,1981.38,0,0
1497.65,10,744,0,0,0,1,1,2149.22,0,0
1018.69,9,1120,0,0,0,0,1,2290.91,1,0
2275.54,9,175,1,1,5,4,10,2033.46,1,1
8530.02,5,75,1,1,4,1,2,2817.98,1,1
16648.97,2,74,1,1,3,2,8,2769.36,1,1
5681.35,0,187,1,1,3,3,4,1117.3,1,1
15870.08,2,145,1,1,5,3,9,2450.4,1,1
3826.78,13,1099,0,0,2,0,0,1591.17,1,0
3366.7,0,97,1,1,3,1,3,1694.82,1,1
989.3,15,1415,1,0,0,0,2,1165.86,0,0
1939.84,15,1046,0,0,0,1,1,1154.4,0,0
2505.4,10,1366,0,0,2,2,1,1876.93,0,0
19201.55,5,30,1,0,2,4,11,2501.72,0,1
4355.89,2,37,0,1,1,3,3,1426.01,1,1
3289.17,22,1011,0,0,0,0,0,1276.7,0,0
5720.48,2,22,1,1,5,2,7,1203.83,0,1
5446.28,0,168,1,0,1,4,7,1711.41,0,1
2061.7,17,928,0,0,1,1,3,2408.8,0,0
2123.33,9,760,0,0,0,0,3,2827.78,0,0
1395.21,13,444,1,0,2,2,2,1538.03,0,0
1823.52,19,1115,0,1,1,0,1,1558.51,0,0
911.1,13,719,0,1,1,0,1,2405.76,1,0
9614.26,10,142,1,0,4,1,5,1384.42,1,1
5308.63,4,43,1,1,2,4,8,1032.23,1,1
1137.82,20,551,0,0,0,0,4,3052.3,0,0
2612.34,21,471,0,0,0,0,4,3552.64,0,0
3524.25,2,98,0,1,4,6,4,1565.68,0,1
1584.37,19,967,0,0,0,0,0,1539.51,0,0
2253.08,21,721,0,0,0,0,4,1141.82,0,0
9160.63,4,49,1,1,3,3,5,3133.91,0,1
2812.14,14,214,1,1,4,3,9,1130.06,1,1
4066.65,22,69,1,1,2,3,12,2309.54,1,1
2221.87,16,1383,0,0,0,1,4,1388.12,0,0
4973.31,8,1444,1,0,1,0,6,1598.56,0,0
5356.46,0,206,1,1,3,2,5,1510.43,1,1
1851.72,21,78,1,0,0,0,0,1593.87,0,0
4016.8,2,2,1,1,3,0,7,1334.33,0,1
2682.33,20,1441,0,0,1,1,5,1671.0,0,0
4091.16,13,1452,0,0,0,1,3,1218.43,0,0
2749.45,17,1324,0,0,1,1,2,1314.83,0,0
1860.59,22,603,0,0,0,1,5,1790.33,0,0
5415.81,3,80,1,1,3,1,3,895.02,1,1
3081.09,9,642,0,1,0,0,3,1205.76,0,0
681.92,9,548,0,0,0,0,3,1838.54,0,0
20960.78,4,14,1,1,2,2,6,1554.95,0,1
4275.49,0,58,1,1,3,3,4,2518.09,0,1
7916.52,12,118,1,0,2,3,7,1770.14,0,1
12955.65,4,108,1,1,4,3,9,2089.75,0,1
5071.19,4,86,1,1,3,2,9,2435.55,1,1
1972.48,14,670,0,0,0,1,0,2104.3,0,0
1748.21,19,575,0,0,0,1,3,2104.5,0,0
6188.72,0,48,1,1,2,6,5,1725.68,1,1
2455.93,21,85,0,0,0,0,6,2537.54,0,0
3924.55,20,1090,0,0,0,0,5,823.55,0,0
2022.98,8,1129,0,0,1,0,3,987.98,0,0
6475.09,1,3,1,1,2,4,4,1863.03,1,1
1393.58,10,238,0,0,0,0,4,1480.27,1,0
2673.04,14,260,0,0,0,0,0,2571.43,0,0
4387.37,0,144,1,0,5,9,14,1687.35,0,1
2854.76,18,623,0,0,0,0,5,1305.93,0,0
10217.84,2,117,0,0,3,1,8,1139.03,1,1
1661.19,9,1079,0,0,0,2,2,1649.29,0,0
3923.53,9,1113,1,0,0,1,6,1850.79,0,0
2535.81,14,1237,0,0,0,0,1,2240.91,0,0
1168.69,18,1475,0,0,0,0,7,2055.12,0,0
8722.77,5,55,0,1,1,2,0,1634.83,1,1
2660.23,13,375,0,0,1,1,2,2670.88,0,0
4404.68,20,63,1,1,4,1,15,1981.06,1,1
6953.05,17,123,1,1,3,2,7,1878.52,1,1
2226.26,21,510,0,0,1,0,2,1646.99,0,0
4752.77,8,136,0,0,0,1,1,1561.93,0,0
1726.32,18,345,0,0,0,0,4,2181.95,1,0
11589.58,3,130,1,1,2,1,6,2646.28,0,1
4954.58,13,137,0,1,2,0,4,1787.02,0,1
6098.54,5,142,1,1,5,2,5,1672.01,1,1
2434.57,13,1112,0,0,0,0,1,2137.35,0,0
2225.92,19,447,0,0,1,1,5,1122.77,0,0
3353.31,10,850,0,0,0,0,0,2356.05,0,0
3693.84,22,1019,1,0,0,0,2,1520.69,0,0
9807.97,4,232,1,0,4,5,8,1114.83,1,1
1660.13,16,281,0,0,0,0,5,1903.07,0,0
1789.59,14,716,0,0,0,1,5,2852.98,0,0
1973.39,9,1167,0,0,0,0,4,1674.08,0,0
2979.97,0,43,0,1,4,3,6,1061.07,1,1
9555.22,2,9,1,1,3,5,3,2078.84,0,1
8435.72,3,20,0,1,1,3,4,1249.99,1,1
9586.85,0,67,1,1,4,4,5,1611.41,0,1
5855.0,0,141,1,1,5,0,11,1581.38,1,1
1979.91,20,1054,0,0,0,0,5,2582.41,0,0
1512.5,14,253,1,0,1,1,3,2173.22,0,0
1913.21,17,780,0,0,2,0,5,1224.45,0,0
1746.07,17,1480,0,0,0,0,2,1467.72,0,0
5334.4,3,6,0,1,4,1,11,2786.17,1,1
8389.05,5,1,1,1,3,3,4,985.11,0,1
652.87,12,510,0,0,1,0,1,1632.21,0,0
11017.27,2,210,1,1,2,4,4,1865.58,1,1
3163.45,9,268,0,0,0,1,3,1472.54,0,0
1360.11,15,1380,0,0,0,0,3,949.62,0,0
4369.53,13,214,1,1,3,5,5,1875.23,1,1
6748.03,5,208,1,1,5,4,8,1904.12,1,1
2960.66,11,218,0,0,0,1,4,1390.38,0,0
1483.79,16,234,0,0,0,1,2,2208.99,0,0
4470.29,3,66,1,1,4,1,13,2365.41,1,1
22804.23,21,103,1,1,5,1,8,2167.54,1,1
4124.7,0,244,1,1,3,2,7,907.89,1,1
6491.82,13,121,1,0,4,5,9,1944.13,1,1
2277.94,8,133,1,0,0,1,1,2252.74,0,0
1249.39,8,1276,0,0,0,1,2,2061.0,0,0
11688.43,21,33,1,1,5,0,8,1627.16,1,1
2975.34,1,164,1,1,3,1,6,1146.25,1,1
8992.76,0,11,0,1,4,5,15,2516.33,1,1
2273.74,23,91,1,0,3,1,16,1740.66,1,1
1182.04,18,1358,0,0,0,0,0,2693.35,0,0
1089.59,13,231,1,0,2,0,2,1327.32,0,0
6697.18,0,116,1,1,1,1,10,2641.2,1,1
2116.97,8,1388,0,0,0,0,6,2179.17,0,0
2642.25,2,15,1,1,2,3,3,1894.01,1,1
929.87,9,439,0,0,0,0,1,994.67,0,0
2550.16,11,660,0,0,0,0,2,1970.15,0,0
5478.73,2,128,1,1,5,4,5,2198.13,1,1
1419.09,22,640,0,0,0,0,4,2410.37,0,0
4038.34,5,201,1,0,4,2,5,1426.45,0,1
3490.32,12,588,0,0,0,1,1,1318.95,0,0
4001.6,1,67,1,1,5,1,10,1600.64,0,1
2103.45,3,3,1,0,1,3,8,1469.02,1,1
2437.58,0,190,1,1,4,4,5,1151.35,0,1
5339.64,9,44,1,1,5,3,9,1617.38,0,1
2270.64,9,1010,0,0,0,0,1,1749.68,0,0
1310.18,16,632,0,0,0,0,4,1300.44,0,0
1302.32,10,1420,1,0,0,1,1,2061.7,0,0
7625.94,1,168,0,1,3,6,6,1409.84,1,1
11206.61,0,114,1,1,5,3,14,2190.05,1,1
1360.32,8,810,0,0,0,0,1,820.62,0,0
15896.58,1,234,0,1,5,5,10,2223.81,0,1
4684.5,3,17,1,1,4,7,4,2584.21,1,1
12171.11,5,40,1,1,4,3,10,3515.82,0,1
10538.59,0,205,1,1,2,1,10,2185.79,1,1
2792.97,15,342,0,0,0,1,5,2777.96,1,0
13598.24,4,52,1,0,1,4,5,1171.63,1,1
3076.6,3,5,1,1,2,2,6,1794.32,1,1
1404.18,21,245,1,0,0,0,2,1176.48,0,0
3831.52,1,87,1,1,2,3,12,1826.11,1,1
7493.83,17,926,0,1,0,1,3,771.83,0,0
6270.54,1,161,1,1,4,2,11,3484.43,0,1
3882.66,3,46,1,1,4,4,5,1496.44,1,1
2443.26,18,293,0,0,0,0,5,1763.71,0,0
12187.3,3,133,1,1,5,4,12,987.63,1,1
10271.6,0,163,1,1,4,5,6,1122.72,1,1
1837.88,9,120,0,0,1,0,3,1545.05,0,0
3839.69,9,93,0,1,4,1,14,2438.84,1,1
1729.31,11,1119,1,0,1,1,3,999.69,0,0
1203.56,19,140,1,0,0,0,4,1811.59,0,0
3502.29,11,138,0,0,0,0,3,1101.37,0,0
1859.43,17,999,0,0,0,0,2,3526.9,0,0
5914.06,3,163,1,0,3,3,13,1656.68,1,1
1290.63,20,1376,0,0,0,1,5,2846.5,0,0
3838.63,18,217,0,0,2,0,6,2214.75,0,0
2379.81,19,1113,0,0,1,0,2,1563.33,0,0
5106.62,1,46,1,1,1,3,6,1492.8,1,1
5294.45,5,145,0,1,2,2,3,1375.27,1,1
1505.17,10,110,0,0,0,1,4,1714.38,1,0
7116.98,1,80,1,1,1,2,6,2471.53,0,1
10066.57,3,21,1,0,2,1,8,1966.04,1,1
7832.17,0,177,1,0,2,2,10,1119.79,1,1
8007.92,1,15,1,1,4,3,9,1206.21,1,1
4968.21,14,187,1,1,4,3,8,2357.36,1,1
1959.68,21,1247,0,0,0,0,2,3198.8,0,0
1593.86,12,583,0,0,1,0,1,1447.41,1,0
5609.23,0,131,1,1,1,5,10,1755.67,0,1
1949.71,14,1023,0,0,0,1,4,1852.57,0,0
986.35,17,991,0,1,0,0,2,1827.16,1,0
1440.68,11,1264,0,0,1,0,3,2888.17,0,0
1755.33,9,392,0,0,0,0,2,2751.94,0,0
2250.77,18,367,0,0,0,1,3,2718.62,0,0
9415.22,0,242,1,0,2,4,8,4690.52,0,1
1502.54,14,1088,0,0,0,4,5,2985.66,0,0
4951.41,2,36,1,1,5,5,9,2364.53,0,1
4426.79,0,237,1,0,1,4,8,1615.82,0,1
11653.2,1,7,1,1,4,4,11,2040.56,1,1
1781.08,13,284,0,0,0,0,2,4483.6,0,0
1768.21,14,1122,0,0,0,0,3,1905.07,0,0
7922.11,4,156,1,1,5,3,7,867.59,0,1
6261.84,1,18,1,0,5,2,6,1934.43,1,1
4349.01,20,996,0,0,1,0,0,1304.41,0,0
1111.8,17,76,0,1,0,2,5,2770.99,0,0
3753.54,9,230,1,1,5,4,3,2427.09,1,1
5131.55,21,37,0,1,5,4,6,1673.28,1,1
9120.97,3,186,1,1,4,4,8,1029.49,0,1
2558.32,11,725,0,0,0,2,5,1914.02,0,0
2468.01,11,190,0,0,0,0,6,1340.71,0,0
2136.27,15,639,0,0,0,1,4,1962.63,1,0
2512.99,15,43,1,1,4,3,6,2910.61,1,1
3041.11,11,1024,0,0,0,0,4,1271.54,0,0
2157.53,18,75,1,1,3,3,10,1947.67,0,1
2799.47,22,1480,0,0,0,0,3,1372.82,0,0
4185.37,5,128,1,1,1,2,9,1560.02,1,1
3653.41,3,70,1,1,3,4,7,2824.07,1,1
25968.15,8,171,1,1,4,5,10,1331.94,0,1
2214.78,8,274,0,0,1,1,1,1299.83,1,0
5147.72,5,137,1,1,5,2,4,2629.31,0,1
12251.21,15,65,1,1,5,4,4,1269.05,0,1
3000.79,3,16,1,1,3,4,13,2676.27,1,1
7350.7,3,176,1,1,3,2,12,2120.35,1,1
1910.28,13,1261,0,0,0,2,2,1344.12,0,0
4403.43,13,176,1,1,2,4,11,3161.63,1,1
6191.06,0,154,1,1,3,7,9,893.56,1,1
6775.73,19,76,1,1,3,1,10,2270.02,1,1
5434.09,1,191,1,1,4,1,11,1544.95,0,1
7292.23,2,105,1,1,4,4,7,2702.59,1,1
7353.62,1,96,1,1,2,3,4,1113.94,1,1
7716.98,10,150,0,1,2,3,5,1165.66,0,1
2349.25,18,699,0,0,0,1,2,1159.34,0,0
3605.27,11,1323,0,0,0,0,3,1307.61,0,0
2566.45,11,180,1,0,3,4,9,1126.88,1,1
1557.21,18,81,0,0,0,0,4,1610.31,0,0
4475.63,20,138,1,1,1,0,10,1832.9,0,1
3816.13,7,97,1,1,3,1,10,1393.07,0,1
3859.71,4,174,0,1,5,4,7,1504.07,0,1
4636.31,16,169,1,1,4,6,5,1408.83,1,1
8655.89,0,74,1,1,4,2,5,1499.18,1,1
1658.09,21,1232,0,0,0,0,4,3122.04,0,0
1783.2,13,1145,0,0,2,0,5,745.44,0,0
1347.03,16,469,0,0,0,2,4,1208.46,0,0
5564.34,4,193,1,0,2,2,7,949.52,1,1
1487.17,9,314,0,0,1,0,4,1944.17,0,0
3091.69,14,1285,0,0,0,1,4,3050.17,1,0
4010.15,1,194,1,1,2,5,9,1397.53,1,1
3609.56,0,210,0,1,3,4,13,1994.47,1,1
2797.03,12,1180,0,0,1,2,4,2222.21,0,0
1423.29,10,937,0,0,0,0,5,1522.48,0,0
5328.8,2,112,1,1,1,1,9,957.13,1,1
1324.7,18,718,0,0,0,0,1,1757.82,0,0
14746.87,0,26,1,0,4,2,10,1543.67,1,1
1680.85,11,609,1,1,0,1,2,951.45,0,0
5223.17,10,218,1,0,1,4,6,2517.55,1,1
2456.75,4,92,1,1,2,6,13,2681.69,1,1
10801.17,15,68,1,1,5,0,10,1255.01,0,1
1672.29,17,1029,0,0,1,1,1,2349.54,0,0
2497.87,8,587,0,0,0,0,0,2319.71,0,0
1652.89,11,352,0,0,0,0,5,1584.5,0,0
1276.28,20,410,0,0,0,0,0,2545.79,0,0
4939.12,20,94,1,1,2,4,11,2213.5,0,1
2276.77,11,696,1,0,0,0,2,666.99,0,0
1646.08,9,1463,0,0,0,0,1,1318.65,0,0
10861.98,0,41,1,1,4,2,9,2560.02,1,1
3010.25,1,96,1,1,1,2,9,1690.64,1,1
1008.13,22,131,0,0,0,0,2,1285.12,1,0
1547.89,21,241,0,0,0,1,5,1868.37,0,0
9989.77,18,95,0,1,5,3,9,2103.32,1,1
8300.66,3,120,1,0,5,4,6,948.64,1,1
3403.66,21,1354,0,0,1,0,1,1153.35,0,0
1154.89,22,379,0,0,2,1,4,1602.53,0,0
2352.52,8,584,0,0,1,1,1,1348.54,1,0
6667.08,12,129,1,1,5,1,7,1071.13,0,1
7250.44,3,119,1,1,3,3,4,2902.32,0,1
3087.29,16,575,0,0,0,0,3,1234.15,0,0
1433.39,19,1210,0,0,0,0,6,1543.04,0,0
4880.55,13,684,0,0,0,1,3,2331.78,0,0
2743.64,19,667,0,1,0,0,0,2256.81,0,0
1960.55,20,1059,1,0,0,1,3,1173.64,0,0
3561.95,12,207,0,1,5,2,11,1179.33,1,1
9494.26,5,194,1,1,5,4,10,1427.58,1,1
1244.02,10,485,0,0,0,0,3,2044.06,0,0
10143.61,4,220,0,1,1,2,10,2061.06,1,1
2826.99,15,138,0,0,0,1,1,2171.78,0,0
815.43,13,514,0,0,0,0,3,1499.19,0,0
8806.18,3,159,1,0,3,2,7,1615.56,1,1
6971.3,5,54,0,1,3,3,8,1916.86,0,1
4180.52,4,197,1,1,4,7,6,1644.22,1,1
3652.36,3,213,1,1,3,3,9,1235.0,1,1
2121.15,21,1251,0,0,0,0,4,1200.97,0,0
2162.84,15,879,0,0,2,1,4,1948.33,0,0
1330.48,9,560,0,0,0,1,3,2141.69,0,0
5793.17,23,174,1,1,3,3,8,2144.65,1,1
2458.95,3,66,1,0,4,3,15,2113.7,0,1
3425.04,11,307,0,0,0,3,4,3473.23,0,0
6575.94,8,31,0,1,5,3,10,1613.89,0,1
7715.73,1,178,1,1,5,5,5,2953.06,1,1
5608.39,12,56,1,1,5,3,8,2974.09,1,1
3456.23,2,17,1,1,2,6,5,1273.71,0,1
1277.02,17,996,0,1,0,1,5,1051.02,0,0
22127.33,16,147,1,1,2,3,8,1775.1,1,1
1574.08,21,453,0,0,0,0,6,1674.98,0,0
9375.79,2,229,1,1,1,2,8,1788.93,1,1
7521.4,1,108,1,1,5,4,3,1059.02,1,1
3719.01,8,320,1,0,0,0,3,1280.65,0,0
2362.55,18,787,0,0,1,0,1,1879.96,0,0
4790.06,4,163,1,1,3,3,5,1272.26,1,1
9281.78,0,21,1,0,5,2,8,1971.66,1,1
1725.63,19,1181,0,0,0,1,2,1443.64,0,0
1156.4,19,880,0,0,0,0,3,1801.47,0,0
4575.03,3,2,1,1,1,2,9,3072.5,0,1
4069.63,14,182,0,1,2,4,9,1659.7,1,1
1655.99,8,1266,0,1,0,1,1,2522.04,0,0
2095.79,0,24,0,1,3,2,10,1118.94,1,1
1716.94,17,1271,0,0,0,1,2,1934.71,0,0
3788.19,5,229,1,0,3,4,9,1310.29,1,1
3342.81,1,66,0,1,2,7,9,2111.34,1,1
1675.07,12,1081,0,0,0,1,4,1589.68,1,0
2626.31,14,1455,0,0,1,0,1,2475.82,0,0
4228.9,4,155,1,1,5,2,7,1854.13,1,1
5187.37,0,140,1,1,3,2,6,1816.78,1,1
2477.2,1,176,1,1,5,3,8,1515.28,1,1
3312.43,16,627,0,0,1,2,0,1566.62,0,0
1633.32,19,1100,0,0,1,0,3,1154.71,0,0
1421.25,18,718,0,0,0,0,3,1150.74,1,0
1044.68,18,815,0,0,2,0,2,1810.41,0,0
2963.71,14,105,1,0,0,0,4,970.29,0,0
26319.08,0,24,1,1,5,8,13,3356.08,1,1
4789.12,10,222,1,0,2,2,8,1652.11,0,1
7611.18,0,224,1,1,3,5,9,2388.78,1,1
1648.41,8,901,0,0,1,1,3,2024.72,0,0
1237.92,12,1380,0,0,0,0,4,2545.89,0,0
1492.91,19,416,0,0,0,1,3,3605.44,0,0
6886.48,0,179,1,1,4,5,10,2015.35,1,1
2512.22,0,84,1,0,3,1,9,1052.41,1,1
2284.07,14,515,0,0,0,0,2,1954.21,0,0
1082.98,17,1032,0,0,0,0,0,1417.84,0,0
2186.29,14,875,0,1,0,0,3,1417.33,0,0
2727.19,13,339,0,0,0,0,2,2028.86,0,0
4441.51,0,198,0,0,4,3,9,2745.98,1,1
2553.08,12,326,1,0,0,0,4,2367.91,0,0
9349.04,3,125,1,0,5,8,3,1223.24,1,1
12805.65,3,11,1,1,4,7,13,2204.86,1,1
1776.97,20,404,0,1,0,1,2,1504.71,0,0
5687.0,4,98,0,1,4,3,9,1693.07,0,1
2392.33,21,657,1,0,0,0,4,2273.37,0,0
1939.9,0,63,1,1,3,2,8,2609.35,0,1
3353.6,20,963,0,0,0,0,2,1925.01,0,0
8998.37,2,156,0,0,4,3,8,2011.49,1,1
2481.58,15,1266,0,0,0,1,0,2024.56,1,0
9829.52,16,51,1,1,3,5,8,2243.02,0,1
2211.4,16,1044,0,0,0,0,4,1134.2,0,0
2212.04,17,852,0,0,0,1,3,2578.94,1,0
9098.01,23,123,1,1,5,4,7,1587.37,1,1
5387.35,15,1278,0,0,0,0,8,1779.88,0,0
2085.46,22,1463,0,0,0,1,3,1603.68,0,0
1488.97,13,1240,0,0,0,0,4,1274.79,0,0
1542.72,20,1006,0,0,0,1,3,1980.3,0,0
1737.96,21,1138,0,0,0,1,1,2998.23,0,0
15636.57,2,89,0,1,3,2,6,2235.52,0,1
1906.55,18,636,0,0,0,1,4,1087.88,0,0
9226.06,7,150,1,1,3,4,6,1028.05,1,1
1817.82,20,1172,1,0,1,1,4,2284.32,0,0
3935.13,22,640,0,0,0,3,3,2006.25,0,0
13259.86,3,84,1,1,2,2,12,2317.58,1,1
10972.68,2,1,0,1,5,1,4,1511.59,1,1
2814.45,19,1189,0,0,1,1,4,2298.98,0,0
3584.18,2,204,1,0,5,3,8,1876.4,1,1
3224.29,22,786,0,0,0,0,1,1920.2,0,0
2862.06,8,1253,1,0,0,0,1,1125.76,0,0
6468.37,1,20,1,1,4,4,5,2678.02,1,1
3017.25,22,613,0,0,0,0,5,1785.06,0,0
1604.84,15,1323,0,0,0,0,2,1904.37,0,0
19137.98,16,43,1,1,1,0,7,1925.57,0,1
791.78,17,350,0,1,1,0,3,3975.46,0,0
912.85,14,1013,0,0,0,0,5,1854.42,0,0
18349.19,4,207,1,0,2,1,5,2456.76,0,1
3255.99,17,158,1,0,0,0,3,2744.95,0,0
4623.36,2,94,1,1,3,3,15,2657.28,1,1
8249.3,3,140,1,1,5,2,10,1286.08,1,1
11387.39,8,198,0,1,3,2,9,1066.42,1,1
4926.73,3,7,1,1,3,2,3,2998.73,1,1
1583.97,11,1469,0,0,0,1,4,1261.39,0,0
1168.84,19,396,0,0,1,0,0,2968.25,1,0
3302.21,4,244,1,0,4,4,3,2119.24,1,1
4545.66,3,181,1,0,3,5,11,1159.51,0,1
4188.53,16,1334,0,0,0,1,2,1948.58,0,0
10441.11,2,191,0,1,4,0,11,2619.91,1,1
5879.39,1,230,1,1,5,6,5,881.62,0,1
2013.1,16,164,0,0,0,1,0,1730.56,1,0
4228.97,3,222,1,1,2,1,5,2459.01,1,1
1698.71,11,1453,0,0,0,0,2,1755.01,0,0
902.44,9,187,0,0,0,0,3,2426.84,0,0
1751.41,18,1256,0,0,0,1,5,3351.65,0,0
1492.36,8,481,0,0,0,0,2,1535.73,1,0
4775.32,14,138,1,1,5,1,6,1663.32,1,1
7265.67,4,89,1,1,2,2,12,1685.14,1,1
2595.2,15,1389,0,0,0,0,4,1294.05,0,0
7132.02,18,85,0,1,3,3,7,1777.63,1,1
8781.63,2,93,1,1,5,3,5,1600.17,1,1
969.02,10,887,0,0,0,0,4,817.93,0,0
17444.45,3,122,1,1,2,1,8,1934.31,0,1
2035.82,12,327,0,1,0,0,9,3270.36,0,0
2847.04,5,89,1,1,3,2,10,1105.18,0,1
1353.14,16,420,0,0,0,0,5,6170.38,0,0
11251.45,1,242,1,1,2,5,10,3713.64,0,1
15250.52,1,64,1,1,1,3,11,949.24,0,1
1737.5,10,1245,0,0,0,1,5,1430.51,0,0
7242.71,6,241,1,0,4,2,5,1245.56,0,1
1346.01,18,638,0,0,0,0,3,2712.33,0,0
1609.25,15,1346,0,0,0,0,2,1564.07,0,0
767.89,11,330,0,0,0,0,5,2954.0,0,0
2058.88,15,1343,0,0,0,1,3,2587.78,0,0
2498.69,20,578,0,0,0,0,2,1521.47,0,0
1241.73,13,1446,1,0,0,2,4,2348.75,0,0
2190.06,9,90,0,0,0,0,5,1401.68,0,0
10637.11,11,183,1,1,4,2,11,1383.34,1,1
3869.19,20,90,1,0,0,0,8,1202.48,0,0
5852.14,18,223,0,1,2,4,7,2298.9,0,1
6698.44,2,179,1,1,1,5,13,2741.83,1,1
4290.91,3,123,1,1,5,5,5,1366.18,0,1
2629.19,11,552,0,0,0,2,1,4122.73,0,0
2660.43,17,145,1,1,4,3,8,1937.74,0,1
12132.38,0,193,1,0,5,10,8,1558.33,1,1
4223.71,10,107,0,0,0,0,4,1173.65,0,0
5227.76,3,34,1,1,4,5,10,1520.25,1,1
9735.81,3,83,1,1,2,3,10,2302.48,1,1
1770.89,19,1231,0,0,0,0,3,2767.07,0,0
2050.06,10,691,0,1,0,1,2,1995.19,0,0
6053.57,0,18,1,1,5,7,5,1389.6,0,1
10442.12,4,167,1,1,2,2,9,2369.66,1,1
1343.67,13,273,0,0,0,0,4,1566.94,0,0
750.48,11,1011,0,0,0,0,5,2180.74,0,0
1329.82,14,1468,0,0,0,0,1,1276.65,1,0
2717.63,19,1265,0,0,0,1,2,2579.62,0,0
1209.02,9,1156,0,0,0,2,2,2056.27,1,0
1413.21,9,702,0,0,0,0,2,1845.43,0,0
2630.84,19,177,0,0,0,2,0,1214.83,0,0
2017.49,14,188,0,0,0,0,3,925.65,0,0
9172.92,1,201,1,1,4,1,5,3023.26,1,1
7618.93,3,123,1,1,2,4,7,3949.6,1,1
3353.79,19,1415,0,0,0,0,1,1959.75,0,0
2577.72,11,631,0,0,0,0,3,2129.16,0,0
1682.24,20,465,0,0,0,1,5,2118.12,0,0
6281.82,19,65,1,1,1,4,4,1774.96,1,1
1299.84,8,983,0,0,0,0,1,1919.03,1,0
2381.74,19,636,0,0,0,0,2,1280.79,0,0
2124.47,17,568,0,1,1,3,1,2585.32,0,0
13441.56,2,215,1,1,3,5,8,2071.89,1,1
21331.35,21,167,1,0,2,7,9,1384.32,0,1
1722.99,17,280,0,0,0,0,7,1706.8,1,0
2296.71,13,799,0,0,0,1,4,1809.96,0,0
1860.53,19,616,0,0,2,0,3,1883.97,0,0
5548.46,19,211,1,1,3,3,10,1409.71,1,1
12635.2,0,156,1,1,3,6,6,954.04,1,1
4390.05,1,206,1,1,4,3,10,1435.96,1,1
7784.53,5,96,1,1,2,1,7,2152.51,0,1
789.59,11,1039,0,0,0,0,3,2134.0,0,0
3031.2,8,1000,0,0,0,0,3,2014.78,0,0
7440.45,4,134,1,1,5,3,3,1981.51,0,1
3232.61,4,122,1,1,1,3,4,2009.92,1,1
1809.56,1,71,1,1,4,2,8,2430.33,1,1
1748.16,9,150,0,0,0,1,5,1917.69,0,0
4059.54,2,168,1,0,2,4,13,2392.53,0,1
3744.87,5,172,0,0,3,5,12,2014.65,1,1
5174.9,5,191,1,0,5,3,9,1341.4,1,1
2722.7,11,1037,0,1,0,0,2,2360.39,0,0
7769.69,3,239,1,1,3,5,14,2047.49,1,1
6342.16,1,45,1,1,3,7,6,1689.26,1,1
2816.16,13,1340,1,0,0,0,5,1407.18,0,0
2135.35,10,550,0,0,0,0,1,4083.8,0,0
2538.77,11,64,1,1,4,4,11,2787.92,1,1
1802.49,20,813,0,0,1,0,5,1347.85,0,0
2232.06,20,683,0,1,0,1,3,3177.0,0,0
2394.69,13,122,0,1,0,0,2,1401.46,0,0
993.25,16,1319,0,0,0,0,4,1788.04,0,0
7175.79,15,11,0,1,3,4,7,2339.57,1,1
8566.04,3,76,1,1,3,5,9,2454.82,1,1
6368.09,15,106,1,1,5,3,4,1236.39,1,1
4031.0,2,160,1,1,5,1,3,1222.5,1,1
4229.35,2,224,1,0,4,2,8,2207.79,1,1
1547.27,14,1029,0,0,0,0,4,3007.95,1,0
4137.16,15,157,1,0,1,4,5,1443.92,0,1
2432.38,14,638,0,0,0,2,3,2030.12,0,0
10937.41,1,201,1,1,5,3,7,1984.46,1,1
1568.71,18,796,0,0,0,0,5,1531.89,1,0
2889.95,22,1416,0,0,0,0,5,1701.29,0,0
3670.24,22,233,0,0,0,0,2,2048.49,0,0
1002.8,21,1308,0,0,0,0,1,3077.79,0,0
10919.15,5,33,1,1,4,1,8,2420.81,1,1
2358.87,9,1212,0,1,0,0,2,1209.99,0,0
2867.98,3,34,1,1,4,3,14,2380.04,1,1
1687.15,14,1119,0,1,0,1,2,2263.04,0,0
2490.28,19,1463,0,0,0,1,2,2223.67,0,0
2106.86,9,600,0,0,2,0,2,1671.37,0,0
5742.07,1,168,1,1,5,2,9,3406.71,1,1
2001.62,10,174,0,0,0,0,2,1892.9,0,0
3410.79,1,45,1,1,3,2,6,3382.36,0,1
17492.72,5,181,0,1,5,4,12,1342.09,1,1
1044.37,18,548,0,0,1,1,3,2050.13,0,0
4224.04,1,37,1,1,5,3,9,1013.76,0,1
4510.4,12,1141,0,0,0,0,2,2172.61,0,0
740.39,10,421,0,0,0,1,0,2867.96,0,0
1872.2,5,115,0,1,2,5,4,2297.64,1,1
11104.46,4,142,1,1,3,5,10,2577.42,1,1
1367.42,16,848,0,0,0,1,1,1385.98,0,0
2989.56,4,75,1,1,5,3,10,1532.73,0,1
1243.72,17,1486,0,0,0,0,2,2303.01,0,0
1850.73,10,895,0,0,0,0,1,1149.28,0,0
1012.59,9,160,0,0,2,0,3,1115.85,0,0
4024.98,16,1417,0,0,0,1,3,1487.18,0,0
2332.39,20,1225,0,0,1,0,7,1573.96,0,0
1356.05,17,673,0,0,0,0,3,3269.55,0,0
1944.8,19,761,1,0,0,0,7,1312.06,0,0
7450.54,1,169,1,1,5,3,8,2717.48,1,1
2100.62,11,881,0,0,0,0,0,771.71,0,0
4450.76,8,246,1,0,5,1,7,2085.04,1,1
1557.66,21,217,0,0,0,0,2,991.65,0,0
6124.42,3,175,1,1,5,2,9,2077.83,1,1
1384.46,19,754,0,0,0,0,3,1383.27,0,0
16817.6,2,150,0,1,5,6,6,1399.18,1,1
805.88,20,391,0,0,0,0,2,1412.65,0,0
7052.66,3,71,1,1,5,5,4,1026.46,0,1
2318.77,15,853,0,0,0,1,3,2216.62,0,0
872.69,11,226,0,0,0,0,2,1401.28,0,0
1626.61,14,485,1,0,0,0,1,1425.89,0,0
843.07,17,1087,0,0,1,0,5,978.29,0,0
6399.59,3,154,1,1,3,2,10,1555.32,1,1
3562.29,13,131,0,0,0,1,2,3333.64,0,0
1569.16,14,883,0,0,1,1,4,1284.35,0,0
5913.47,5,145,0,1,4,1,8,2056.3,1,1
3742.49,20,776,0,1,0,0,4,2169.53,0,0
3355.16,11,466,0,0,0,1,5,2721.61,0,0
2731.8,13,110,0,0,1,0,2,1112.59,0,0
2870.5,1,117,1,1,5,3,10,2078.14,0,1
6644.53,4,115,1,1,5,4,7,1132.22,1,1
4122.15,2,219,1,1,1,4,7,986.38,1,1
4200.17,0,16,1,1,5,2,6,3005.23,1,1
23690.38,1,11,1,1,3,2,8,1313.64,1,1
9676.63,4,151,1,1,5,3,10,2095.89,1,1
1055.7,16,641,0,0,1,0,2,1463.52,0,0
12857.26,2,124,1,1,3,2,9,1425.04,1,1
3090.12,20,492,0,0,0,1,5,1868.72,0,0
8216.53,2,158,0,1,2,5,1,2739.82,1,1
2312.86,12,60,0,0,0,0,1,2580.24,0,0
1646.94,10,501,0,0,1,0,2,1660.32,0,0
8935.05,5,216,1,0,5,2,6,1579.32,0,1
1768.79,13,1159,1,0,0,0,4,3379.49,0,0
13721.08,1,239,1,1,5,0,7,1966.49,0,1
9101.79,0,183,0,0,4,5,19,1260.93,1,1
1712.42,9,911,0,0,0,0,3,1027.11,0,0
5781.77,15,37,1,1,3,8,7,3265.65,1,1
3478.66,22,457,0,0,0,1,1,2930.64,0,0
4495.97,4,51,1,1,5,3,7,1433.78,0,1
11312.21,3,218,1,1,2,3,7,2334.06,0,1
7159.0,1,63,1,1,5,3,12,3257.1,0,1
3532.99,20,165,1,1,4,2,5,2555.16,0,1
3436.0,12,322,1,0,1,0,3,2059.92,0,0
1557.79,19,1333,0,0,0,0,3,1347.53,0,0
3266.6,0,24,0,1,5,3,8,1743.55,0,1
3423.59,0,182,1,1,5,2,7,1518.83,1,1
1709.12,11,1024,0,1,0,2,2,951.11,0,0
14186.39,1,61,0,1,3,5,8,1268.25,1,1
1207.73,11,1146,0,0,1,2,2,1857.72,0,0
2500.93,22,1462,0,0,0,0,2,2480.18,0,0
1280.21,17,761,1,0,0,0,0,1093.33,1,0
6339.84,12,52,0,1,5,4,10,2956.05,1,1
1020.72,17,1384,0,0,0,0,3,2885.25,0,0
1498.74,18,1256,0,1,0,1,4,2467.21,0,0
7032.46,5,238,1,1,5,3,7,2830.6,0,1
868.74,15,975,0,0,1,0,2,1787.08,0,0
8862.15,5,124,1,1,3,2,9,1097.78,1,1
7503.63,22,164,0,1,5,3,8,1722.12,1,1
6735.52,16,1164,1,0,0,0,3,1985.63,0,0
5400.11,8,70,1,1,5,2,10,837.62,0,1
7762.99,3,237,0,1,1,4,7,2127.92,1,1
3282.58,3,192,1,1,4,4,7,1416.86,1,1
1188.58,15,1077,0,0,0,0,4,1559.52,0,0
3479.76,20,1362,0,0,1,0,1,1266.73,0,0
1706.95,9,153,0,0,0,0,1,1008.23,0,0
1864.01,18,1089,0,0,0,0,4,2235.08,0,0
1541.63,22,432,0,0,0,1,4,2868.69,0,0
7745.54,4,32,1,1,5,3,7,1838.25,1,1
2374.38,22,293,0,0,1,1,6,2382.91,0,0
1584.43,14,380,0,0,0,3,1,1005.06,0,0
8297.72,4,175,1,1,3,1,13,1654.34,0,1
10264.34,0,91,0,1,4,4,7,1883.21,0,1
1453.39,19,306,0,0,0,1,2,1616.25,0,0
6178.55,2,192,1,1,4,3,6,3329.45,1,1
1908.96,7,117,1,1,2,3,6,2183.33,1,1
3615.55,1,107,1,1,5,2,7,1193.95,1,1
1466.34,17,1143,0,0,0,2,4,2591.07,0,0
2240.89,4,186,1,1,1,2,4,1508.16,0,1
3435.8,19,63,0,0,0,0,3,3322.53,0,0
5687.79,10,1007,0,0,1,0,2,1670.81,0,0
9884.55,2,248,1,1,2,4,10,1752.87,1,1
3947.78,0,111,1,1,3,6,8,920.29,1,1
3415.09,17,1493,0,0,1,0,2,1400.47,0,0
5839.25,2,32,1,1,4,2,5,1430.45,1,1
5060.93,0,223,1,1,3,2,10,1709.37,1,1
10381.28,21,39,1,1,2,4,13,1350.66,0,1
6393.47,0,35,1,0,5,3,9,1123.08,1,1
4254.46,14,991,0,0,1,2,1,2960.74,0,0
1405.33,20,1154,0,0,0,0,6,1568.46,0,0
4529.84,9,703,0,0,0,1,3,2257.81,0,0
5007.37,2,220,1,1,3,6,7,1281.0,1,1
1210.11,9,82,0,0,0,2,2,2354.19,0,0
2267.63,15,1428,0,1,0,0,2,1454.85,0,0
23517.78,1,135,1,1,1,3,10,2483.15,1,1
3898.52,1,151,1,1,3,2,7,1025.26,1,1
2672.69,9,559,0,0,1,1,2,2112.89,0,0
4790.29,2,53,0,1,3,2,7,1534.26,1,1
5677.96,8,228,0,1,3,3,10,1440.65,1,1
1397.17,19,1033,0,1,0,0,4,1319.35,0,0
5186.21,21,201,1,1,5,1,4,1263.76,1,1
7052.27,1,146,0,1,3,4,14,1900.07,1,1
1796.68,21,72,1,1,1,0,3,934.68,0,0
2269.82,22,164,0,0,1,0,3,1363.33,0,0
1328.16,8,165,0,0,1,0,3,1943.34,0,0
10140.4,4,17,1,1,3,6,12,1189.62,1,1
1003.45,21,702,0,0,1,0,4,1364.89,0,0
3360.95,14,354,0,0,0,0,3,1180.52,0,0
2572.95,10,742,0,0,1,0,3,1130.96,0,0
7146.21,2,224,0,1,2,2,11,1711.13,1,1
1786.52,12,800,0,0,0,0,2,2189.01,1,0
7324.41,6,117,1,1,4,8,5,1195.24,0,1
5859.29,0,248,0,1,3,5,8,1883.73,0,1
1617.92,18,730,0,0,0,0,3,2849.93,0,0
3379.85,2,176,1,1,5,7,5,1633.03,0,1
2555.92,2,188,1,1,5,3,11,2394.91,1,1
1930.09,15,1289,0,0,0,1,3,2418.45,0,0
1246.85,20,494,0,1,1,1,4,1576.53,0,0
2717.52,5,160,0,1,4,7,9,1265.9,1,1
1815.07,16,800,0,0,0,0,2,2423.53,0,0
4047.87,11,44,0,1,3,3,8,1459.94,1,1
1693.24,9,1279,0,0,0,0,1,3038.46,0,0
1363.93,10,973,0,0,0,0,3,2102.16,0,0
1707.39,14,206,0,0,0,0,5,866.23,1,0
759.44,13,874,0,0,0,1,1,1886.49,0,0
4232.92,20,11,1,1,4,3,10,1457.94,1,1
1200.94,17,1229,0,0,0,2,4,1449.69,0,0
2097.48,16,606,0,0,2,0,6,1506.16,0,0
1697.51,3,50,0,0,5,1,8,2857.85,0,1
4561.31,5,28,0,1,5,3,1,1425.79,1,1
1635.94,14,225,0,0,0,2,2,1168.23,0,0
1840.32,10,1308,0,0,1,0,1,1916.21,0,0
10345.12,5,236,1,1,2,2,5,1826.02,1,1
5307.31,1,79,1,1,4,5,5,2403.5,1,1
6442.16,5,47,1,1,4,1,9,2183.22,0,1
1554.36,16,455,0,0,0,0,2,1322.59,0,0
1521.71,19,1318,0,0,0,0,1,1331.53,0,0
13877.09,2,213,1,1,1,2,11,1662.19,1,1
2830.38,10,1485,0,0,2,1,1,1798.07,0,0
11003.58,4,187,1,1,5,3,16,2398.77,1,1
5934.33,1,146,1,0,3,2,12,1206.21,1,1
2734.85,15,385,0,0,0,0,4,1854.45,0,0
8418.03,2,220,1,1,5,2,9,1560.87,1,1
4354.81,13,175,1,1,2,4,6,1803.52,0,1
7537.56,11,145,1,1,1,2,4,1975.86,1,1
1231.43,17,1080,1,0,1,0,3,1222.64,0,0
1348.55,9,1312,0,0,0,2,1,2112.71,0,0
5629.5,3,94,1,1,3,3,10,2258.31,0,1
1806.88,17,693,0,0,0,1,4,1727.35,0,0
5982.71,14,139,1,1,3,3,4,1645.92,1,1
3108.53,16,1461,0,1,0,1,4,2792.41,0,0
2317.05,9,544,0,1,0,2,6,2478.14,0,0
1837.59,15,939,0,0,0,0,2,2324.31,0,0
2220.28,16,606,0,0,1,0,1,1118.45,0,0
1556.74,22,1168,0,1,0,0,2,2624.57,0,0
3610.05,5,40,1,1,3,1,10,2270.9,1,1
10401.93,6,194,1,1,3,4,6,1551.77,1,1
3146.14,21,403,0,0,1,0,4,1720.7,0,0
3247.54,2,167,1,1,4,4,6,1965.93,1,1
1488.7,22,807,0,0,0,0,2,1841.41,0,0
2589.16,15,317,0,0,0,1,3,2409.12,0,0
7264.0,4,9,1,0,4,3,3,3174.82,1,1
4189.66,3,66,0,1,5,6,5,2065.34,0,1
24910.47,0,225,1,1,5,7,12,1990.0,1,1
2448.73,8,1459,0,0,0,1,0,1740.07,0,0
5314.92,1,121,1,1,4,6,8,2702.25,1,1
4809.65,23,165,1,1,4,2,6,1026.83,0,1
1229.94,10,531,0,1,0,1,1,1880.88,0,0
1788.84,11,404,0,0,0,0,4,2787.72,0,0
1747.07,20,779,0,0,0,0,3,1979.67,0,0
11029.97,15,41,1,1,3,5,10,1578.89,1,1
3077.68,14,1014,0,0,0,0,1,1851.0,0,0
1373.33,20,1276,0,0,0,0,2,829.31,0,0
7211.77,0,82,1,1,3,2,9,983.5,1,1
1562.77,14,558,0,0,1,0,4,1086.99,0,0
2635.05,11,284,0,0,0,1,3,1939.77,0,0
6384.52,1,33,1,1,5,5,13,2000.21,1,1
4440.24,0,73,1,1,5,6,6,1318.08,1,1
3477.06,10,1429,0,1,0,0,3,1490.3,0,0
6912.07,22,149,1,1,4,2,9,2461.33,1,1
2592.8,5,208,1,1,5,3,7,1464.35,1,1
1520.87,19,1468,1,0,0,0,5,1361.31,0,0
3337.96,9,92,1,1,3,2,8,2817.1,0,1
4504.62,10,1027,0,0,0,1,3,1093.22,0,0
6493.35,5,32,1,1,1,2,6,2212.41,1,1
1424.63,16,608,0,0,0,3,1,2423.8,0,0
2003.04,10,726,0,0,0,1,6,1912.46,0,0
5057.57,16,249,1,1,4,1,9,1619.33,0,1
3922.56,14,871,0,0,0,0,1,1848.99,0,0
3070.24,19,456,0,0,0,0,3,1567.75,0,0
7169.97,17,189,1,1,3,2,5,1754.05,1,1
5590.39,2,72,0,1,3,4,8,1255.41,1,1
3770.26,0,74,1,1,4,2,16,1316.33,1,1
2714.41,14,750,1,0,0,1,7,1036.34,0,0
1168.55,14,651,0,0,0,1,5,1641.4,0,0
4187.29,17,363,0,0,0,0,2,2462.45,0,0
4597.73,10,87,0,1,3,6,5,1272.56,0,1
6656.54,1,240,1,1,5,5,8,3897.29,0,1
2308.53,16,611,0,0,0,0,2,1523.44,0,0
12609.12,1,37,1,1,3,3,4,1326.28,1,1
1506.19,22,1107,1,0,2,0,2,1260.12,0,0
4171.28,2,192,1,1,1,1,7,3434.05,0,1
1361.55,15,775,0,0,0,0,6,2994.61,1,0
1831.56,3,79,1,1,2,4,5,1739.02,1,1
3818.63,7,221,1,0,4,5,5,3364.19,1,1
1919.69,10,979,0,0,0,1,1,2414.07,0,0
2144.66,8,1184,0,1,2,0,4,1721.41,0,0
5004.57,4,67,1,1,3,4,4,2089.88,1,1
4228.13,1,192,1,1,2,5,11,3148.27,0,1
4022.65,15,36,1,1,4,3,12,1950.15,0,1
2235.4,12,1234,0,0,0,0,2,1389.41,0,0
6508.55,1,106,1,1,1,1,7,1722.78,1,1
3869.88,3,160,0,1,3,5,11,1307.35,1,1
3630.83,0,174,1,1,2,4,8,2412.59,1,1
2289.18,18,155,1,1,3,1,11,1630.85,0,1
3265.58,17,882,0,0,0,0,4,1874.2,0,0
3340.97,21,961,0,0,0,0,2,1189.8,0,0
1681.1,15,890,0,0,0,1,3,1499.97,0,0
1454.07,11,230,0,0,0,1,6,1087.96,0,0
1401.09,18,83,1,0,0,0,2,1477.51,1,0
2200.79,4,25,0,1,4,7,6,1220.15,0,1
1421.66,18,635,0,0,0,0,4,1501.66,0,0
2936.12,22,929,0,0,0,1,2,838.85,0,0
7639.73,1,15,1,1,5,2,7,3433.49,0,1
16483.21,7,101,1,1,5,2,3,1317.42,1,1
1205.98,14,286,0,1,0,0,3,1345.24,0,0
3927.13,20,61,0,1,4,0,8,2533.3,1,1
2866.58,16,958,0,0,0,0,4,3402.37,1,0
2350.08,21,570,0,0,0,1,4,1503.84,1,0
7624.07,2,218,0,0,4,6,8,1685.42,1,1
2138.49,18,1444,0,0,0,1,2,1232.84,0,0
2771.64,20,1119,0,0,0,1,1,1816.96,0,0
982.55,13,326,0,0,0,1,4,1565.22,0,0
5881.59,0,243,1,0,4,5,11,1257.82,0,1
1502.52,9,587,0,0,0,0,4,1919.4,1,0
2946.38,17,147,1,0,5,4,10,2059.94,1,1
7553.74,2,184,1,1,5,0,7,1734.88,1,1
5709.2,3,148,0,1,4,2,8,1303.68,0,1
6308.28,2,19,1,1,1,3,3,1904.2,1,1
2019.19,11,1121,0,0,0,1,2,1607.46,0,0
6764.02,16,121,1,1,4,1,8,1536.65,1,1
12750.19,10,94,1,1,3,2,11,1466.25,1,1
1150.1,21,666,1,0,0,0,3,1867.67,0,0
2143.25,18,777,0,0,0,0,1,1432.31,0,0
1264.47,15,503,0,0,0,1,1,2137.29,0,0
1999.56,2,195,0,1,3,1,9,1862.07,1,1
3554.39,22,1130,0,0,0,1,2,1877.58,0,0
1680.27,10,1123,0,0,0,1,5,1192.15,0,0
2602.65,18,1099,0,0,0,0,2,1049.98,0,0
11384.78,5,189,1,1,4,0,4,2664.43,0,1
3356.37,18,152,1,1,1,5,11,2943.95,1,1
3256.07,13,1320,0,0,0,0,2,1001.13,1,0
746.08,9,746,0,0,0,0,1,903.97,1,0
647.39,17,1369,0,0,0,0,1,1433.68,0,0
4240.77,4,47,1,1,4,1,11,2292.54,0,1
5214.06,2,234,1,1,1,2,9,2127.38,1,1
1110.32,19,1301,0,0,0,0,6,1767.25,0,0
890.43,10,1310,0,0,0,2,3,793.04,0,0
3790.03,15,1454,0,0,1,0,2,1494.58,0,0
13222.37,1,213,1,1,5,2,9,2346.42,1,1
5311.2,18,180,1,0,3,3,17,1002.67,0,1
2030.84,22,556,0,0,2,2,3,1779.8,0,0
9163.91,1,157,1,1,4,3,7,1143.91,1,1
1301.27,21,432,0,1,1,0,2,1852.69,0,0
14206.78,0,93,1,0,4,1,4,1883.68,1,1
4870.91,1,190,1,1,5,3,16,1247.0,1,1
2095.39,22,1460,0,0,0,0,1,2072.5,0,0
7230.59,14,208,1,1,3,7,9,1792.06,1,1
5394.12,3,30,1,0,3,4,6,1875.87,0,1
3282.21,19,337,0,0,0,1,3,1489.97,0,0
2064.53,4,157,1,1,5,3,4,1494.58,1,1
1454.7,11,1040,0,0,1,0,5,1304.93,0,0
1858.5,16,954,0,0,0,1,0,2036.55,0,0
1566.13,21,845,0,0,0,3,7,1981.78,0,0
10179.62,1,59,1,1,2,2,12,2841.68,1,1
3804.3,11,185,0,0,0,2,6,1099.78,0,0
3577.18,12,692,0,0,0,0,1,1971.86,0,0
3159.2,18,1157,0,0,0,0,2,2004.37,0,0
768.03,19,164,1,0,0,1,4,1834.66,0,0
2961.26,18,330,0,0,1,2,1,1862.25,0,0
2025.52,9,426,0,0,0,1,1,2195.61,0,0
5313.26,5,120,1,1,3,2,12,2734.14,1,1
7232.87,4,112,1,1,1,2,5,2137.27,0,1
6069.56,3,34,1,1,1,4,9,3572.42,0,1
7124.19,1,243,1,0,3,2,8,1375.23,1,1
9039.4,8,222,1,0,1,5,10,2299.65,1,1
3356.52,3,146,0,1,4,0,8,1362.11,0,1
2820.63,18,518,1,0,0,0,5,2630.11,0,0
19041.12,5,204,0,1,4,7,9,2121.29,1,1
1882.54,17,1312,0,1,0,0,2,1878.58,0,0
5501.5,16,84,0,1,5,4,5,2428.37,1,1
6632.71,5,162,1,1,5,3,4,1699.37,1,1
1526.15,12,392,0,0,0,0,3,1881.68,0,0
4638.4,2,65,1,1,5,1,9,2973.51,0,1
3792.88,4,241,1,1,3,7,12,1666.66,0,1
5679.5,3,35,0,0,4,5,9,1563.91,0,1
2684.84,14,990,0,0,0,0,3,2025.45,0,0
3648.12,5,27,1,1,5,2,5,1097.37,0,1
1692.78,15,820,0,0,0,2,8,1094.02,0,0
27827.29,3,116,0,1,1,3,4,2450.19,1,1
3134.24,20,556,1,0,1,1,4,2164.34,0,0
1851.31,12,1418,0,1,1,0,3,1565.65,0,0
1436.89,16,962,0,0,0,1,0,1905.75,0,0
3553.55,0,21,0,1,5,3,5,1616.49,1,1
3314.85,22,104,1,1,4,3,9,1362.24,1,1
6469.48,22,68,1,1,3,1,3,1454.2,0,1
3540.66,17,1018,0,0,0,2,7,1581.48,0,0
4112.46,3,97,0,1,4,2,8,1615.06,1,1
18327.26,23,225,1,1,3,2,9,923.85,1,1
4303.48,4,181,1,1,5,4,9,1776.68,1,1
4221.45,5,4,1,1,3,2,8,2200.61,1,1
2521.65,9,940,0,0,1,2,6,2766.42,0,0
8044.83,0,187,1,1,4,3,10,3983.0,1,1
773.93,21,165,0,0,0,1,4,1923.75,0,0
1065.87,11,706,0,0,0,0,4,1484.98,0,0
5894.6,5,63,1,1,3,0,6,1891.81,1,1
9331.97,1,3,1,1,3,1,11,1243.07,1,1
1296.44,11,259,0,0,0,0,2,1531.62,0,0
7030.19,17,89,1,0,5,3,3,1703.64,1,1
2752.08,21,1115,0,0,2,1,5,1843.44,0,0
2186.59,13,997,0,0,0,1,4,1832.66,0,0
5940.53,5,30,1,0,5,2,7,2888.33,1,1
12906.35,5,4,1,1,2,3,16,3263.12,1,1
7378.4,3,204,0,1,2,6,5,1857.78,1,1
4781.49,3,133,1,1,1,4,5,1091.47,0,1
2718.47,18,1298,0,0,0,0,3,1187.56,0,0
3992.87,4,108,0,1,3,5,9,1548.88,1,1
9486.07,0,81,1,1,2,2,7,924.11,1,1
9316.98,6,11,1,1,3,2,11,3144.75,1,1
4061.34,22,451,0,0,0,1,1,1935.92,0,0
7668.53,5,66,0,1,3,3,6,3167.71,1,1
1945.76,11,1043,0,0,1,2,2,1588.03,0,0
1422.77,15,923,0,1,2,0,2,924.93,0,0
1065.63,18,417,0,0,0,1,1,1476.77,0,0
2957.34,4,112,1,1,3,2,4,2827.53,0,1
26228.91,7,101,0,1,4,2,9,2409.05,1,1
2495.55,18,168,0,0,0,1,5,1269.36,0,0
2881.8,15,895,0,0,0,0,2,977.92,0,0
961.75,16,1364,0,0,0,0,1,3424.89,0,0
5015.77,4,32,1,1,3,3,6,2455.04,1,1
3808.6,11,1308,0,0,0,1,7,1087.82,0,0
3492.69,14,620,0,0,0,0,4,3443.97,0,0
2943.06,21,303,0,0,0,0,7,1729.54,0,0
2093.68,16,786,0,0,0,0,6,1423.8,1,0
7105.76,2,96,1,0,3,1,5,1637.68,0,1
4644.74,0,116,1,1,3,1,10,2881.04,1,1
4260.19,4,190,0,1,3,3,12,1625.25,1,1
1031.93,16,974,0,0,0,0,2,3262.43,0,0
1129.17,15,498,0,0,0,1,3,1859.19,0,0
2406.7,13,1193,0,0,0,0,2,2710.53,0,0
1085.42,16,1466,0,0,0,0,4,1160.62,0,0
2821.14,2,248,1,1,4,2,7,1846.88,0,1
4470.07,12,718,0,0,1,0,1,2726.09,1,0
13768.35,1,112,1,1,3,5,9,2043.31,0,1
1636.49,12,1150,0,0,0,0,1,3423.03,0,0
1491.84,17,796,0,0,2,1,4,2835.57,0,0
2389.01,22,1018,0,0,0,1,5,1293.17,0,0
4631.54,1,161,0,1,4,3,5,1046.46,1,1
1762.36,19,1150,0,1,0,2,3,1980.92,0,0
2116.93,18,1354,0,0,0,0,3,1349.97,0,0
2850.05,10,1497,0,0,0,0,2,1749.76,0,0
2018.18,9,1433,0,0,0,1,2,1638.27,0,0
1629.56,15,368,0,0,0,3,2,2321.09,0,0
3180.34,0,45,1,1,2,7,6,1954.62,1,1
6245.2,13,375,0,0,0,1,3,1637.75,0,0
2597.12,9,576,0,0,0,1,3,2018.68,0,0
6552.27,21,201,0,1,2,2,7,2951.05,0,1
4046.93,3,171,1,1,3,7,9,2356.99,1,1
6738.67,23,59,0,1,4,2,8,1390.68,1,1
1544.94,13,145,0,0,1,3,2,2255.38,0,0
5462.69,21,19,1,1,4,4,8,938.88,0,1
682.16,9,1197,0,0,0,0,2,971.21,0,0
2732.03,18,339,0,0,0,0,4,1275.01,0,0
540.64,8,236,0,0,0,0,5,1304.04,0,0
6304.2,0,167,1,1,5,2,8,1660.04,1,1
1646.18,20,559,0,0,0,0,7,1417.98,0,0
4664.94,3,215,1,0,2,3,12,1854.12,0,1
3042.18,4,40,1,1,2,2,9,2059.33,1,1
6159.85,4,191,0,1,2,2,10,1754.84,1,1
1826.64,14,841,0,0,1,0,1,2440.51,1,0
7791.78,14,43,0,1,4,5,12,1667.44,1,1
3640.16,5,101,1,1,2,4,6,1057.5,1,1
2791.57,16,836,0,0,0,0,5,2329.52,0,0
3342.28,5,54,1,0,5,3,11,1621.73,0,1
13427.4,0,149,1,1,2,3,13,2363.54,1,1
2057.73,17,1420,0,0,0,0,5,3598.38,0,0
3631.29,4,38,1,1,1,3,11,2116.59,1,1
4230.82,4,141,1,0,2,3,5,1520.33,1,1
3789.49,8,685,0,0,1,0,3,1766.14,0,0
2731.72,22,435,0,0,0,0,2,2616.4,0,0
2668.17,9,329,0,0,0,1,5,1511.11,0,0
6221.52,14,219,0,1,3,1,9,1815.42,1,1
3322.98,4,28,1,1,5,5,8,1260.25,1,1
1331.61,20,1465,0,0,0,1,5,1136.09,0,0
1750.99,17,711,0,0,1,2,2,2972.5,0,0
1096.56,14,1094,0,0,0,1,1,2132.59,0,0
9060.5,10,38,1,1,4,2,7,1787.44,1,1
1011.53,8,935,0,1,0,2,5,2179.57,0,0
1191.47,8,200,0,0,0,0,3,2280.57,0,0
8945.03,21,37,1,1,4,2,3,919.85,1,1
5895.87,4,86,0,1,3,2,9,2718.93,1,1
1285.62,19,941,0,0,1,1,4,1564.4,0,0
2107.96,9,1148,0,0,1,0,4,2508.22,0,0
2996.97,1,133,1,1,4,3,11,2087.1,1,1
8753.45,5,131,1,1,2,3,5,1883.91,1,1
1198.99,14,281,0,0,1,1,6,1442.99,0,0
2342.39,15,991,0,0,0,0,3,1518.24,0,0
3484.49,14,1061,0,0,2,1,0,1889.88,0,0
1849.08,13,458,0,0,1,2,3,2007.15,1,0
4521.07,9,102,0,0,0,0,8,3138.73,0,0
3413.04,16,1258,0,0,0,3,2,1308.06,0,0
4511.28,10,370,0,0,0,1,4,3114.73,1,0
16491.01,14,158,0,1,4,3,4,2926.74,0,1
3508.34,2,103,1,1,1,4,7,3996.13,1,1
6448.39,4,177,1,1,5,5,7,1299.14,1,1
2341.55,18,854,0,0,0,1,1,1672.6,0,0
8925.33,1,217,1,1,3,3,9,3706.42,1,1
2129.72,8,231,0,0,0,0,2,1756.46,0,0
3553.13,9,229,1,0,3,2,6,1940.74,1,1
13169.86,1,197,1,1,3,2,10,2157.85,1,1
1459.96,13,828,0,0,0,0,3,2377.43,1,0
2191.23,17,1033,1,0,1,0,3,1633.58,0,0
10650.09,3,107,0,1,3,1,4,3369.4,0,1
